--============================================================================
-- SBerp 샘플(seed) 데이터 INSERT 스크립트 (v3 - ddl_oracle.sql 최종 DDL 기준)
--
-- [v2(oracle_sql.md) 대비 이번 ddl_oracle.sql 반영 변경분]
-- 1) DEPARTMENT   : DEPT_STATUS VARCHAR2(100) 컬럼 추가
--                   CHECK(dept_status IN ('ACTIVE','PENDING_DELETE','DELETED'))
--                   -> 시드 데이터는 전 부서 'ACTIVE'로 등록
-- 2) 자원 테이블  : 테이블명이 RESOURCE 에서 COM_RESOURCE 로 환원됨
--                   (PK/시퀀스/트리거명도 COM_RESOURCE 기준: seq_com_resource 등)
--                   RESERVATION.RES_ID FK 도 COM_RESOURCE(res_id) 참조로 맞춤
-- 3) APPR_DOC     : doc_status CHECK 범위에 'WAI' 가 추가됨 (ING/APP/REJ/CAN/WAI)
--                   -> 기존 ING/APP/REJ/CAN 값 그대로도 유효하므로 로직은 변경 없음
-- 4) APPR_DOC     : FK가 (for_id, for_version) 복합키로 APPR_FORM을 참조하도록 명시됨
--                   -> 본 스크립트는 모든 APPR_FORM 행을 for_version=1 로 통일 생성하고,
--                      APPR_DOC.for_version 도 항상 1로 채워 FK 정합성을 보장함
--
-- [실행 전제]
-- - ddl_oracle.sql 로 테이블/시퀀스/트리거가 먼저 생성되어 있어야 함
-- - 모든 PK는 시퀀스가 아닌 명시적 값으로 INSERT (참조 무결성을 예측 가능하게 하기 위함)
--   -> 스크립트 마지막에 각 시퀀스를 다음 채번값으로 RESTART 하여, 이후 애플리케이션에서
--      발생하는 INSERT(트리거 자동채번)와 충돌하지 않도록 처리함
--
-- [요구사항 최우선 반영 - 변함없이 유지]
-- - COM_ID = 1 : 본 시스템을 운영하는 회사 (㈜에스비이알피)
--   * COM_ID = 2, 3 은 제공된 샘플 데이터(한빛전자/미래물류)와 최대한 동일하게 구성
-- - EMPLOYEE.EMP_ID 1~10 : 시스템 계정 (COM_ID=1 소속)
--   * 비밀번호(EMP_PASS) = BCrypt('1234')  (모든 시스템 계정 동일 원문 비밀번호, salt는 각기 다름)
--   * EMP_ID = 1 은 admin@sberp.co.kr 계정
-- - 그 외 일반 직원(EMP_ID 11~) : 초기 비밀번호(EMP_PASS) = BCrypt(EMP_NO)
-- - AUTHORITY : COM_ID=1의 AUT_NAME='ROOT' = 시스템 관리자 권한
--   * EMP_ID 1~10(시스템 계정)은 모두 EMP_AUTH를 통해 ROOT 권한과 매핑됨
-- - 업무 데이터(DEPARTMENT, EMP_POSITION, EMPLOYEE, AUTHORITY, APPR_*, PROJECT*,
--   TASK, NOTICE, COM_RESOURCE, RESERVATION)는 COM_ID 1~20 (20개 회사)에 집중 생성
--   (COMPANY 자체는 요건대로 100건 모두 생성)
--
-- [테이블별 최소 100건 충족 여부]
--   COMPANY 100 / EMP_POSITION 100 / DEPARTMENT 100 / EMPLOYEE 130 /
--   AUTHORITY 100 / EMP_AUTH 130 / APPR_FORM 100 / APPR_DOC 110 /
--   APPR_LINE 220 / PROJECT 100 / PROJECT_MEMBER 312 / TASK 148 /
--   NOTICE 100 / COM_RESOURCE 100 / RESERVATION 100
--============================================================================

--------------------------------------------------------------------------
-- 1. COMPANY (100건) : COM_ID=1 은 본 시스템을 운영하는 회사(요구사항 최우선 반영)
--------------------------------------------------------------------------
INSERT INTO company (com_id, industry_grp_code, industry_code, com_name, com_ceo, biz_no, com_tel, com_logo, created_at, updated_at) VALUES (1, 'J', '62010', '㈜에스비이알피', '김선주', '111-11-11111', '02-1234-5678', '/images/company/sberp_logo.png', DATE '2019-01-02', DATE '2019-01-02');
INSERT INTO company (com_id, industry_grp_code, industry_code, com_name, com_ceo, biz_no, com_tel, com_logo, created_at, updated_at) VALUES (2, 'C', '26121', '㈜한빛전자', '이한빛', '222-22-22222', '031-222-3333', '/images/company/hanbit_logo.png', DATE '2019-01-02', DATE '2019-01-02');
INSERT INTO company (com_id, industry_grp_code, industry_code, com_name, com_ceo, biz_no, com_tel, com_logo, created_at, updated_at) VALUES (3, 'H', '52913', '㈜미래물류', '박미래', '333-33-33333', '02-333-4444', '/images/company/mirae_logo.png', DATE '2019-01-02', DATE '2019-01-02');
INSERT INTO company (com_id, industry_grp_code, industry_code, com_name, com_ceo, biz_no, com_tel, com_logo, created_at, updated_at) VALUES (4, 'C', '26121', '㈜새한산업004', '조민준', '696-17-76510', '051-296-6991', '/images/company/com004_logo.png', DATE '2019-01-02', DATE '2019-01-02');
INSERT INTO company (com_id, industry_grp_code, industry_code, com_name, com_ceo, biz_no, com_tel, com_logo, created_at, updated_at) VALUES (5, 'I', '56111', '㈜삼진상사005', '이은우', '664-64-17747', '02-446-2486', '/images/company/com005_logo.png', DATE '2019-01-02', DATE '2019-01-02');
INSERT INTO company (com_id, industry_grp_code, industry_code, com_name, com_ceo, biz_no, com_tel, com_logo, created_at, updated_at) VALUES (6, 'J', '62010', '㈜새롬건설006', '이하윤', '150-38-16105', '051-799-7499', '/images/company/com006_logo.png', DATE '2019-01-02', DATE '2019-01-02');
INSERT INTO company (com_id, industry_grp_code, industry_code, com_name, com_ceo, biz_no, com_tel, com_logo, created_at, updated_at) VALUES (7, 'H', '52913', '㈜다온산업007', '정은우', '673-97-33688', '051-320-6054', '/images/company/com007_logo.png', DATE '2019-01-02', DATE '2019-01-02');
INSERT INTO company (com_id, industry_grp_code, industry_code, com_name, com_ceo, biz_no, com_tel, com_logo, created_at, updated_at) VALUES (8, 'M', '71531', '㈜동양건설008', '임하윤', '677-17-91134', '02-760-2028', '/images/company/com008_logo.png', DATE '2019-01-02', DATE '2019-01-02');
INSERT INTO company (com_id, industry_grp_code, industry_code, com_name, com_ceo, biz_no, com_tel, com_logo, created_at, updated_at) VALUES (9, 'M', '71531', '㈜삼진F&B009', '장은우', '470-48-42561', '042-799-8424', '/images/company/com009_logo.png', DATE '2019-01-02', DATE '2019-01-02');
INSERT INTO company (com_id, industry_grp_code, industry_code, com_name, com_ceo, biz_no, com_tel, com_logo, created_at, updated_at) VALUES (10, 'F', '41221', '㈜온새미산업010', '최서연', '846-67-47740', '051-706-6627', '/images/company/com010_logo.png', DATE '2019-01-02', DATE '2019-01-02');
INSERT INTO company (com_id, industry_grp_code, industry_code, com_name, com_ceo, biz_no, com_tel, com_logo, created_at, updated_at) VALUES (11, 'I', '56111', '㈜경인물산011', '이지민', '255-72-65272', '031-975-6604', '/images/company/com011_logo.png', DATE '2019-01-02', DATE '2019-01-02');
INSERT INTO company (com_id, industry_grp_code, industry_code, com_name, com_ceo, biz_no, com_tel, com_logo, created_at, updated_at) VALUES (12, 'M', '71531', '㈜한빛물산012', '장예린', '708-73-86008', '032-911-6737', '/images/company/com012_logo.png', DATE '2019-01-02', DATE '2019-01-02');
INSERT INTO company (com_id, industry_grp_code, industry_code, com_name, com_ceo, biz_no, com_tel, com_logo, created_at, updated_at) VALUES (13, 'F', '41221', '㈜온새미F&B013', '이서연', '162-99-50580', '042-913-2064', '/images/company/com013_logo.png', DATE '2019-01-02', DATE '2019-01-02');
INSERT INTO company (com_id, industry_grp_code, industry_code, com_name, com_ceo, biz_no, com_tel, com_logo, created_at, updated_at) VALUES (14, 'I', '56111', '㈜성원건설014', '윤지호', '572-55-32026', '052-555-1369', '/images/company/com014_logo.png', DATE '2019-01-02', DATE '2019-01-02');
INSERT INTO company (com_id, industry_grp_code, industry_code, com_name, com_ceo, biz_no, com_tel, com_logo, created_at, updated_at) VALUES (15, 'G', '46209', '㈜경인물산015', '윤민준', '507-60-75078', '032-332-5056', '/images/company/com015_logo.png', DATE '2019-01-02', DATE '2019-01-02');
INSERT INTO company (com_id, industry_grp_code, industry_code, com_name, com_ceo, biz_no, com_tel, com_logo, created_at, updated_at) VALUES (16, 'F', '41221', '㈜서울산업016', '윤은우', '823-63-57024', '031-640-5561', '/images/company/com016_logo.png', DATE '2019-01-02', DATE '2019-01-02');
INSERT INTO company (com_id, industry_grp_code, industry_code, com_name, com_ceo, biz_no, com_tel, com_logo, created_at, updated_at) VALUES (17, 'C', '26121', '㈜일신ENC017', '최도윤', '774-39-11581', '031-354-4800', '/images/company/com017_logo.png', DATE '2019-01-02', DATE '2019-01-02');
INSERT INTO company (com_id, industry_grp_code, industry_code, com_name, com_ceo, biz_no, com_tel, com_logo, created_at, updated_at) VALUES (18, 'F', '41221', '㈜동북건설018', '박지호', '647-57-89929', '02-349-7864', '/images/company/com018_logo.png', DATE '2019-01-02', DATE '2019-01-02');
INSERT INTO company (com_id, industry_grp_code, industry_code, com_name, com_ceo, biz_no, com_tel, com_logo, created_at, updated_at) VALUES (19, 'J', '62010', '㈜한솔솔루션즈019', '박지민', '507-61-61658', '042-998-7428', '/images/company/com019_logo.png', DATE '2019-01-02', DATE '2019-01-02');
INSERT INTO company (com_id, industry_grp_code, industry_code, com_name, com_ceo, biz_no, com_tel, com_logo, created_at, updated_at) VALUES (20, 'G', '46209', '㈜동양F&B020', '조민준', '266-24-54571', '02-413-8219', '/images/company/com020_logo.png', DATE '2019-01-02', DATE '2019-01-02');
INSERT INTO company (com_id, industry_grp_code, industry_code, com_name, com_ceo, biz_no, com_tel, com_logo, created_at, updated_at) VALUES (21, 'H', '52913', '㈜경인상사021', '이민준', '728-13-19216', '051-303-6957', '/images/company/com021_logo.png', DATE '2019-01-02', DATE '2019-01-02');
INSERT INTO company (com_id, industry_grp_code, industry_code, com_name, com_ceo, biz_no, com_tel, com_logo, created_at, updated_at) VALUES (22, 'H', '52913', '㈜다우테크022', '임은우', '716-56-72147', '052-458-6691', '/images/company/com022_logo.png', DATE '2019-01-02', DATE '2019-01-02');
INSERT INTO company (com_id, industry_grp_code, industry_code, com_name, com_ceo, biz_no, com_tel, com_logo, created_at, updated_at) VALUES (23, 'K', '64201', '㈜동양물산023', '윤서준', '247-23-54909', '042-519-2407', '/images/company/com023_logo.png', DATE '2019-01-02', DATE '2019-01-02');
INSERT INTO company (com_id, industry_grp_code, industry_code, com_name, com_ceo, biz_no, com_tel, com_logo, created_at, updated_at) VALUES (24, 'J', '62010', '㈜코스모시스템즈024', '윤도윤', '250-98-81194', '031-740-6926', '/images/company/com024_logo.png', DATE '2019-01-02', DATE '2019-01-02');
INSERT INTO company (com_id, industry_grp_code, industry_code, com_name, com_ceo, biz_no, com_tel, com_logo, created_at, updated_at) VALUES (25, 'C', '26121', '㈜청우상사025', '장지호', '475-31-56621', '052-467-9493', '/images/company/com025_logo.png', DATE '2019-01-02', DATE '2019-01-02');
INSERT INTO company (com_id, industry_grp_code, industry_code, com_name, com_ceo, biz_no, com_tel, com_logo, created_at, updated_at) VALUES (26, 'M', '71531', '㈜빛나테크026', '장지민', '925-40-62518', '052-428-4197', '/images/company/com026_logo.png', DATE '2019-01-02', DATE '2019-01-02');
INSERT INTO company (com_id, industry_grp_code, industry_code, com_name, com_ceo, biz_no, com_tel, com_logo, created_at, updated_at) VALUES (27, 'K', '64201', '㈜코스모테크027', '최지민', '128-45-71897', '032-948-1474', '/images/company/com027_logo.png', DATE '2019-01-02', DATE '2019-01-02');
INSERT INTO company (com_id, industry_grp_code, industry_code, com_name, com_ceo, biz_no, com_tel, com_logo, created_at, updated_at) VALUES (28, 'K', '64201', '㈜글로벌테크028', '임수아', '182-38-23389', '052-557-6974', '/images/company/com028_logo.png', DATE '2019-01-02', DATE '2019-01-02');
INSERT INTO company (com_id, industry_grp_code, industry_code, com_name, com_ceo, biz_no, com_tel, com_logo, created_at, updated_at) VALUES (29, 'G', '46209', '㈜우리F&B029', '최수아', '590-93-55089', '042-839-1031', '/images/company/com029_logo.png', DATE '2019-01-02', DATE '2019-01-02');
INSERT INTO company (com_id, industry_grp_code, industry_code, com_name, com_ceo, biz_no, com_tel, com_logo, created_at, updated_at) VALUES (30, 'G', '46209', '㈜온새미물산030', '이은우', '908-91-53583', '042-382-8109', '/images/company/com030_logo.png', DATE '2019-01-02', DATE '2019-01-02');
INSERT INTO company (com_id, industry_grp_code, industry_code, com_name, com_ceo, biz_no, com_tel, com_logo, created_at, updated_at) VALUES (31, 'C', '26121', '㈜서울ENC031', '윤은우', '230-13-29811', '052-362-3785', '/images/company/com031_logo.png', DATE '2019-01-02', DATE '2019-01-02');
INSERT INTO company (com_id, industry_grp_code, industry_code, com_name, com_ceo, biz_no, com_tel, com_logo, created_at, updated_at) VALUES (32, 'K', '64201', '㈜한솔F&B032', '박예린', '661-80-27168', '052-558-3554', '/images/company/com032_logo.png', DATE '2019-01-02', DATE '2019-01-02');
INSERT INTO company (com_id, industry_grp_code, industry_code, com_name, com_ceo, biz_no, com_tel, com_logo, created_at, updated_at) VALUES (33, 'H', '52913', '㈜대한상사033', '이지민', '128-42-37889', '042-399-4457', '/images/company/com033_logo.png', DATE '2019-01-02', DATE '2019-01-02');
INSERT INTO company (com_id, industry_grp_code, industry_code, com_name, com_ceo, biz_no, com_tel, com_logo, created_at, updated_at) VALUES (34, 'M', '71531', '㈜하나로지스틱스034', '최예린', '954-26-17982', '032-757-7865', '/images/company/com034_logo.png', DATE '2019-01-02', DATE '2019-01-02');
INSERT INTO company (com_id, industry_grp_code, industry_code, com_name, com_ceo, biz_no, com_tel, com_logo, created_at, updated_at) VALUES (35, 'I', '56111', '㈜청우솔루션즈035', '윤예린', '255-77-76918', '051-333-9713', '/images/company/com035_logo.png', DATE '2019-01-02', DATE '2019-01-02');
INSERT INTO company (com_id, industry_grp_code, industry_code, com_name, com_ceo, biz_no, com_tel, com_logo, created_at, updated_at) VALUES (36, 'J', '62010', '㈜대한F&B036', '박예린', '584-89-25772', '031-376-3319', '/images/company/com036_logo.png', DATE '2019-01-02', DATE '2019-01-02');
INSERT INTO company (com_id, industry_grp_code, industry_code, com_name, com_ceo, biz_no, com_tel, com_logo, created_at, updated_at) VALUES (37, 'K', '64201', '㈜다온상사037', '강지민', '354-34-46296', '02-773-1930', '/images/company/com037_logo.png', DATE '2019-01-02', DATE '2019-01-02');
INSERT INTO company (com_id, industry_grp_code, industry_code, com_name, com_ceo, biz_no, com_tel, com_logo, created_at, updated_at) VALUES (38, 'J', '62010', '㈜한빛물산038', '장서준', '727-74-89447', '02-653-6334', '/images/company/com038_logo.png', DATE '2019-01-02', DATE '2019-01-02');
INSERT INTO company (com_id, industry_grp_code, industry_code, com_name, com_ceo, biz_no, com_tel, com_logo, created_at, updated_at) VALUES (39, 'K', '64201', '㈜가온테크039', '정서준', '997-43-83336', '051-453-9572', '/images/company/com039_logo.png', DATE '2019-01-02', DATE '2019-01-02');
INSERT INTO company (com_id, industry_grp_code, industry_code, com_name, com_ceo, biz_no, com_tel, com_logo, created_at, updated_at) VALUES (40, 'I', '56111', '㈜은하테크040', '윤도윤', '423-19-97969', '02-601-8243', '/images/company/com040_logo.png', DATE '2019-01-02', DATE '2019-01-02');
INSERT INTO company (com_id, industry_grp_code, industry_code, com_name, com_ceo, biz_no, com_tel, com_logo, created_at, updated_at) VALUES (41, 'F', '41221', '㈜우리ENC041', '이하윤', '833-92-96541', '02-995-3530', '/images/company/com041_logo.png', DATE '2019-01-02', DATE '2019-01-02');
INSERT INTO company (com_id, industry_grp_code, industry_code, com_name, com_ceo, biz_no, com_tel, com_logo, created_at, updated_at) VALUES (42, 'K', '64201', '㈜청담산업042', '정도윤', '507-72-31337', '031-964-2542', '/images/company/com042_logo.png', DATE '2019-01-02', DATE '2019-01-02');
INSERT INTO company (com_id, industry_grp_code, industry_code, com_name, com_ceo, biz_no, com_tel, com_logo, created_at, updated_at) VALUES (43, 'I', '56111', '㈜일신테크043', '박은우', '465-50-22084', '032-631-4207', '/images/company/com043_logo.png', DATE '2019-01-02', DATE '2019-01-02');
INSERT INTO company (com_id, industry_grp_code, industry_code, com_name, com_ceo, biz_no, com_tel, com_logo, created_at, updated_at) VALUES (44, 'K', '64201', '㈜코스모솔루션즈044', '김수아', '493-52-77821', '042-920-1296', '/images/company/com044_logo.png', DATE '2019-01-02', DATE '2019-01-02');
INSERT INTO company (com_id, industry_grp_code, industry_code, com_name, com_ceo, biz_no, com_tel, com_logo, created_at, updated_at) VALUES (45, 'C', '26121', '㈜경인시스템즈045', '장서연', '371-44-15188', '031-307-2377', '/images/company/com045_logo.png', DATE '2019-01-02', DATE '2019-01-02');
INSERT INTO company (com_id, industry_grp_code, industry_code, com_name, com_ceo, biz_no, com_tel, com_logo, created_at, updated_at) VALUES (46, 'I', '56111', '㈜은하산업046', '정도윤', '252-78-77473', '052-464-7651', '/images/company/com046_logo.png', DATE '2019-01-02', DATE '2019-01-02');
INSERT INTO company (com_id, industry_grp_code, industry_code, com_name, com_ceo, biz_no, com_tel, com_logo, created_at, updated_at) VALUES (47, 'F', '41221', '㈜한솔F&B047', '강서연', '535-19-45248', '02-904-4003', '/images/company/com047_logo.png', DATE '2019-01-02', DATE '2019-01-02');
INSERT INTO company (com_id, industry_grp_code, industry_code, com_name, com_ceo, biz_no, com_tel, com_logo, created_at, updated_at) VALUES (48, 'G', '46209', '㈜대한물산048', '정서연', '564-11-54453', '02-470-2993', '/images/company/com048_logo.png', DATE '2019-01-02', DATE '2019-01-02');
INSERT INTO company (com_id, industry_grp_code, industry_code, com_name, com_ceo, biz_no, com_tel, com_logo, created_at, updated_at) VALUES (49, 'H', '52913', '㈜다온ENC049', '정예린', '212-30-44327', '02-739-4906', '/images/company/com049_logo.png', DATE '2019-01-02', DATE '2019-01-02');
INSERT INTO company (com_id, industry_grp_code, industry_code, com_name, com_ceo, biz_no, com_tel, com_logo, created_at, updated_at) VALUES (50, 'F', '41221', '㈜한빛산업050', '최지호', '396-67-75547', '051-977-4372', '/images/company/com050_logo.png', DATE '2019-01-02', DATE '2019-01-02');
INSERT INTO company (com_id, industry_grp_code, industry_code, com_name, com_ceo, biz_no, com_tel, com_logo, created_at, updated_at) VALUES (51, 'J', '62010', '㈜일신산업051', '정수아', '118-74-82227', '032-237-1251', '/images/company/com051_logo.png', DATE '2019-01-02', DATE '2019-01-02');
INSERT INTO company (com_id, industry_grp_code, industry_code, com_name, com_ceo, biz_no, com_tel, com_logo, created_at, updated_at) VALUES (52, 'K', '64201', '㈜삼진로지스틱스052', '윤하윤', '772-73-81553', '02-874-8080', '/images/company/com052_logo.png', DATE '2019-01-02', DATE '2019-01-02');
INSERT INTO company (com_id, industry_grp_code, industry_code, com_name, com_ceo, biz_no, com_tel, com_logo, created_at, updated_at) VALUES (53, 'G', '46209', '㈜새롬ENC053', '장지호', '952-91-28313', '031-550-4254', '/images/company/com053_logo.png', DATE '2019-01-02', DATE '2019-01-02');
INSERT INTO company (com_id, industry_grp_code, industry_code, com_name, com_ceo, biz_no, com_tel, com_logo, created_at, updated_at) VALUES (54, 'J', '62010', '㈜중앙솔루션즈054', '김도윤', '541-30-17261', '02-840-5187', '/images/company/com054_logo.png', DATE '2019-01-02', DATE '2019-01-02');
INSERT INTO company (com_id, industry_grp_code, industry_code, com_name, com_ceo, biz_no, com_tel, com_logo, created_at, updated_at) VALUES (55, 'G', '46209', '㈜서울ENC055', '장지호', '570-33-30648', '052-500-1741', '/images/company/com055_logo.png', DATE '2019-01-02', DATE '2019-01-02');
INSERT INTO company (com_id, industry_grp_code, industry_code, com_name, com_ceo, biz_no, com_tel, com_logo, created_at, updated_at) VALUES (56, 'M', '71531', '㈜글로벌F&B056', '김지호', '350-14-50573', '032-760-6300', '/images/company/com056_logo.png', DATE '2019-01-02', DATE '2019-01-02');
INSERT INTO company (com_id, industry_grp_code, industry_code, com_name, com_ceo, biz_no, com_tel, com_logo, created_at, updated_at) VALUES (57, 'M', '71531', '㈜삼진솔루션즈057', '박민준', '385-74-95985', '042-285-8776', '/images/company/com057_logo.png', DATE '2019-01-02', DATE '2019-01-02');
INSERT INTO company (com_id, industry_grp_code, industry_code, com_name, com_ceo, biz_no, com_tel, com_logo, created_at, updated_at) VALUES (58, 'C', '26121', '㈜삼진테크058', '장민준', '509-85-15461', '032-291-3357', '/images/company/com058_logo.png', DATE '2019-01-02', DATE '2019-01-02');
INSERT INTO company (com_id, industry_grp_code, industry_code, com_name, com_ceo, biz_no, com_tel, com_logo, created_at, updated_at) VALUES (59, 'G', '46209', '㈜중앙상사059', '정지호', '973-29-96185', '02-799-9670', '/images/company/com059_logo.png', DATE '2019-01-02', DATE '2019-01-02');
INSERT INTO company (com_id, industry_grp_code, industry_code, com_name, com_ceo, biz_no, com_tel, com_logo, created_at, updated_at) VALUES (60, 'K', '64201', '㈜은하건설060', '조수아', '144-75-92225', '031-490-3371', '/images/company/com060_logo.png', DATE '2019-01-02', DATE '2019-01-02');
INSERT INTO company (com_id, industry_grp_code, industry_code, com_name, com_ceo, biz_no, com_tel, com_logo, created_at, updated_at) VALUES (61, 'J', '62010', '㈜태평양로지스틱스061', '박지민', '187-13-15486', '052-798-4767', '/images/company/com061_logo.png', DATE '2019-01-02', DATE '2019-01-02');
INSERT INTO company (com_id, industry_grp_code, industry_code, com_name, com_ceo, biz_no, com_tel, com_logo, created_at, updated_at) VALUES (62, 'K', '64201', '㈜미래솔루션즈062', '이은우', '741-78-99216', '051-251-1308', '/images/company/com062_logo.png', DATE '2019-01-02', DATE '2019-01-02');
INSERT INTO company (com_id, industry_grp_code, industry_code, com_name, com_ceo, biz_no, com_tel, com_logo, created_at, updated_at) VALUES (63, 'K', '64201', '㈜우리F&B063', '정민준', '648-21-96415', '02-966-9240', '/images/company/com063_logo.png', DATE '2019-01-02', DATE '2019-01-02');
INSERT INTO company (com_id, industry_grp_code, industry_code, com_name, com_ceo, biz_no, com_tel, com_logo, created_at, updated_at) VALUES (64, 'C', '26121', '㈜가온물산064', '윤지호', '336-93-70337', '032-440-4362', '/images/company/com064_logo.png', DATE '2019-01-02', DATE '2019-01-02');
INSERT INTO company (com_id, industry_grp_code, industry_code, com_name, com_ceo, biz_no, com_tel, com_logo, created_at, updated_at) VALUES (65, 'F', '41221', '㈜동북ENC065', '이서준', '179-86-29323', '02-831-4248', '/images/company/com065_logo.png', DATE '2019-01-02', DATE '2019-01-02');
INSERT INTO company (com_id, industry_grp_code, industry_code, com_name, com_ceo, biz_no, com_tel, com_logo, created_at, updated_at) VALUES (66, 'H', '52913', '㈜새한시스템즈066', '정예린', '597-44-98080', '02-693-1993', '/images/company/com066_logo.png', DATE '2019-01-02', DATE '2019-01-02');
INSERT INTO company (com_id, industry_grp_code, industry_code, com_name, com_ceo, biz_no, com_tel, com_logo, created_at, updated_at) VALUES (67, 'F', '41221', '㈜동양테크067', '윤지호', '885-25-81968', '042-677-8640', '/images/company/com067_logo.png', DATE '2019-01-02', DATE '2019-01-02');
INSERT INTO company (com_id, industry_grp_code, industry_code, com_name, com_ceo, biz_no, com_tel, com_logo, created_at, updated_at) VALUES (68, 'J', '62010', '㈜삼진시스템즈068', '이서준', '939-74-68910', '032-669-2252', '/images/company/com068_logo.png', DATE '2019-01-02', DATE '2019-01-02');
INSERT INTO company (com_id, industry_grp_code, industry_code, com_name, com_ceo, biz_no, com_tel, com_logo, created_at, updated_at) VALUES (69, 'C', '26121', '㈜글로벌ENC069', '최하윤', '865-77-44315', '051-292-3322', '/images/company/com069_logo.png', DATE '2019-01-02', DATE '2019-01-02');
INSERT INTO company (com_id, industry_grp_code, industry_code, com_name, com_ceo, biz_no, com_tel, com_logo, created_at, updated_at) VALUES (70, 'F', '41221', '㈜청담산업070', '임지민', '336-73-73719', '02-920-6983', '/images/company/com070_logo.png', DATE '2019-01-02', DATE '2019-01-02');
INSERT INTO company (com_id, industry_grp_code, industry_code, com_name, com_ceo, biz_no, com_tel, com_logo, created_at, updated_at) VALUES (71, 'K', '64201', '㈜중앙상사071', '박민준', '409-28-64549', '052-661-7642', '/images/company/com071_logo.png', DATE '2019-01-02', DATE '2019-01-02');
INSERT INTO company (com_id, industry_grp_code, industry_code, com_name, com_ceo, biz_no, com_tel, com_logo, created_at, updated_at) VALUES (72, 'M', '71531', '㈜청담ENC072', '강서연', '959-60-25734', '02-532-6542', '/images/company/com072_logo.png', DATE '2019-01-02', DATE '2019-01-02');
INSERT INTO company (com_id, industry_grp_code, industry_code, com_name, com_ceo, biz_no, com_tel, com_logo, created_at, updated_at) VALUES (73, 'F', '41221', '㈜청우테크073', '김지호', '499-85-20013', '032-266-7437', '/images/company/com073_logo.png', DATE '2019-01-02', DATE '2019-01-02');
INSERT INTO company (com_id, industry_grp_code, industry_code, com_name, com_ceo, biz_no, com_tel, com_logo, created_at, updated_at) VALUES (74, 'F', '41221', '㈜청담ENC074', '정민준', '750-29-42679', '02-252-5679', '/images/company/com074_logo.png', DATE '2019-01-02', DATE '2019-01-02');
INSERT INTO company (com_id, industry_grp_code, industry_code, com_name, com_ceo, biz_no, com_tel, com_logo, created_at, updated_at) VALUES (75, 'G', '46209', '㈜글로벌ENC075', '장수아', '931-90-62434', '032-638-1475', '/images/company/com075_logo.png', DATE '2019-01-02', DATE '2019-01-02');
INSERT INTO company (com_id, industry_grp_code, industry_code, com_name, com_ceo, biz_no, com_tel, com_logo, created_at, updated_at) VALUES (76, 'C', '26121', '㈜청우로지스틱스076', '장하윤', '561-88-28162', '02-949-7731', '/images/company/com076_logo.png', DATE '2019-01-02', DATE '2019-01-02');
INSERT INTO company (com_id, industry_grp_code, industry_code, com_name, com_ceo, biz_no, com_tel, com_logo, created_at, updated_at) VALUES (77, 'H', '52913', '㈜성원시스템즈077', '윤민준', '451-46-49029', '031-683-7797', '/images/company/com077_logo.png', DATE '2019-01-02', DATE '2019-01-02');
INSERT INTO company (com_id, industry_grp_code, industry_code, com_name, com_ceo, biz_no, com_tel, com_logo, created_at, updated_at) VALUES (78, 'F', '41221', '㈜글로벌시스템즈078', '조하윤', '222-31-94306', '042-770-7461', '/images/company/com078_logo.png', DATE '2019-01-02', DATE '2019-01-02');
INSERT INTO company (com_id, industry_grp_code, industry_code, com_name, com_ceo, biz_no, com_tel, com_logo, created_at, updated_at) VALUES (79, 'K', '64201', '㈜정성물산079', '최지민', '440-67-66023', '051-425-8421', '/images/company/com079_logo.png', DATE '2019-01-02', DATE '2019-01-02');
INSERT INTO company (com_id, industry_grp_code, industry_code, com_name, com_ceo, biz_no, com_tel, com_logo, created_at, updated_at) VALUES (80, 'C', '26121', '㈜미래로지스틱스080', '최하윤', '426-40-58274', '031-550-2492', '/images/company/com080_logo.png', DATE '2019-01-02', DATE '2019-01-02');
INSERT INTO company (com_id, industry_grp_code, industry_code, com_name, com_ceo, biz_no, com_tel, com_logo, created_at, updated_at) VALUES (81, 'I', '56111', '㈜글로벌건설081', '최민준', '315-58-45420', '042-623-9587', '/images/company/com081_logo.png', DATE '2019-01-02', DATE '2019-01-02');
INSERT INTO company (com_id, industry_grp_code, industry_code, com_name, com_ceo, biz_no, com_tel, com_logo, created_at, updated_at) VALUES (82, 'M', '71531', '㈜새한상사082', '윤지호', '641-90-38306', '031-903-9247', '/images/company/com082_logo.png', DATE '2019-01-02', DATE '2019-01-02');
INSERT INTO company (com_id, industry_grp_code, industry_code, com_name, com_ceo, biz_no, com_tel, com_logo, created_at, updated_at) VALUES (83, 'I', '56111', '㈜서울시스템즈083', '최은우', '419-12-26678', '052-656-8075', '/images/company/com083_logo.png', DATE '2019-01-02', DATE '2019-01-02');
INSERT INTO company (com_id, industry_grp_code, industry_code, com_name, com_ceo, biz_no, com_tel, com_logo, created_at, updated_at) VALUES (84, 'K', '64201', '㈜한빛ENC084', '윤예린', '945-77-71361', '02-274-7414', '/images/company/com084_logo.png', DATE '2019-01-02', DATE '2019-01-02');
INSERT INTO company (com_id, industry_grp_code, industry_code, com_name, com_ceo, biz_no, com_tel, com_logo, created_at, updated_at) VALUES (85, 'H', '52913', '㈜은성테크085', '이하윤', '945-99-94849', '031-734-2784', '/images/company/com085_logo.png', DATE '2019-01-02', DATE '2019-01-02');
INSERT INTO company (com_id, industry_grp_code, industry_code, com_name, com_ceo, biz_no, com_tel, com_logo, created_at, updated_at) VALUES (86, 'J', '62010', '㈜다우F&B086', '이지민', '683-14-94607', '02-328-4810', '/images/company/com086_logo.png', DATE '2019-01-02', DATE '2019-01-02');
INSERT INTO company (com_id, industry_grp_code, industry_code, com_name, com_ceo, biz_no, com_tel, com_logo, created_at, updated_at) VALUES (87, 'I', '56111', '㈜예성시스템즈087', '박지호', '201-19-49367', '052-982-2837', '/images/company/com087_logo.png', DATE '2019-01-02', DATE '2019-01-02');
INSERT INTO company (com_id, industry_grp_code, industry_code, com_name, com_ceo, biz_no, com_tel, com_logo, created_at, updated_at) VALUES (88, 'F', '41221', '㈜가온건설088', '최은우', '110-78-49520', '031-815-1018', '/images/company/com088_logo.png', DATE '2019-01-02', DATE '2019-01-02');
INSERT INTO company (com_id, industry_grp_code, industry_code, com_name, com_ceo, biz_no, com_tel, com_logo, created_at, updated_at) VALUES (89, 'K', '64201', '㈜은성시스템즈089', '강하윤', '352-13-63976', '051-440-9962', '/images/company/com089_logo.png', DATE '2019-01-02', DATE '2019-01-02');
INSERT INTO company (com_id, industry_grp_code, industry_code, com_name, com_ceo, biz_no, com_tel, com_logo, created_at, updated_at) VALUES (90, 'G', '46209', '㈜예성시스템즈090', '김민준', '183-42-39863', '042-890-7881', '/images/company/com090_logo.png', DATE '2019-01-02', DATE '2019-01-02');
INSERT INTO company (com_id, industry_grp_code, industry_code, com_name, com_ceo, biz_no, com_tel, com_logo, created_at, updated_at) VALUES (91, 'K', '64201', '㈜일신ENC091', '강하윤', '835-63-57489', '02-912-6538', '/images/company/com091_logo.png', DATE '2019-01-02', DATE '2019-01-02');
INSERT INTO company (com_id, industry_grp_code, industry_code, com_name, com_ceo, biz_no, com_tel, com_logo, created_at, updated_at) VALUES (92, 'F', '41221', '㈜일신ENC092', '최민준', '310-73-36268', '052-716-2104', '/images/company/com092_logo.png', DATE '2019-01-02', DATE '2019-01-02');
INSERT INTO company (com_id, industry_grp_code, industry_code, com_name, com_ceo, biz_no, com_tel, com_logo, created_at, updated_at) VALUES (93, 'G', '46209', '㈜하나테크093', '최서준', '211-89-74980', '032-978-5832', '/images/company/com093_logo.png', DATE '2019-01-02', DATE '2019-01-02');
INSERT INTO company (com_id, industry_grp_code, industry_code, com_name, com_ceo, biz_no, com_tel, com_logo, created_at, updated_at) VALUES (94, 'I', '56111', '㈜경인산업094', '최서준', '502-16-37911', '052-257-3398', '/images/company/com094_logo.png', DATE '2019-01-02', DATE '2019-01-02');
INSERT INTO company (com_id, industry_grp_code, industry_code, com_name, com_ceo, biz_no, com_tel, com_logo, created_at, updated_at) VALUES (95, 'J', '62010', '㈜대한건설095', '박은우', '502-67-51182', '052-261-4016', '/images/company/com095_logo.png', DATE '2019-01-02', DATE '2019-01-02');
INSERT INTO company (com_id, industry_grp_code, industry_code, com_name, com_ceo, biz_no, com_tel, com_logo, created_at, updated_at) VALUES (96, 'M', '71531', '㈜코스모물산096', '이도윤', '864-69-14180', '031-389-9598', '/images/company/com096_logo.png', DATE '2019-01-02', DATE '2019-01-02');
INSERT INTO company (com_id, industry_grp_code, industry_code, com_name, com_ceo, biz_no, com_tel, com_logo, created_at, updated_at) VALUES (97, 'K', '64201', '㈜하나ENC097', '강수아', '180-45-20585', '031-311-1047', '/images/company/com097_logo.png', DATE '2019-01-02', DATE '2019-01-02');
INSERT INTO company (com_id, industry_grp_code, industry_code, com_name, com_ceo, biz_no, com_tel, com_logo, created_at, updated_at) VALUES (98, 'G', '46209', '㈜청담ENC098', '이지민', '941-65-21502', '042-565-6057', '/images/company/com098_logo.png', DATE '2019-01-02', DATE '2019-01-02');
INSERT INTO company (com_id, industry_grp_code, industry_code, com_name, com_ceo, biz_no, com_tel, com_logo, created_at, updated_at) VALUES (99, 'K', '64201', '㈜한빛F&B099', '최수아', '855-70-13969', '031-531-6967', '/images/company/com099_logo.png', DATE '2019-01-02', DATE '2019-01-02');
INSERT INTO company (com_id, industry_grp_code, industry_code, com_name, com_ceo, biz_no, com_tel, com_logo, created_at, updated_at) VALUES (100, 'J', '62010', '㈜성원ENC100', '최은우', '164-17-43687', '042-235-8603', '/images/company/com100_logo.png', DATE '2019-01-02', DATE '2019-01-02');

--------------------------------------------------------------------------
-- 2. EMP_POSITION (100건: 회사 20개 x 직급 5단계, pos_order 1=이사 ~ 5=사원)
--------------------------------------------------------------------------
INSERT INTO emp_position (pos_id, pos_code, pos_name, pos_order, com_id) VALUES (1, 'POS-01', '이사', 1, 1);
INSERT INTO emp_position (pos_id, pos_code, pos_name, pos_order, com_id) VALUES (2, 'POS-02', '부장', 2, 1);
INSERT INTO emp_position (pos_id, pos_code, pos_name, pos_order, com_id) VALUES (3, 'POS-03', '과장', 3, 1);
INSERT INTO emp_position (pos_id, pos_code, pos_name, pos_order, com_id) VALUES (4, 'POS-04', '대리', 4, 1);
INSERT INTO emp_position (pos_id, pos_code, pos_name, pos_order, com_id) VALUES (5, 'POS-05', '사원', 5, 1);
INSERT INTO emp_position (pos_id, pos_code, pos_name, pos_order, com_id) VALUES (6, 'POS-01', '이사', 1, 2);
INSERT INTO emp_position (pos_id, pos_code, pos_name, pos_order, com_id) VALUES (7, 'POS-02', '부장', 2, 2);
INSERT INTO emp_position (pos_id, pos_code, pos_name, pos_order, com_id) VALUES (8, 'POS-03', '과장', 3, 2);
INSERT INTO emp_position (pos_id, pos_code, pos_name, pos_order, com_id) VALUES (9, 'POS-04', '대리', 4, 2);
INSERT INTO emp_position (pos_id, pos_code, pos_name, pos_order, com_id) VALUES (10, 'POS-05', '사원', 5, 2);
INSERT INTO emp_position (pos_id, pos_code, pos_name, pos_order, com_id) VALUES (11, 'POS-01', '이사', 1, 3);
INSERT INTO emp_position (pos_id, pos_code, pos_name, pos_order, com_id) VALUES (12, 'POS-02', '부장', 2, 3);
INSERT INTO emp_position (pos_id, pos_code, pos_name, pos_order, com_id) VALUES (13, 'POS-03', '과장', 3, 3);
INSERT INTO emp_position (pos_id, pos_code, pos_name, pos_order, com_id) VALUES (14, 'POS-04', '대리', 4, 3);
INSERT INTO emp_position (pos_id, pos_code, pos_name, pos_order, com_id) VALUES (15, 'POS-05', '사원', 5, 3);
INSERT INTO emp_position (pos_id, pos_code, pos_name, pos_order, com_id) VALUES (16, 'POS-01', '이사', 1, 4);
INSERT INTO emp_position (pos_id, pos_code, pos_name, pos_order, com_id) VALUES (17, 'POS-02', '부장', 2, 4);
INSERT INTO emp_position (pos_id, pos_code, pos_name, pos_order, com_id) VALUES (18, 'POS-03', '과장', 3, 4);
INSERT INTO emp_position (pos_id, pos_code, pos_name, pos_order, com_id) VALUES (19, 'POS-04', '대리', 4, 4);
INSERT INTO emp_position (pos_id, pos_code, pos_name, pos_order, com_id) VALUES (20, 'POS-05', '사원', 5, 4);
INSERT INTO emp_position (pos_id, pos_code, pos_name, pos_order, com_id) VALUES (21, 'POS-01', '이사', 1, 5);
INSERT INTO emp_position (pos_id, pos_code, pos_name, pos_order, com_id) VALUES (22, 'POS-02', '부장', 2, 5);
INSERT INTO emp_position (pos_id, pos_code, pos_name, pos_order, com_id) VALUES (23, 'POS-03', '과장', 3, 5);
INSERT INTO emp_position (pos_id, pos_code, pos_name, pos_order, com_id) VALUES (24, 'POS-04', '대리', 4, 5);
INSERT INTO emp_position (pos_id, pos_code, pos_name, pos_order, com_id) VALUES (25, 'POS-05', '사원', 5, 5);
INSERT INTO emp_position (pos_id, pos_code, pos_name, pos_order, com_id) VALUES (26, 'POS-01', '이사', 1, 6);
INSERT INTO emp_position (pos_id, pos_code, pos_name, pos_order, com_id) VALUES (27, 'POS-02', '부장', 2, 6);
INSERT INTO emp_position (pos_id, pos_code, pos_name, pos_order, com_id) VALUES (28, 'POS-03', '과장', 3, 6);
INSERT INTO emp_position (pos_id, pos_code, pos_name, pos_order, com_id) VALUES (29, 'POS-04', '대리', 4, 6);
INSERT INTO emp_position (pos_id, pos_code, pos_name, pos_order, com_id) VALUES (30, 'POS-05', '사원', 5, 6);
INSERT INTO emp_position (pos_id, pos_code, pos_name, pos_order, com_id) VALUES (31, 'POS-01', '이사', 1, 7);
INSERT INTO emp_position (pos_id, pos_code, pos_name, pos_order, com_id) VALUES (32, 'POS-02', '부장', 2, 7);
INSERT INTO emp_position (pos_id, pos_code, pos_name, pos_order, com_id) VALUES (33, 'POS-03', '과장', 3, 7);
INSERT INTO emp_position (pos_id, pos_code, pos_name, pos_order, com_id) VALUES (34, 'POS-04', '대리', 4, 7);
INSERT INTO emp_position (pos_id, pos_code, pos_name, pos_order, com_id) VALUES (35, 'POS-05', '사원', 5, 7);
INSERT INTO emp_position (pos_id, pos_code, pos_name, pos_order, com_id) VALUES (36, 'POS-01', '이사', 1, 8);
INSERT INTO emp_position (pos_id, pos_code, pos_name, pos_order, com_id) VALUES (37, 'POS-02', '부장', 2, 8);
INSERT INTO emp_position (pos_id, pos_code, pos_name, pos_order, com_id) VALUES (38, 'POS-03', '과장', 3, 8);
INSERT INTO emp_position (pos_id, pos_code, pos_name, pos_order, com_id) VALUES (39, 'POS-04', '대리', 4, 8);
INSERT INTO emp_position (pos_id, pos_code, pos_name, pos_order, com_id) VALUES (40, 'POS-05', '사원', 5, 8);
INSERT INTO emp_position (pos_id, pos_code, pos_name, pos_order, com_id) VALUES (41, 'POS-01', '이사', 1, 9);
INSERT INTO emp_position (pos_id, pos_code, pos_name, pos_order, com_id) VALUES (42, 'POS-02', '부장', 2, 9);
INSERT INTO emp_position (pos_id, pos_code, pos_name, pos_order, com_id) VALUES (43, 'POS-03', '과장', 3, 9);
INSERT INTO emp_position (pos_id, pos_code, pos_name, pos_order, com_id) VALUES (44, 'POS-04', '대리', 4, 9);
INSERT INTO emp_position (pos_id, pos_code, pos_name, pos_order, com_id) VALUES (45, 'POS-05', '사원', 5, 9);
INSERT INTO emp_position (pos_id, pos_code, pos_name, pos_order, com_id) VALUES (46, 'POS-01', '이사', 1, 10);
INSERT INTO emp_position (pos_id, pos_code, pos_name, pos_order, com_id) VALUES (47, 'POS-02', '부장', 2, 10);
INSERT INTO emp_position (pos_id, pos_code, pos_name, pos_order, com_id) VALUES (48, 'POS-03', '과장', 3, 10);
INSERT INTO emp_position (pos_id, pos_code, pos_name, pos_order, com_id) VALUES (49, 'POS-04', '대리', 4, 10);
INSERT INTO emp_position (pos_id, pos_code, pos_name, pos_order, com_id) VALUES (50, 'POS-05', '사원', 5, 10);
INSERT INTO emp_position (pos_id, pos_code, pos_name, pos_order, com_id) VALUES (51, 'POS-01', '이사', 1, 11);
INSERT INTO emp_position (pos_id, pos_code, pos_name, pos_order, com_id) VALUES (52, 'POS-02', '부장', 2, 11);
INSERT INTO emp_position (pos_id, pos_code, pos_name, pos_order, com_id) VALUES (53, 'POS-03', '과장', 3, 11);
INSERT INTO emp_position (pos_id, pos_code, pos_name, pos_order, com_id) VALUES (54, 'POS-04', '대리', 4, 11);
INSERT INTO emp_position (pos_id, pos_code, pos_name, pos_order, com_id) VALUES (55, 'POS-05', '사원', 5, 11);
INSERT INTO emp_position (pos_id, pos_code, pos_name, pos_order, com_id) VALUES (56, 'POS-01', '이사', 1, 12);
INSERT INTO emp_position (pos_id, pos_code, pos_name, pos_order, com_id) VALUES (57, 'POS-02', '부장', 2, 12);
INSERT INTO emp_position (pos_id, pos_code, pos_name, pos_order, com_id) VALUES (58, 'POS-03', '과장', 3, 12);
INSERT INTO emp_position (pos_id, pos_code, pos_name, pos_order, com_id) VALUES (59, 'POS-04', '대리', 4, 12);
INSERT INTO emp_position (pos_id, pos_code, pos_name, pos_order, com_id) VALUES (60, 'POS-05', '사원', 5, 12);
INSERT INTO emp_position (pos_id, pos_code, pos_name, pos_order, com_id) VALUES (61, 'POS-01', '이사', 1, 13);
INSERT INTO emp_position (pos_id, pos_code, pos_name, pos_order, com_id) VALUES (62, 'POS-02', '부장', 2, 13);
INSERT INTO emp_position (pos_id, pos_code, pos_name, pos_order, com_id) VALUES (63, 'POS-03', '과장', 3, 13);
INSERT INTO emp_position (pos_id, pos_code, pos_name, pos_order, com_id) VALUES (64, 'POS-04', '대리', 4, 13);
INSERT INTO emp_position (pos_id, pos_code, pos_name, pos_order, com_id) VALUES (65, 'POS-05', '사원', 5, 13);
INSERT INTO emp_position (pos_id, pos_code, pos_name, pos_order, com_id) VALUES (66, 'POS-01', '이사', 1, 14);
INSERT INTO emp_position (pos_id, pos_code, pos_name, pos_order, com_id) VALUES (67, 'POS-02', '부장', 2, 14);
INSERT INTO emp_position (pos_id, pos_code, pos_name, pos_order, com_id) VALUES (68, 'POS-03', '과장', 3, 14);
INSERT INTO emp_position (pos_id, pos_code, pos_name, pos_order, com_id) VALUES (69, 'POS-04', '대리', 4, 14);
INSERT INTO emp_position (pos_id, pos_code, pos_name, pos_order, com_id) VALUES (70, 'POS-05', '사원', 5, 14);
INSERT INTO emp_position (pos_id, pos_code, pos_name, pos_order, com_id) VALUES (71, 'POS-01', '이사', 1, 15);
INSERT INTO emp_position (pos_id, pos_code, pos_name, pos_order, com_id) VALUES (72, 'POS-02', '부장', 2, 15);
INSERT INTO emp_position (pos_id, pos_code, pos_name, pos_order, com_id) VALUES (73, 'POS-03', '과장', 3, 15);
INSERT INTO emp_position (pos_id, pos_code, pos_name, pos_order, com_id) VALUES (74, 'POS-04', '대리', 4, 15);
INSERT INTO emp_position (pos_id, pos_code, pos_name, pos_order, com_id) VALUES (75, 'POS-05', '사원', 5, 15);
INSERT INTO emp_position (pos_id, pos_code, pos_name, pos_order, com_id) VALUES (76, 'POS-01', '이사', 1, 16);
INSERT INTO emp_position (pos_id, pos_code, pos_name, pos_order, com_id) VALUES (77, 'POS-02', '부장', 2, 16);
INSERT INTO emp_position (pos_id, pos_code, pos_name, pos_order, com_id) VALUES (78, 'POS-03', '과장', 3, 16);
INSERT INTO emp_position (pos_id, pos_code, pos_name, pos_order, com_id) VALUES (79, 'POS-04', '대리', 4, 16);
INSERT INTO emp_position (pos_id, pos_code, pos_name, pos_order, com_id) VALUES (80, 'POS-05', '사원', 5, 16);
INSERT INTO emp_position (pos_id, pos_code, pos_name, pos_order, com_id) VALUES (81, 'POS-01', '이사', 1, 17);
INSERT INTO emp_position (pos_id, pos_code, pos_name, pos_order, com_id) VALUES (82, 'POS-02', '부장', 2, 17);
INSERT INTO emp_position (pos_id, pos_code, pos_name, pos_order, com_id) VALUES (83, 'POS-03', '과장', 3, 17);
INSERT INTO emp_position (pos_id, pos_code, pos_name, pos_order, com_id) VALUES (84, 'POS-04', '대리', 4, 17);
INSERT INTO emp_position (pos_id, pos_code, pos_name, pos_order, com_id) VALUES (85, 'POS-05', '사원', 5, 17);
INSERT INTO emp_position (pos_id, pos_code, pos_name, pos_order, com_id) VALUES (86, 'POS-01', '이사', 1, 18);
INSERT INTO emp_position (pos_id, pos_code, pos_name, pos_order, com_id) VALUES (87, 'POS-02', '부장', 2, 18);
INSERT INTO emp_position (pos_id, pos_code, pos_name, pos_order, com_id) VALUES (88, 'POS-03', '과장', 3, 18);
INSERT INTO emp_position (pos_id, pos_code, pos_name, pos_order, com_id) VALUES (89, 'POS-04', '대리', 4, 18);
INSERT INTO emp_position (pos_id, pos_code, pos_name, pos_order, com_id) VALUES (90, 'POS-05', '사원', 5, 18);
INSERT INTO emp_position (pos_id, pos_code, pos_name, pos_order, com_id) VALUES (91, 'POS-01', '이사', 1, 19);
INSERT INTO emp_position (pos_id, pos_code, pos_name, pos_order, com_id) VALUES (92, 'POS-02', '부장', 2, 19);
INSERT INTO emp_position (pos_id, pos_code, pos_name, pos_order, com_id) VALUES (93, 'POS-03', '과장', 3, 19);
INSERT INTO emp_position (pos_id, pos_code, pos_name, pos_order, com_id) VALUES (94, 'POS-04', '대리', 4, 19);
INSERT INTO emp_position (pos_id, pos_code, pos_name, pos_order, com_id) VALUES (95, 'POS-05', '사원', 5, 19);
INSERT INTO emp_position (pos_id, pos_code, pos_name, pos_order, com_id) VALUES (96, 'POS-01', '이사', 1, 20);
INSERT INTO emp_position (pos_id, pos_code, pos_name, pos_order, com_id) VALUES (97, 'POS-02', '부장', 2, 20);
INSERT INTO emp_position (pos_id, pos_code, pos_name, pos_order, com_id) VALUES (98, 'POS-03', '과장', 3, 20);
INSERT INTO emp_position (pos_id, pos_code, pos_name, pos_order, com_id) VALUES (99, 'POS-04', '대리', 4, 20);
INSERT INTO emp_position (pos_id, pos_code, pos_name, pos_order, com_id) VALUES (100, 'POS-05', '사원', 5, 20);

--------------------------------------------------------------------------
-- 3. DEPARTMENT (100건: 회사 20개 x 부서 5개, 본사-하위부서 계층구조 반영)
--    부서장(emp_id)은 EMPLOYEE 생성 후 UPDATE 로 반영
--------------------------------------------------------------------------
INSERT INTO department (dept_id, com_id, parent_id, dept_name, dept_code, depth, sort_order, emp_id, dept_status, created_at, updated_at) VALUES (1, 1, NULL, '본사', 'HQ', 1, 1, NULL, 'ACTIVE', DATE '2019-01-03', DATE '2019-01-03');
INSERT INTO department (dept_id, com_id, parent_id, dept_name, dept_code, depth, sort_order, emp_id, dept_status, created_at, updated_at) VALUES (2, 1, 1, '시스템운영부서', 'SYSOP', 2, 1, NULL, 'ACTIVE', DATE '2019-01-03', DATE '2019-01-03');
INSERT INTO department (dept_id, com_id, parent_id, dept_name, dept_code, depth, sort_order, emp_id, dept_status, created_at, updated_at) VALUES (3, 1, 2, 'QA팀', 'QA', 3, 1, NULL, 'ACTIVE', DATE '2019-01-03', DATE '2019-01-03');
INSERT INTO department (dept_id, com_id, parent_id, dept_name, dept_code, depth, sort_order, emp_id, dept_status, created_at, updated_at) VALUES (4, 1, 1, '개발팀', 'DEV', 2, 2, NULL, 'ACTIVE', DATE '2019-01-03', DATE '2019-01-03');
INSERT INTO department (dept_id, com_id, parent_id, dept_name, dept_code, depth, sort_order, emp_id, dept_status, created_at, updated_at) VALUES (5, 1, 1, '영업팀', 'SALES', 2, 3, NULL, 'ACTIVE', DATE '2019-01-03', DATE '2019-01-03');
INSERT INTO department (dept_id, com_id, parent_id, dept_name, dept_code, depth, sort_order, emp_id, dept_status, created_at, updated_at) VALUES (6, 2, NULL, '본사', 'HQ', 1, 1, NULL, 'ACTIVE', DATE '2019-01-03', DATE '2019-01-03');
INSERT INTO department (dept_id, com_id, parent_id, dept_name, dept_code, depth, sort_order, emp_id, dept_status, created_at, updated_at) VALUES (7, 2, 6, '시스템운영부서', 'SYSOP', 2, 1, NULL, 'ACTIVE', DATE '2019-01-03', DATE '2019-01-03');
INSERT INTO department (dept_id, com_id, parent_id, dept_name, dept_code, depth, sort_order, emp_id, dept_status, created_at, updated_at) VALUES (8, 2, 7, 'QA팀', 'QA', 3, 1, NULL, 'ACTIVE', DATE '2019-01-03', DATE '2019-01-03');
INSERT INTO department (dept_id, com_id, parent_id, dept_name, dept_code, depth, sort_order, emp_id, dept_status, created_at, updated_at) VALUES (9, 2, 6, '개발팀', 'DEV', 2, 2, NULL, 'ACTIVE', DATE '2019-01-03', DATE '2019-01-03');
INSERT INTO department (dept_id, com_id, parent_id, dept_name, dept_code, depth, sort_order, emp_id, dept_status, created_at, updated_at) VALUES (10, 2, 6, '영업팀', 'SALES', 2, 3, NULL, 'ACTIVE', DATE '2019-01-03', DATE '2019-01-03');
INSERT INTO department (dept_id, com_id, parent_id, dept_name, dept_code, depth, sort_order, emp_id, dept_status, created_at, updated_at) VALUES (11, 3, NULL, '본사', 'HQ', 1, 1, NULL, 'ACTIVE', DATE '2019-01-03', DATE '2019-01-03');
INSERT INTO department (dept_id, com_id, parent_id, dept_name, dept_code, depth, sort_order, emp_id, dept_status, created_at, updated_at) VALUES (12, 3, 11, '시스템운영부서', 'SYSOP', 2, 1, NULL, 'ACTIVE', DATE '2019-01-03', DATE '2019-01-03');
INSERT INTO department (dept_id, com_id, parent_id, dept_name, dept_code, depth, sort_order, emp_id, dept_status, created_at, updated_at) VALUES (13, 3, 12, 'QA팀', 'QA', 3, 1, NULL, 'ACTIVE', DATE '2019-01-03', DATE '2019-01-03');
INSERT INTO department (dept_id, com_id, parent_id, dept_name, dept_code, depth, sort_order, emp_id, dept_status, created_at, updated_at) VALUES (14, 3, 11, '개발팀', 'DEV', 2, 2, NULL, 'ACTIVE', DATE '2019-01-03', DATE '2019-01-03');
INSERT INTO department (dept_id, com_id, parent_id, dept_name, dept_code, depth, sort_order, emp_id, dept_status, created_at, updated_at) VALUES (15, 3, 11, '영업팀', 'SALES', 2, 3, NULL, 'ACTIVE', DATE '2019-01-03', DATE '2019-01-03');
INSERT INTO department (dept_id, com_id, parent_id, dept_name, dept_code, depth, sort_order, emp_id, dept_status, created_at, updated_at) VALUES (16, 4, NULL, '본사', 'HQ', 1, 1, NULL, 'ACTIVE', DATE '2019-01-03', DATE '2019-01-03');
INSERT INTO department (dept_id, com_id, parent_id, dept_name, dept_code, depth, sort_order, emp_id, dept_status, created_at, updated_at) VALUES (17, 4, 16, '시스템운영부서', 'SYSOP', 2, 1, NULL, 'ACTIVE', DATE '2019-01-03', DATE '2019-01-03');
INSERT INTO department (dept_id, com_id, parent_id, dept_name, dept_code, depth, sort_order, emp_id, dept_status, created_at, updated_at) VALUES (18, 4, 17, 'QA팀', 'QA', 3, 1, NULL, 'ACTIVE', DATE '2019-01-03', DATE '2019-01-03');
INSERT INTO department (dept_id, com_id, parent_id, dept_name, dept_code, depth, sort_order, emp_id, dept_status, created_at, updated_at) VALUES (19, 4, 16, '개발팀', 'DEV', 2, 2, NULL, 'ACTIVE', DATE '2019-01-03', DATE '2019-01-03');
INSERT INTO department (dept_id, com_id, parent_id, dept_name, dept_code, depth, sort_order, emp_id, dept_status, created_at, updated_at) VALUES (20, 4, 16, '영업팀', 'SALES', 2, 3, NULL, 'ACTIVE', DATE '2019-01-03', DATE '2019-01-03');
INSERT INTO department (dept_id, com_id, parent_id, dept_name, dept_code, depth, sort_order, emp_id, dept_status, created_at, updated_at) VALUES (21, 5, NULL, '본사', 'HQ', 1, 1, NULL, 'ACTIVE', DATE '2019-01-03', DATE '2019-01-03');
INSERT INTO department (dept_id, com_id, parent_id, dept_name, dept_code, depth, sort_order, emp_id, dept_status, created_at, updated_at) VALUES (22, 5, 21, '시스템운영부서', 'SYSOP', 2, 1, NULL, 'ACTIVE', DATE '2019-01-03', DATE '2019-01-03');
INSERT INTO department (dept_id, com_id, parent_id, dept_name, dept_code, depth, sort_order, emp_id, dept_status, created_at, updated_at) VALUES (23, 5, 22, 'QA팀', 'QA', 3, 1, NULL, 'ACTIVE', DATE '2019-01-03', DATE '2019-01-03');
INSERT INTO department (dept_id, com_id, parent_id, dept_name, dept_code, depth, sort_order, emp_id, dept_status, created_at, updated_at) VALUES (24, 5, 21, '개발팀', 'DEV', 2, 2, NULL, 'ACTIVE', DATE '2019-01-03', DATE '2019-01-03');
INSERT INTO department (dept_id, com_id, parent_id, dept_name, dept_code, depth, sort_order, emp_id, dept_status, created_at, updated_at) VALUES (25, 5, 21, '영업팀', 'SALES', 2, 3, NULL, 'ACTIVE', DATE '2019-01-03', DATE '2019-01-03');
INSERT INTO department (dept_id, com_id, parent_id, dept_name, dept_code, depth, sort_order, emp_id, dept_status, created_at, updated_at) VALUES (26, 6, NULL, '본사', 'HQ', 1, 1, NULL, 'ACTIVE', DATE '2019-01-03', DATE '2019-01-03');
INSERT INTO department (dept_id, com_id, parent_id, dept_name, dept_code, depth, sort_order, emp_id, dept_status, created_at, updated_at) VALUES (27, 6, 26, '시스템운영부서', 'SYSOP', 2, 1, NULL, 'ACTIVE', DATE '2019-01-03', DATE '2019-01-03');
INSERT INTO department (dept_id, com_id, parent_id, dept_name, dept_code, depth, sort_order, emp_id, dept_status, created_at, updated_at) VALUES (28, 6, 27, 'QA팀', 'QA', 3, 1, NULL, 'ACTIVE', DATE '2019-01-03', DATE '2019-01-03');
INSERT INTO department (dept_id, com_id, parent_id, dept_name, dept_code, depth, sort_order, emp_id, dept_status, created_at, updated_at) VALUES (29, 6, 26, '개발팀', 'DEV', 2, 2, NULL, 'ACTIVE', DATE '2019-01-03', DATE '2019-01-03');
INSERT INTO department (dept_id, com_id, parent_id, dept_name, dept_code, depth, sort_order, emp_id, dept_status, created_at, updated_at) VALUES (30, 6, 26, '영업팀', 'SALES', 2, 3, NULL, 'ACTIVE', DATE '2019-01-03', DATE '2019-01-03');
INSERT INTO department (dept_id, com_id, parent_id, dept_name, dept_code, depth, sort_order, emp_id, dept_status, created_at, updated_at) VALUES (31, 7, NULL, '본사', 'HQ', 1, 1, NULL, 'ACTIVE', DATE '2019-01-03', DATE '2019-01-03');
INSERT INTO department (dept_id, com_id, parent_id, dept_name, dept_code, depth, sort_order, emp_id, dept_status, created_at, updated_at) VALUES (32, 7, 31, '시스템운영부서', 'SYSOP', 2, 1, NULL, 'ACTIVE', DATE '2019-01-03', DATE '2019-01-03');
INSERT INTO department (dept_id, com_id, parent_id, dept_name, dept_code, depth, sort_order, emp_id, dept_status, created_at, updated_at) VALUES (33, 7, 32, 'QA팀', 'QA', 3, 1, NULL, 'ACTIVE', DATE '2019-01-03', DATE '2019-01-03');
INSERT INTO department (dept_id, com_id, parent_id, dept_name, dept_code, depth, sort_order, emp_id, dept_status, created_at, updated_at) VALUES (34, 7, 31, '개발팀', 'DEV', 2, 2, NULL, 'ACTIVE', DATE '2019-01-03', DATE '2019-01-03');
INSERT INTO department (dept_id, com_id, parent_id, dept_name, dept_code, depth, sort_order, emp_id, dept_status, created_at, updated_at) VALUES (35, 7, 31, '영업팀', 'SALES', 2, 3, NULL, 'ACTIVE', DATE '2019-01-03', DATE '2019-01-03');
INSERT INTO department (dept_id, com_id, parent_id, dept_name, dept_code, depth, sort_order, emp_id, dept_status, created_at, updated_at) VALUES (36, 8, NULL, '본사', 'HQ', 1, 1, NULL, 'ACTIVE', DATE '2019-01-03', DATE '2019-01-03');
INSERT INTO department (dept_id, com_id, parent_id, dept_name, dept_code, depth, sort_order, emp_id, dept_status, created_at, updated_at) VALUES (37, 8, 36, '시스템운영부서', 'SYSOP', 2, 1, NULL, 'ACTIVE', DATE '2019-01-03', DATE '2019-01-03');
INSERT INTO department (dept_id, com_id, parent_id, dept_name, dept_code, depth, sort_order, emp_id, dept_status, created_at, updated_at) VALUES (38, 8, 37, 'QA팀', 'QA', 3, 1, NULL, 'ACTIVE', DATE '2019-01-03', DATE '2019-01-03');
INSERT INTO department (dept_id, com_id, parent_id, dept_name, dept_code, depth, sort_order, emp_id, dept_status, created_at, updated_at) VALUES (39, 8, 36, '개발팀', 'DEV', 2, 2, NULL, 'ACTIVE', DATE '2019-01-03', DATE '2019-01-03');
INSERT INTO department (dept_id, com_id, parent_id, dept_name, dept_code, depth, sort_order, emp_id, dept_status, created_at, updated_at) VALUES (40, 8, 36, '영업팀', 'SALES', 2, 3, NULL, 'ACTIVE', DATE '2019-01-03', DATE '2019-01-03');
INSERT INTO department (dept_id, com_id, parent_id, dept_name, dept_code, depth, sort_order, emp_id, dept_status, created_at, updated_at) VALUES (41, 9, NULL, '본사', 'HQ', 1, 1, NULL, 'ACTIVE', DATE '2019-01-03', DATE '2019-01-03');
INSERT INTO department (dept_id, com_id, parent_id, dept_name, dept_code, depth, sort_order, emp_id, dept_status, created_at, updated_at) VALUES (42, 9, 41, '시스템운영부서', 'SYSOP', 2, 1, NULL, 'ACTIVE', DATE '2019-01-03', DATE '2019-01-03');
INSERT INTO department (dept_id, com_id, parent_id, dept_name, dept_code, depth, sort_order, emp_id, dept_status, created_at, updated_at) VALUES (43, 9, 42, 'QA팀', 'QA', 3, 1, NULL, 'ACTIVE', DATE '2019-01-03', DATE '2019-01-03');
INSERT INTO department (dept_id, com_id, parent_id, dept_name, dept_code, depth, sort_order, emp_id, dept_status, created_at, updated_at) VALUES (44, 9, 41, '개발팀', 'DEV', 2, 2, NULL, 'ACTIVE', DATE '2019-01-03', DATE '2019-01-03');
INSERT INTO department (dept_id, com_id, parent_id, dept_name, dept_code, depth, sort_order, emp_id, dept_status, created_at, updated_at) VALUES (45, 9, 41, '영업팀', 'SALES', 2, 3, NULL, 'ACTIVE', DATE '2019-01-03', DATE '2019-01-03');
INSERT INTO department (dept_id, com_id, parent_id, dept_name, dept_code, depth, sort_order, emp_id, dept_status, created_at, updated_at) VALUES (46, 10, NULL, '본사', 'HQ', 1, 1, NULL, 'ACTIVE', DATE '2019-01-03', DATE '2019-01-03');
INSERT INTO department (dept_id, com_id, parent_id, dept_name, dept_code, depth, sort_order, emp_id, dept_status, created_at, updated_at) VALUES (47, 10, 46, '시스템운영부서', 'SYSOP', 2, 1, NULL, 'ACTIVE', DATE '2019-01-03', DATE '2019-01-03');
INSERT INTO department (dept_id, com_id, parent_id, dept_name, dept_code, depth, sort_order, emp_id, dept_status, created_at, updated_at) VALUES (48, 10, 47, 'QA팀', 'QA', 3, 1, NULL, 'ACTIVE', DATE '2019-01-03', DATE '2019-01-03');
INSERT INTO department (dept_id, com_id, parent_id, dept_name, dept_code, depth, sort_order, emp_id, dept_status, created_at, updated_at) VALUES (49, 10, 46, '개발팀', 'DEV', 2, 2, NULL, 'ACTIVE', DATE '2019-01-03', DATE '2019-01-03');
INSERT INTO department (dept_id, com_id, parent_id, dept_name, dept_code, depth, sort_order, emp_id, dept_status, created_at, updated_at) VALUES (50, 10, 46, '영업팀', 'SALES', 2, 3, NULL, 'ACTIVE', DATE '2019-01-03', DATE '2019-01-03');
INSERT INTO department (dept_id, com_id, parent_id, dept_name, dept_code, depth, sort_order, emp_id, dept_status, created_at, updated_at) VALUES (51, 11, NULL, '본사', 'HQ', 1, 1, NULL, 'ACTIVE', DATE '2019-01-03', DATE '2019-01-03');
INSERT INTO department (dept_id, com_id, parent_id, dept_name, dept_code, depth, sort_order, emp_id, dept_status, created_at, updated_at) VALUES (52, 11, 51, '시스템운영부서', 'SYSOP', 2, 1, NULL, 'ACTIVE', DATE '2019-01-03', DATE '2019-01-03');
INSERT INTO department (dept_id, com_id, parent_id, dept_name, dept_code, depth, sort_order, emp_id, dept_status, created_at, updated_at) VALUES (53, 11, 52, 'QA팀', 'QA', 3, 1, NULL, 'ACTIVE', DATE '2019-01-03', DATE '2019-01-03');
INSERT INTO department (dept_id, com_id, parent_id, dept_name, dept_code, depth, sort_order, emp_id, dept_status, created_at, updated_at) VALUES (54, 11, 51, '개발팀', 'DEV', 2, 2, NULL, 'ACTIVE', DATE '2019-01-03', DATE '2019-01-03');
INSERT INTO department (dept_id, com_id, parent_id, dept_name, dept_code, depth, sort_order, emp_id, dept_status, created_at, updated_at) VALUES (55, 11, 51, '영업팀', 'SALES', 2, 3, NULL, 'ACTIVE', DATE '2019-01-03', DATE '2019-01-03');
INSERT INTO department (dept_id, com_id, parent_id, dept_name, dept_code, depth, sort_order, emp_id, dept_status, created_at, updated_at) VALUES (56, 12, NULL, '본사', 'HQ', 1, 1, NULL, 'ACTIVE', DATE '2019-01-03', DATE '2019-01-03');
INSERT INTO department (dept_id, com_id, parent_id, dept_name, dept_code, depth, sort_order, emp_id, dept_status, created_at, updated_at) VALUES (57, 12, 56, '시스템운영부서', 'SYSOP', 2, 1, NULL, 'ACTIVE', DATE '2019-01-03', DATE '2019-01-03');
INSERT INTO department (dept_id, com_id, parent_id, dept_name, dept_code, depth, sort_order, emp_id, dept_status, created_at, updated_at) VALUES (58, 12, 57, 'QA팀', 'QA', 3, 1, NULL, 'ACTIVE', DATE '2019-01-03', DATE '2019-01-03');
INSERT INTO department (dept_id, com_id, parent_id, dept_name, dept_code, depth, sort_order, emp_id, dept_status, created_at, updated_at) VALUES (59, 12, 56, '개발팀', 'DEV', 2, 2, NULL, 'ACTIVE', DATE '2019-01-03', DATE '2019-01-03');
INSERT INTO department (dept_id, com_id, parent_id, dept_name, dept_code, depth, sort_order, emp_id, dept_status, created_at, updated_at) VALUES (60, 12, 56, '영업팀', 'SALES', 2, 3, NULL, 'ACTIVE', DATE '2019-01-03', DATE '2019-01-03');
INSERT INTO department (dept_id, com_id, parent_id, dept_name, dept_code, depth, sort_order, emp_id, dept_status, created_at, updated_at) VALUES (61, 13, NULL, '본사', 'HQ', 1, 1, NULL, 'ACTIVE', DATE '2019-01-03', DATE '2019-01-03');
INSERT INTO department (dept_id, com_id, parent_id, dept_name, dept_code, depth, sort_order, emp_id, dept_status, created_at, updated_at) VALUES (62, 13, 61, '시스템운영부서', 'SYSOP', 2, 1, NULL, 'ACTIVE', DATE '2019-01-03', DATE '2019-01-03');
INSERT INTO department (dept_id, com_id, parent_id, dept_name, dept_code, depth, sort_order, emp_id, dept_status, created_at, updated_at) VALUES (63, 13, 62, 'QA팀', 'QA', 3, 1, NULL, 'ACTIVE', DATE '2019-01-03', DATE '2019-01-03');
INSERT INTO department (dept_id, com_id, parent_id, dept_name, dept_code, depth, sort_order, emp_id, dept_status, created_at, updated_at) VALUES (64, 13, 61, '개발팀', 'DEV', 2, 2, NULL, 'ACTIVE', DATE '2019-01-03', DATE '2019-01-03');
INSERT INTO department (dept_id, com_id, parent_id, dept_name, dept_code, depth, sort_order, emp_id, dept_status, created_at, updated_at) VALUES (65, 13, 61, '영업팀', 'SALES', 2, 3, NULL, 'ACTIVE', DATE '2019-01-03', DATE '2019-01-03');
INSERT INTO department (dept_id, com_id, parent_id, dept_name, dept_code, depth, sort_order, emp_id, dept_status, created_at, updated_at) VALUES (66, 14, NULL, '본사', 'HQ', 1, 1, NULL, 'ACTIVE', DATE '2019-01-03', DATE '2019-01-03');
INSERT INTO department (dept_id, com_id, parent_id, dept_name, dept_code, depth, sort_order, emp_id, dept_status, created_at, updated_at) VALUES (67, 14, 66, '시스템운영부서', 'SYSOP', 2, 1, NULL, 'ACTIVE', DATE '2019-01-03', DATE '2019-01-03');
INSERT INTO department (dept_id, com_id, parent_id, dept_name, dept_code, depth, sort_order, emp_id, dept_status, created_at, updated_at) VALUES (68, 14, 67, 'QA팀', 'QA', 3, 1, NULL, 'ACTIVE', DATE '2019-01-03', DATE '2019-01-03');
INSERT INTO department (dept_id, com_id, parent_id, dept_name, dept_code, depth, sort_order, emp_id, dept_status, created_at, updated_at) VALUES (69, 14, 66, '개발팀', 'DEV', 2, 2, NULL, 'ACTIVE', DATE '2019-01-03', DATE '2019-01-03');
INSERT INTO department (dept_id, com_id, parent_id, dept_name, dept_code, depth, sort_order, emp_id, dept_status, created_at, updated_at) VALUES (70, 14, 66, '영업팀', 'SALES', 2, 3, NULL, 'ACTIVE', DATE '2019-01-03', DATE '2019-01-03');
INSERT INTO department (dept_id, com_id, parent_id, dept_name, dept_code, depth, sort_order, emp_id, dept_status, created_at, updated_at) VALUES (71, 15, NULL, '본사', 'HQ', 1, 1, NULL, 'ACTIVE', DATE '2019-01-03', DATE '2019-01-03');
INSERT INTO department (dept_id, com_id, parent_id, dept_name, dept_code, depth, sort_order, emp_id, dept_status, created_at, updated_at) VALUES (72, 15, 71, '시스템운영부서', 'SYSOP', 2, 1, NULL, 'ACTIVE', DATE '2019-01-03', DATE '2019-01-03');
INSERT INTO department (dept_id, com_id, parent_id, dept_name, dept_code, depth, sort_order, emp_id, dept_status, created_at, updated_at) VALUES (73, 15, 72, 'QA팀', 'QA', 3, 1, NULL, 'ACTIVE', DATE '2019-01-03', DATE '2019-01-03');
INSERT INTO department (dept_id, com_id, parent_id, dept_name, dept_code, depth, sort_order, emp_id, dept_status, created_at, updated_at) VALUES (74, 15, 71, '개발팀', 'DEV', 2, 2, NULL, 'ACTIVE', DATE '2019-01-03', DATE '2019-01-03');
INSERT INTO department (dept_id, com_id, parent_id, dept_name, dept_code, depth, sort_order, emp_id, dept_status, created_at, updated_at) VALUES (75, 15, 71, '영업팀', 'SALES', 2, 3, NULL, 'ACTIVE', DATE '2019-01-03', DATE '2019-01-03');
INSERT INTO department (dept_id, com_id, parent_id, dept_name, dept_code, depth, sort_order, emp_id, dept_status, created_at, updated_at) VALUES (76, 16, NULL, '본사', 'HQ', 1, 1, NULL, 'ACTIVE', DATE '2019-01-03', DATE '2019-01-03');
INSERT INTO department (dept_id, com_id, parent_id, dept_name, dept_code, depth, sort_order, emp_id, dept_status, created_at, updated_at) VALUES (77, 16, 76, '시스템운영부서', 'SYSOP', 2, 1, NULL, 'ACTIVE', DATE '2019-01-03', DATE '2019-01-03');
INSERT INTO department (dept_id, com_id, parent_id, dept_name, dept_code, depth, sort_order, emp_id, dept_status, created_at, updated_at) VALUES (78, 16, 77, 'QA팀', 'QA', 3, 1, NULL, 'ACTIVE', DATE '2019-01-03', DATE '2019-01-03');
INSERT INTO department (dept_id, com_id, parent_id, dept_name, dept_code, depth, sort_order, emp_id, dept_status, created_at, updated_at) VALUES (79, 16, 76, '개발팀', 'DEV', 2, 2, NULL, 'ACTIVE', DATE '2019-01-03', DATE '2019-01-03');
INSERT INTO department (dept_id, com_id, parent_id, dept_name, dept_code, depth, sort_order, emp_id, dept_status, created_at, updated_at) VALUES (80, 16, 76, '영업팀', 'SALES', 2, 3, NULL, 'ACTIVE', DATE '2019-01-03', DATE '2019-01-03');
INSERT INTO department (dept_id, com_id, parent_id, dept_name, dept_code, depth, sort_order, emp_id, dept_status, created_at, updated_at) VALUES (81, 17, NULL, '본사', 'HQ', 1, 1, NULL, 'ACTIVE', DATE '2019-01-03', DATE '2019-01-03');
INSERT INTO department (dept_id, com_id, parent_id, dept_name, dept_code, depth, sort_order, emp_id, dept_status, created_at, updated_at) VALUES (82, 17, 81, '시스템운영부서', 'SYSOP', 2, 1, NULL, 'ACTIVE', DATE '2019-01-03', DATE '2019-01-03');
INSERT INTO department (dept_id, com_id, parent_id, dept_name, dept_code, depth, sort_order, emp_id, dept_status, created_at, updated_at) VALUES (83, 17, 82, 'QA팀', 'QA', 3, 1, NULL, 'ACTIVE', DATE '2019-01-03', DATE '2019-01-03');
INSERT INTO department (dept_id, com_id, parent_id, dept_name, dept_code, depth, sort_order, emp_id, dept_status, created_at, updated_at) VALUES (84, 17, 81, '개발팀', 'DEV', 2, 2, NULL, 'ACTIVE', DATE '2019-01-03', DATE '2019-01-03');
INSERT INTO department (dept_id, com_id, parent_id, dept_name, dept_code, depth, sort_order, emp_id, dept_status, created_at, updated_at) VALUES (85, 17, 81, '영업팀', 'SALES', 2, 3, NULL, 'ACTIVE', DATE '2019-01-03', DATE '2019-01-03');
INSERT INTO department (dept_id, com_id, parent_id, dept_name, dept_code, depth, sort_order, emp_id, dept_status, created_at, updated_at) VALUES (86, 18, NULL, '본사', 'HQ', 1, 1, NULL, 'ACTIVE', DATE '2019-01-03', DATE '2019-01-03');
INSERT INTO department (dept_id, com_id, parent_id, dept_name, dept_code, depth, sort_order, emp_id, dept_status, created_at, updated_at) VALUES (87, 18, 86, '시스템운영부서', 'SYSOP', 2, 1, NULL, 'ACTIVE', DATE '2019-01-03', DATE '2019-01-03');
INSERT INTO department (dept_id, com_id, parent_id, dept_name, dept_code, depth, sort_order, emp_id, dept_status, created_at, updated_at) VALUES (88, 18, 87, 'QA팀', 'QA', 3, 1, NULL, 'ACTIVE', DATE '2019-01-03', DATE '2019-01-03');
INSERT INTO department (dept_id, com_id, parent_id, dept_name, dept_code, depth, sort_order, emp_id, dept_status, created_at, updated_at) VALUES (89, 18, 86, '개발팀', 'DEV', 2, 2, NULL, 'ACTIVE', DATE '2019-01-03', DATE '2019-01-03');
INSERT INTO department (dept_id, com_id, parent_id, dept_name, dept_code, depth, sort_order, emp_id, dept_status, created_at, updated_at) VALUES (90, 18, 86, '영업팀', 'SALES', 2, 3, NULL, 'ACTIVE', DATE '2019-01-03', DATE '2019-01-03');
INSERT INTO department (dept_id, com_id, parent_id, dept_name, dept_code, depth, sort_order, emp_id, dept_status, created_at, updated_at) VALUES (91, 19, NULL, '본사', 'HQ', 1, 1, NULL, 'ACTIVE', DATE '2019-01-03', DATE '2019-01-03');
INSERT INTO department (dept_id, com_id, parent_id, dept_name, dept_code, depth, sort_order, emp_id, dept_status, created_at, updated_at) VALUES (92, 19, 91, '시스템운영부서', 'SYSOP', 2, 1, NULL, 'ACTIVE', DATE '2019-01-03', DATE '2019-01-03');
INSERT INTO department (dept_id, com_id, parent_id, dept_name, dept_code, depth, sort_order, emp_id, dept_status, created_at, updated_at) VALUES (93, 19, 92, 'QA팀', 'QA', 3, 1, NULL, 'ACTIVE', DATE '2019-01-03', DATE '2019-01-03');
INSERT INTO department (dept_id, com_id, parent_id, dept_name, dept_code, depth, sort_order, emp_id, dept_status, created_at, updated_at) VALUES (94, 19, 91, '개발팀', 'DEV', 2, 2, NULL, 'ACTIVE', DATE '2019-01-03', DATE '2019-01-03');
INSERT INTO department (dept_id, com_id, parent_id, dept_name, dept_code, depth, sort_order, emp_id, dept_status, created_at, updated_at) VALUES (95, 19, 91, '영업팀', 'SALES', 2, 3, NULL, 'ACTIVE', DATE '2019-01-03', DATE '2019-01-03');
INSERT INTO department (dept_id, com_id, parent_id, dept_name, dept_code, depth, sort_order, emp_id, dept_status, created_at, updated_at) VALUES (96, 20, NULL, '본사', 'HQ', 1, 1, NULL, 'ACTIVE', DATE '2019-01-03', DATE '2019-01-03');
INSERT INTO department (dept_id, com_id, parent_id, dept_name, dept_code, depth, sort_order, emp_id, dept_status, created_at, updated_at) VALUES (97, 20, 96, '시스템운영부서', 'SYSOP', 2, 1, NULL, 'ACTIVE', DATE '2019-01-03', DATE '2019-01-03');
INSERT INTO department (dept_id, com_id, parent_id, dept_name, dept_code, depth, sort_order, emp_id, dept_status, created_at, updated_at) VALUES (98, 20, 97, 'QA팀', 'QA', 3, 1, NULL, 'ACTIVE', DATE '2019-01-03', DATE '2019-01-03');
INSERT INTO department (dept_id, com_id, parent_id, dept_name, dept_code, depth, sort_order, emp_id, dept_status, created_at, updated_at) VALUES (99, 20, 96, '개발팀', 'DEV', 2, 2, NULL, 'ACTIVE', DATE '2019-01-03', DATE '2019-01-03');
INSERT INTO department (dept_id, com_id, parent_id, dept_name, dept_code, depth, sort_order, emp_id, dept_status, created_at, updated_at) VALUES (100, 20, 96, '영업팀', 'SALES', 2, 3, NULL, 'ACTIVE', DATE '2019-01-03', DATE '2019-01-03');

--------------------------------------------------------------------------
-- 4. EMPLOYEE (130건)
--    * EMP_ID 1~10 : 시스템 계정 (com_id=1), 비밀번호(BCrypt) = '1234'
--    * EMP_ID 1    : admin@sberp.co.kr (시스템 관리자 계정)
--    * 그 외 계정  : 초기 비밀번호(BCrypt) = EMP_NO
--------------------------------------------------------------------------
INSERT INTO employee (emp_id, emp_no, emp_name, emp_pass, emp_email, emp_mobile, emp_status, hire_date, created_at, updated_at, com_id, pos_id, dept_id) VALUES (1, 'SYS-001', '시스템관리자', '$2b$12$0jQn65xCWuB8L5ws9uOB7.6KiejyXNMQVCrl/YuR8DxEfsmXfrWq.', 'admin@sberp.co.kr', '010-0000-0001', '재직', DATE '2019-01-02', DATE '2019-01-02', DATE '2019-01-02', 1, 1, 2);
INSERT INTO employee (emp_id, emp_no, emp_name, emp_pass, emp_email, emp_mobile, emp_status, hire_date, created_at, updated_at, com_id, pos_id, dept_id) VALUES (2, 'SYS-002', '통합운영자', '$2b$12$.T1CfnIN0SYB7qaskJACpebB91x7mB1Xy7OtA1rGASJEdS9sJ1hi.', 'sysop02@sberp.co.kr', '010-0000-0002', '재직', DATE '2019-01-02', DATE '2019-01-02', DATE '2019-01-02', 1, 1, 2);
INSERT INTO employee (emp_id, emp_no, emp_name, emp_pass, emp_email, emp_mobile, emp_status, hire_date, created_at, updated_at, com_id, pos_id, dept_id) VALUES (3, 'SYS-003', '보안관리자', '$2b$12$jC7knGK86LY1dS2DEfS3xuMJ6ondH81Hv6hcNaLiWOKIkZHJ8YECW', 'sysop03@sberp.co.kr', '010-0000-0003', '재직', DATE '2019-01-02', DATE '2019-01-02', DATE '2019-01-02', 1, 1, 2);
INSERT INTO employee (emp_id, emp_no, emp_name, emp_pass, emp_email, emp_mobile, emp_status, hire_date, created_at, updated_at, com_id, pos_id, dept_id) VALUES (4, 'SYS-004', '인프라운영자', '$2b$12$2jrgJXCrXxAFsukEwWsm5eAs9MOSKQUmaMR7epL2vMLC0sd9poXyC', 'sysop04@sberp.co.kr', '010-0000-0004', '재직', DATE '2019-01-02', DATE '2019-01-02', DATE '2019-01-02', 1, 1, 2);
INSERT INTO employee (emp_id, emp_no, emp_name, emp_pass, emp_email, emp_mobile, emp_status, hire_date, created_at, updated_at, com_id, pos_id, dept_id) VALUES (5, 'SYS-005', 'DB관리자', '$2b$12$1/vc5.4tsrdOeJYUGaGTtuUot6kIrCUqxoM.EcIZkpuHH8J7umzJ6', 'sysop05@sberp.co.kr', '010-0000-0005', '재직', DATE '2019-01-02', DATE '2019-01-02', DATE '2019-01-02', 1, 1, 2);
INSERT INTO employee (emp_id, emp_no, emp_name, emp_pass, emp_email, emp_mobile, emp_status, hire_date, created_at, updated_at, com_id, pos_id, dept_id) VALUES (6, 'SYS-006', '서비스운영자', '$2b$12$M2wcPGYZ2tN.jl387h0Vou.kmlkFAZygYh.mtAUAx7.TlDDr15pCK', 'sysop06@sberp.co.kr', '010-0000-0006', '재직', DATE '2019-01-02', DATE '2019-01-02', DATE '2019-01-02', 1, 1, 2);
INSERT INTO employee (emp_id, emp_no, emp_name, emp_pass, emp_email, emp_mobile, emp_status, hire_date, created_at, updated_at, com_id, pos_id, dept_id) VALUES (7, 'SYS-007', '모니터링관리자', '$2b$12$uSAJwlW/Eh2GTJZy2j6TjuTIhxTId.4kgQmKmmV1nawLfIrRG7bZ2', 'sysop07@sberp.co.kr', '010-0000-0007', '재직', DATE '2019-01-02', DATE '2019-01-02', DATE '2019-01-02', 1, 1, 2);
INSERT INTO employee (emp_id, emp_no, emp_name, emp_pass, emp_email, emp_mobile, emp_status, hire_date, created_at, updated_at, com_id, pos_id, dept_id) VALUES (8, 'SYS-008', '백업관리자', '$2b$12$9RcUoUBGb7JS2stu.moeaerpZRi7Wbb3nVveA816AFc3c43j9m8/i', 'sysop08@sberp.co.kr', '010-0000-0008', '재직', DATE '2019-01-02', DATE '2019-01-02', DATE '2019-01-02', 1, 1, 2);
INSERT INTO employee (emp_id, emp_no, emp_name, emp_pass, emp_email, emp_mobile, emp_status, hire_date, created_at, updated_at, com_id, pos_id, dept_id) VALUES (9, 'SYS-009', '배치운영자', '$2b$12$.nAtrS28mE46t81d5jEp4efTRoQySL0KUYLegx5XmKgOw.U0htyq.', 'sysop09@sberp.co.kr', '010-0000-0009', '재직', DATE '2019-01-02', DATE '2019-01-02', DATE '2019-01-02', 1, 1, 2);
INSERT INTO employee (emp_id, emp_no, emp_name, emp_pass, emp_email, emp_mobile, emp_status, hire_date, created_at, updated_at, com_id, pos_id, dept_id) VALUES (10, 'SYS-010', '헬프데스크', '$2b$12$NDldiy.sY3MTDhMjQ2RxvOzgi5MtI1Mnfy6pY01umQ/ZzZQEmPWja', 'sysop10@sberp.co.kr', '010-0000-0010', '재직', DATE '2019-01-02', DATE '2019-01-02', DATE '2019-01-02', 1, 1, 2);
INSERT INTO employee (emp_id, emp_no, emp_name, emp_pass, emp_email, emp_mobile, emp_status, hire_date, created_at, updated_at, com_id, pos_id, dept_id) VALUES (11, 'EMP-0001', '조부장', '$2b$12$Qlj7rM/IuvsoW7B50XKQpOsPlk3Ow7IEnjuizajqxlRgui/OIXTIe', 'user0001@company002.co.kr', '010-2029-6555', '재직', DATE '2018-10-04', DATE '2018-10-04', DATE '2018-10-04', 2, 7, 7);
INSERT INTO employee (emp_id, emp_no, emp_name, emp_pass, emp_email, emp_mobile, emp_status, hire_date, created_at, updated_at, com_id, pos_id, dept_id) VALUES (12, 'EMP-0002', '홍과장', '$2b$12$jVU4fjcLsH6okG4Al4Xyv.FYnir/1xU8ElztVJnVl57UfSLaUoxE2', 'user0002@company003.co.kr', '010-1714-5295', '재직', DATE '2022-09-25', DATE '2022-09-25', DATE '2022-09-25', 3, 13, 13);
INSERT INTO employee (emp_id, emp_no, emp_name, emp_pass, emp_email, emp_mobile, emp_status, hire_date, created_at, updated_at, com_id, pos_id, dept_id) VALUES (13, 'EMP-0003', '한대리', '$2b$12$23STh6voBiZL5g6A9UOcgORwSAvD4a.UIZqqhO6A7RO2XPLODZSum', 'user0003@company004.co.kr', '010-5515-5872', '재직', DATE '2023-06-23', DATE '2023-06-23', DATE '2023-06-23', 4, 19, 19);
INSERT INTO employee (emp_id, emp_no, emp_name, emp_pass, emp_email, emp_mobile, emp_status, hire_date, created_at, updated_at, com_id, pos_id, dept_id) VALUES (14, 'EMP-0004', '홍사원', '$2b$12$S3.aHIpDdR.M2qWO1cmJiuI6icCLPOnshAgRLb82i4BdihAyb1Mnm', 'user0004@company005.co.kr', '010-2070-1397', '재직', DATE '2016-03-15', DATE '2016-03-15', DATE '2016-03-15', 5, 25, 25);
INSERT INTO employee (emp_id, emp_no, emp_name, emp_pass, emp_email, emp_mobile, emp_status, hire_date, created_at, updated_at, com_id, pos_id, dept_id) VALUES (15, 'EMP-0005', '황이사', '$2b$12$Masm9EvXAiNLl2pzKnc4C.yKWsxlDa.FgJVHiDoIjeDkAxgPwJ1Zu', 'user0005@company006.co.kr', '010-8630-7332', '재직', DATE '2025-03-30', DATE '2025-03-30', DATE '2025-03-30', 6, 26, 26);
INSERT INTO employee (emp_id, emp_no, emp_name, emp_pass, emp_email, emp_mobile, emp_status, hire_date, created_at, updated_at, com_id, pos_id, dept_id) VALUES (16, 'EMP-0006', '신부장', '$2b$12$htZ7aunPJx2c9h7ZTiEKKuTBgHn/MxorsMfm3pMiviAlQet/Xp/1.', 'user0006@company007.co.kr', '010-9085-3174', '휴직', DATE '2017-01-19', DATE '2017-01-19', DATE '2017-01-19', 7, 32, 32);
INSERT INTO employee (emp_id, emp_no, emp_name, emp_pass, emp_email, emp_mobile, emp_status, hire_date, created_at, updated_at, com_id, pos_id, dept_id) VALUES (17, 'EMP-0007', '김과장', '$2b$12$ibcb1zJ8OLyUi7P7m1HNfOWHm28W5AitpARU76KjGU.ekj/edcKmS', 'user0007@company008.co.kr', '010-5969-3479', '재직', DATE '2018-09-04', DATE '2018-09-04', DATE '2018-09-04', 8, 38, 38);
INSERT INTO employee (emp_id, emp_no, emp_name, emp_pass, emp_email, emp_mobile, emp_status, hire_date, created_at, updated_at, com_id, pos_id, dept_id) VALUES (18, 'EMP-0008', '한대리', '$2b$12$fGTYXZz2QOlraT4GAHz68u39muWEpzN98qJ2kw/2DF.OuUmhAkgJO', 'user0008@company009.co.kr', '010-8549-6928', '재직', DATE '2021-09-06', DATE '2021-09-06', DATE '2021-09-06', 9, 44, 44);
INSERT INTO employee (emp_id, emp_no, emp_name, emp_pass, emp_email, emp_mobile, emp_status, hire_date, created_at, updated_at, com_id, pos_id, dept_id) VALUES (19, 'EMP-0009', '박사원', '$2b$12$.Kx1mAzZyHB6fu/.aLntjuFyX0foWTovW36VlO.vwcf/XhVbDaiuO', 'user0009@company010.co.kr', '010-9386-4232', '재직', DATE '2016-10-17', DATE '2016-10-17', DATE '2016-10-17', 10, 50, 50);
INSERT INTO employee (emp_id, emp_no, emp_name, emp_pass, emp_email, emp_mobile, emp_status, hire_date, created_at, updated_at, com_id, pos_id, dept_id) VALUES (20, 'EMP-0010', '윤이사', '$2b$12$4ZayaDKdCn0J2jm7kBK3n.DkddbKpBmC6YRQ.3KqjFNfxy46lx2/u', 'user0010@company011.co.kr', '010-7680-2060', '재직', DATE '2020-05-27', DATE '2020-05-27', DATE '2020-05-27', 11, 51, 51);
INSERT INTO employee (emp_id, emp_no, emp_name, emp_pass, emp_email, emp_mobile, emp_status, hire_date, created_at, updated_at, com_id, pos_id, dept_id) VALUES (21, 'EMP-0011', '송부장', '$2b$12$xq0aFyNuE.QuTAp42pCguuCno36B0Wlq0mFn5VKNXqjGBydgJfrB.', 'user0011@company012.co.kr', '010-9922-6337', '재직', DATE '2019-10-14', DATE '2019-10-14', DATE '2019-10-14', 12, 57, 57);
INSERT INTO employee (emp_id, emp_no, emp_name, emp_pass, emp_email, emp_mobile, emp_status, hire_date, created_at, updated_at, com_id, pos_id, dept_id) VALUES (22, 'EMP-0012', '최과장', '$2b$12$gsQ53JcAFSgH0PYYOmSSMuiOmzJt7O9pM4uXN72cGf/O6a4rbF22u', 'user0012@company013.co.kr', '010-2182-5339', '재직', DATE '2017-05-03', DATE '2017-05-03', DATE '2017-05-03', 13, 63, 63);
INSERT INTO employee (emp_id, emp_no, emp_name, emp_pass, emp_email, emp_mobile, emp_status, hire_date, created_at, updated_at, com_id, pos_id, dept_id) VALUES (23, 'EMP-0013', '최대리', '$2b$12$paz15veKoeW4xZds3ibefeDfviEjeU0TidQspKQeCN3zaWYYwrNcW', 'user0013@company014.co.kr', '010-7898-9167', '퇴직', DATE '2020-01-05', DATE '2020-01-05', DATE '2020-01-05', 14, 69, 69);
INSERT INTO employee (emp_id, emp_no, emp_name, emp_pass, emp_email, emp_mobile, emp_status, hire_date, created_at, updated_at, com_id, pos_id, dept_id) VALUES (24, 'EMP-0014', '강사원', '$2b$12$NEApGs7OMAhte.DoBOXlqu0g9QHKbSyIGDsyKMJOkyBexZ53dmjlK', 'user0014@company015.co.kr', '010-4837-3177', '재직', DATE '2021-12-15', DATE '2021-12-15', DATE '2021-12-15', 15, 75, 75);
INSERT INTO employee (emp_id, emp_no, emp_name, emp_pass, emp_email, emp_mobile, emp_status, hire_date, created_at, updated_at, com_id, pos_id, dept_id) VALUES (25, 'EMP-0015', '윤이사', '$2b$12$cPsQIpLFKQafdtSDR86u/u9UB9fP3w3l76pqMwvheENav2Bv5QnNa', 'user0015@company016.co.kr', '010-9823-2985', '재직', DATE '2018-04-18', DATE '2018-04-18', DATE '2018-04-18', 16, 76, 76);
INSERT INTO employee (emp_id, emp_no, emp_name, emp_pass, emp_email, emp_mobile, emp_status, hire_date, created_at, updated_at, com_id, pos_id, dept_id) VALUES (26, 'EMP-0016', '임부장', '$2b$12$34YYGQ04AY8vlw8WqgAjUeKlAvcAq68gbddJl8jE.06LpnWvI7BNu', 'user0016@company017.co.kr', '010-5577-5385', '재직', DATE '2023-04-12', DATE '2023-04-12', DATE '2023-04-12', 17, 82, 82);
INSERT INTO employee (emp_id, emp_no, emp_name, emp_pass, emp_email, emp_mobile, emp_status, hire_date, created_at, updated_at, com_id, pos_id, dept_id) VALUES (27, 'EMP-0017', '장과장', '$2b$12$l7BbIn9iKCHqKzJK64pBaeXJqkkPK0QIYfFdkYWCK/i/GYWh1eQrC', 'user0017@company018.co.kr', '010-4263-8199', '재직', DATE '2017-10-01', DATE '2017-10-01', DATE '2017-10-01', 18, 88, 88);
INSERT INTO employee (emp_id, emp_no, emp_name, emp_pass, emp_email, emp_mobile, emp_status, hire_date, created_at, updated_at, com_id, pos_id, dept_id) VALUES (28, 'EMP-0018', '윤대리', '$2b$12$DuG1YCiCjJxWJQr7.Ka3qOMB/8ItwzGXUMp4ilqvkerW30gpTZJgK', 'user0018@company019.co.kr', '010-3512-5609', '재직', DATE '2021-06-26', DATE '2021-06-26', DATE '2021-06-26', 19, 94, 94);
INSERT INTO employee (emp_id, emp_no, emp_name, emp_pass, emp_email, emp_mobile, emp_status, hire_date, created_at, updated_at, com_id, pos_id, dept_id) VALUES (29, 'EMP-0019', '조사원', '$2b$12$uhfhOag6vDIMWjs29wdJfuK7w2wP7ECaJ35.mtwgZ9rnPC.udEZma', 'user0019@company020.co.kr', '010-6346-2061', '재직', DATE '2017-10-04', DATE '2017-10-04', DATE '2017-10-04', 20, 100, 100);
INSERT INTO employee (emp_id, emp_no, emp_name, emp_pass, emp_email, emp_mobile, emp_status, hire_date, created_at, updated_at, com_id, pos_id, dept_id) VALUES (30, 'EMP-0020', '안이사', '$2b$12$HMp1Eh6S3vmTsLdesHzBa.m8SIOAUlwKD0ly8c9M6aZE.3UhyCzvK', 'user0020@company001.co.kr', '010-9623-4790', '재직', DATE '2016-02-16', DATE '2016-02-16', DATE '2016-02-16', 1, 1, 1);
INSERT INTO employee (emp_id, emp_no, emp_name, emp_pass, emp_email, emp_mobile, emp_status, hire_date, created_at, updated_at, com_id, pos_id, dept_id) VALUES (31, 'EMP-0021', '권부장', '$2b$12$4lDJEik4VsarfTtFJmtTVu.VWCm3VE6RGqaiEopFNy4H23HcyNGcG', 'user0021@company002.co.kr', '010-1606-2676', '재직', DATE '2024-11-25', DATE '2024-11-25', DATE '2024-11-25', 2, 7, 7);
INSERT INTO employee (emp_id, emp_no, emp_name, emp_pass, emp_email, emp_mobile, emp_status, hire_date, created_at, updated_at, com_id, pos_id, dept_id) VALUES (32, 'EMP-0022', '윤과장', '$2b$12$/uOThR7E20gUUv0FqrCQT.w0hiTbbC1EQ8byG4T/zuWeaNCEwrRJG', 'user0022@company003.co.kr', '010-8344-7125', '재직', DATE '2018-04-17', DATE '2018-04-17', DATE '2018-04-17', 3, 13, 13);
INSERT INTO employee (emp_id, emp_no, emp_name, emp_pass, emp_email, emp_mobile, emp_status, hire_date, created_at, updated_at, com_id, pos_id, dept_id) VALUES (33, 'EMP-0023', '윤대리', '$2b$12$ffuvireMWaNrvfsp4egE6.c3NMPQBWtsEuat6rScBf9nWFRCtuHC.', 'user0023@company004.co.kr', '010-2953-1825', '재직', DATE '2024-04-14', DATE '2024-04-14', DATE '2024-04-14', 4, 19, 19);
INSERT INTO employee (emp_id, emp_no, emp_name, emp_pass, emp_email, emp_mobile, emp_status, hire_date, created_at, updated_at, com_id, pos_id, dept_id) VALUES (34, 'EMP-0024', '전사원', '$2b$12$vjnGfAD5nftKWN4jcyDq.uP9zcGq8b3zlbGnwAwocaSsmLPVl.sqW', 'user0024@company005.co.kr', '010-4181-2230', '재직', DATE '2024-09-17', DATE '2024-09-17', DATE '2024-09-17', 5, 25, 25);
INSERT INTO employee (emp_id, emp_no, emp_name, emp_pass, emp_email, emp_mobile, emp_status, hire_date, created_at, updated_at, com_id, pos_id, dept_id) VALUES (35, 'EMP-0025', '강이사', '$2b$12$E96/gM9esSlurvuVKIigluPo/slN34KMtncM4mE469631FsU77E0m', 'user0025@company006.co.kr', '010-8358-5258', '재직', DATE '2022-06-15', DATE '2022-06-15', DATE '2022-06-15', 6, 26, 26);
INSERT INTO employee (emp_id, emp_no, emp_name, emp_pass, emp_email, emp_mobile, emp_status, hire_date, created_at, updated_at, com_id, pos_id, dept_id) VALUES (36, 'EMP-0026', '김부장', '$2b$12$zaG7ePyB3KywQvXvdQeRHujnG2Q.CcmT6G9FuVfHPzJJKNbq0nwgW', 'user0026@company007.co.kr', '010-2733-6729', '재직', DATE '2019-02-19', DATE '2019-02-19', DATE '2019-02-19', 7, 32, 32);
INSERT INTO employee (emp_id, emp_no, emp_name, emp_pass, emp_email, emp_mobile, emp_status, hire_date, created_at, updated_at, com_id, pos_id, dept_id) VALUES (37, 'EMP-0027', '한과장', '$2b$12$tnspHqlIFotYnT3NojepAuFqIBKMrJ5asmeXbExJ9PlBBN5LLZ5zi', 'user0027@company008.co.kr', '010-3316-1723', '재직', DATE '2017-11-10', DATE '2017-11-10', DATE '2017-11-10', 8, 38, 38);
INSERT INTO employee (emp_id, emp_no, emp_name, emp_pass, emp_email, emp_mobile, emp_status, hire_date, created_at, updated_at, com_id, pos_id, dept_id) VALUES (38, 'EMP-0028', '이대리', '$2b$12$Hz8fYeN.c/pk16TN5O8AtekNaalSa4Q4SbQKJtOSPeX.zRECF4jtu', 'user0028@company009.co.kr', '010-4333-1186', '재직', DATE '2019-08-03', DATE '2019-08-03', DATE '2019-08-03', 9, 44, 44);
INSERT INTO employee (emp_id, emp_no, emp_name, emp_pass, emp_email, emp_mobile, emp_status, hire_date, created_at, updated_at, com_id, pos_id, dept_id) VALUES (39, 'EMP-0029', '오사원', '$2b$12$3y14Ns6c5B8q5YU0YWbweehvQyrTliptxqzok9082JPL4y6IKB5BC', 'user0029@company010.co.kr', '010-4033-6115', '재직', DATE '2015-05-09', DATE '2015-05-09', DATE '2015-05-09', 10, 50, 50);
INSERT INTO employee (emp_id, emp_no, emp_name, emp_pass, emp_email, emp_mobile, emp_status, hire_date, created_at, updated_at, com_id, pos_id, dept_id) VALUES (40, 'EMP-0030', '황이사', '$2b$12$s/DuMYpzh/i4IlSyVHrMzud5iDzpKJVprAQXVJEufOaBxC8cjopda', 'user0030@company011.co.kr', '010-9979-8921', '재직', DATE '2016-02-20', DATE '2016-02-20', DATE '2016-02-20', 11, 51, 51);
INSERT INTO employee (emp_id, emp_no, emp_name, emp_pass, emp_email, emp_mobile, emp_status, hire_date, created_at, updated_at, com_id, pos_id, dept_id) VALUES (41, 'EMP-0031', '서부장', '$2b$12$jng1IIyDOPW.c7G7rdbHSOFqQbmuFp5j1sr/y1VvCK4c6A8tM5V8e', 'user0031@company012.co.kr', '010-3532-9749', '재직', DATE '2016-11-01', DATE '2016-11-01', DATE '2016-11-01', 12, 57, 57);
INSERT INTO employee (emp_id, emp_no, emp_name, emp_pass, emp_email, emp_mobile, emp_status, hire_date, created_at, updated_at, com_id, pos_id, dept_id) VALUES (42, 'EMP-0032', '서과장', '$2b$12$PlipVNyO.XX0ipmjOZknDOplHN11ee1jZtGOJYwjf6HFVCiUcSzN2', 'user0032@company013.co.kr', '010-5442-7713', '퇴직', DATE '2022-06-28', DATE '2022-06-28', DATE '2022-06-28', 13, 63, 63);
INSERT INTO employee (emp_id, emp_no, emp_name, emp_pass, emp_email, emp_mobile, emp_status, hire_date, created_at, updated_at, com_id, pos_id, dept_id) VALUES (43, 'EMP-0033', '임대리', '$2b$12$alGnHeAjOGfJNi6qJpYZNuhmJnHW/dWEIPJvAo5TYdWnzU6.W2ZmO', 'user0033@company014.co.kr', '010-7845-1841', '재직', DATE '2021-05-09', DATE '2021-05-09', DATE '2021-05-09', 14, 69, 69);
INSERT INTO employee (emp_id, emp_no, emp_name, emp_pass, emp_email, emp_mobile, emp_status, hire_date, created_at, updated_at, com_id, pos_id, dept_id) VALUES (44, 'EMP-0034', '오사원', '$2b$12$y6akaXyc2GOzyIp/VmDrCOAEokph4eYu1/cVlJ2MR1eJ3y6RZ535m', 'user0034@company015.co.kr', '010-7784-7823', '재직', DATE '2023-08-07', DATE '2023-08-07', DATE '2023-08-07', 15, 75, 75);
INSERT INTO employee (emp_id, emp_no, emp_name, emp_pass, emp_email, emp_mobile, emp_status, hire_date, created_at, updated_at, com_id, pos_id, dept_id) VALUES (45, 'EMP-0035', '오이사', '$2b$12$K/9caDmWEylY36XrCTETwuhz59kv5n5b/XMUwnFBzJWtmOJ2sTZ7C', 'user0035@company016.co.kr', '010-4230-7401', '재직', DATE '2017-04-14', DATE '2017-04-14', DATE '2017-04-14', 16, 76, 76);
INSERT INTO employee (emp_id, emp_no, emp_name, emp_pass, emp_email, emp_mobile, emp_status, hire_date, created_at, updated_at, com_id, pos_id, dept_id) VALUES (46, 'EMP-0036', '김부장', '$2b$12$/ziCHO2dH6.HzJyA0rGdcOrBhyEVvks1YNXFcQi9dDoAoIcfs2maO', 'user0036@company017.co.kr', '010-8113-3565', '재직', DATE '2024-03-14', DATE '2024-03-14', DATE '2024-03-14', 17, 82, 82);
INSERT INTO employee (emp_id, emp_no, emp_name, emp_pass, emp_email, emp_mobile, emp_status, hire_date, created_at, updated_at, com_id, pos_id, dept_id) VALUES (47, 'EMP-0037', '박과장', '$2b$12$r.xlx/3IMLwYcKdkm6ZwjuJfh4kh7ht1dPXESzAjrDkmDfXTlWiye', 'user0037@company018.co.kr', '010-7655-6975', '재직', DATE '2016-10-27', DATE '2016-10-27', DATE '2016-10-27', 18, 88, 88);
INSERT INTO employee (emp_id, emp_no, emp_name, emp_pass, emp_email, emp_mobile, emp_status, hire_date, created_at, updated_at, com_id, pos_id, dept_id) VALUES (48, 'EMP-0038', '정대리', '$2b$12$HfeMZIUMdZVs4YmOlU2W5.4.6L.M8RQP0jb4ROEc30SQt9IyINh3W', 'user0038@company019.co.kr', '010-1243-1846', '재직', DATE '2022-03-09', DATE '2022-03-09', DATE '2022-03-09', 19, 94, 94);
INSERT INTO employee (emp_id, emp_no, emp_name, emp_pass, emp_email, emp_mobile, emp_status, hire_date, created_at, updated_at, com_id, pos_id, dept_id) VALUES (49, 'EMP-0039', '서사원', '$2b$12$oCcvZf3H.0GFeFR7npoSCeyy9ydVAUdtSoDKfCkT6y83zdvyH7By.', 'user0039@company020.co.kr', '010-2458-7075', '재직', DATE '2016-12-04', DATE '2016-12-04', DATE '2016-12-04', 20, 100, 100);
INSERT INTO employee (emp_id, emp_no, emp_name, emp_pass, emp_email, emp_mobile, emp_status, hire_date, created_at, updated_at, com_id, pos_id, dept_id) VALUES (50, 'EMP-0040', '정이사', '$2b$12$XnjnoMsIciouPnonLLKpY.s96Y.yA9HJzI1pP8ru25qTHr7ZGdHIq', 'user0040@company001.co.kr', '010-6700-5641', '재직', DATE '2016-12-04', DATE '2016-12-04', DATE '2016-12-04', 1, 1, 1);
INSERT INTO employee (emp_id, emp_no, emp_name, emp_pass, emp_email, emp_mobile, emp_status, hire_date, created_at, updated_at, com_id, pos_id, dept_id) VALUES (51, 'EMP-0041', '박부장', '$2b$12$0yZH4oWFzQl74jSreDZSHOB5oX8tcQVHN/DNEJO99LLmdrnYbo8TC', 'user0041@company002.co.kr', '010-2782-7287', '재직', DATE '2024-01-10', DATE '2024-01-10', DATE '2024-01-10', 2, 7, 7);
INSERT INTO employee (emp_id, emp_no, emp_name, emp_pass, emp_email, emp_mobile, emp_status, hire_date, created_at, updated_at, com_id, pos_id, dept_id) VALUES (52, 'EMP-0042', '조과장', '$2b$12$t4ukBp9/Nr.8kIDWXcY6Le99czKogEapgCH3R04Yj7QMzTLmxeVS2', 'user0042@company003.co.kr', '010-5941-3075', '재직', DATE '2015-06-28', DATE '2015-06-28', DATE '2015-06-28', 3, 13, 13);
INSERT INTO employee (emp_id, emp_no, emp_name, emp_pass, emp_email, emp_mobile, emp_status, hire_date, created_at, updated_at, com_id, pos_id, dept_id) VALUES (53, 'EMP-0043', '황대리', '$2b$12$ybMkA/BA7FmTJWRiUTyW.ebu.foUX1wuhD/dPGsBkVqw6Zl6JwXY.', 'user0043@company004.co.kr', '010-6153-1874', '재직', DATE '2022-02-19', DATE '2022-02-19', DATE '2022-02-19', 4, 19, 19);
INSERT INTO employee (emp_id, emp_no, emp_name, emp_pass, emp_email, emp_mobile, emp_status, hire_date, created_at, updated_at, com_id, pos_id, dept_id) VALUES (54, 'EMP-0044', '서사원', '$2b$12$Lggk5mvkvN63YZFuLckmE.SX/pr3ZV6EoCfHMwzX2aUsJG9psn9Qe', 'user0044@company005.co.kr', '010-2413-3625', '재직', DATE '2024-08-09', DATE '2024-08-09', DATE '2024-08-09', 5, 25, 25);
INSERT INTO employee (emp_id, emp_no, emp_name, emp_pass, emp_email, emp_mobile, emp_status, hire_date, created_at, updated_at, com_id, pos_id, dept_id) VALUES (55, 'EMP-0045', '윤이사', '$2b$12$vp0piNbWbKVPVMg9JsaTxevB.Sxac0le/iawKWSpdKbPcxk.T4.Ty', 'user0045@company006.co.kr', '010-7627-4213', '재직', DATE '2017-01-19', DATE '2017-01-19', DATE '2017-01-19', 6, 26, 26);
INSERT INTO employee (emp_id, emp_no, emp_name, emp_pass, emp_email, emp_mobile, emp_status, hire_date, created_at, updated_at, com_id, pos_id, dept_id) VALUES (56, 'EMP-0046', '전부장', '$2b$12$9gu/6jjESwlx/JftuW7l7Oxm7TkxkGjvrl0PcSYbmrQzZvpTbG./C', 'user0046@company007.co.kr', '010-4573-1683', '재직', DATE '2020-10-22', DATE '2020-10-22', DATE '2020-10-22', 7, 32, 32);
INSERT INTO employee (emp_id, emp_no, emp_name, emp_pass, emp_email, emp_mobile, emp_status, hire_date, created_at, updated_at, com_id, pos_id, dept_id) VALUES (57, 'EMP-0047', '강과장', '$2b$12$wNGZzwlKM81awAOf2Ko2deQ/z.msaOc3eNjiRrCoXCCPJJ0gNQl4m', 'user0047@company008.co.kr', '010-7284-6885', '재직', DATE '2017-10-08', DATE '2017-10-08', DATE '2017-10-08', 8, 38, 38);
INSERT INTO employee (emp_id, emp_no, emp_name, emp_pass, emp_email, emp_mobile, emp_status, hire_date, created_at, updated_at, com_id, pos_id, dept_id) VALUES (58, 'EMP-0048', '조대리', '$2b$12$ujbmrszezpdZZufnr2LwgeccHNpFo2EUiAiCMggshg6OA8hw.pYJm', 'user0048@company009.co.kr', '010-1673-1624', '재직', DATE '2018-08-20', DATE '2018-08-20', DATE '2018-08-20', 9, 44, 44);
INSERT INTO employee (emp_id, emp_no, emp_name, emp_pass, emp_email, emp_mobile, emp_status, hire_date, created_at, updated_at, com_id, pos_id, dept_id) VALUES (59, 'EMP-0049', '최사원', '$2b$12$0eYLflcpbvLBcfBcMAYs.OqPO59W6c2X3rJ/Itnck/eok.m6SH2Pe', 'user0049@company010.co.kr', '010-7387-8466', '재직', DATE '2022-01-12', DATE '2022-01-12', DATE '2022-01-12', 10, 50, 50);
INSERT INTO employee (emp_id, emp_no, emp_name, emp_pass, emp_email, emp_mobile, emp_status, hire_date, created_at, updated_at, com_id, pos_id, dept_id) VALUES (60, 'EMP-0050', '임이사', '$2b$12$u/TZ4DpJ/3L0inayMMM88ugFy5U7vBWoFrpuAls4T1vvgk27/ScT2', 'user0050@company011.co.kr', '010-7882-6049', '재직', DATE '2019-10-10', DATE '2019-10-10', DATE '2019-10-10', 11, 51, 51);
INSERT INTO employee (emp_id, emp_no, emp_name, emp_pass, emp_email, emp_mobile, emp_status, hire_date, created_at, updated_at, com_id, pos_id, dept_id) VALUES (61, 'EMP-0051', '서부장', '$2b$12$8UFns./WLmQKH7Bj7.KGnO06Pdj4vjrG/SaRyHZIEQ7AUECo1a34.', 'user0051@company012.co.kr', '010-7020-8320', '재직', DATE '2017-01-02', DATE '2017-01-02', DATE '2017-01-02', 12, 57, 57);
INSERT INTO employee (emp_id, emp_no, emp_name, emp_pass, emp_email, emp_mobile, emp_status, hire_date, created_at, updated_at, com_id, pos_id, dept_id) VALUES (62, 'EMP-0052', '김과장', '$2b$12$iHd7OiUM0DYo6HST5dCazu9LwszRgTeRB1DfQMBiEGpn0B5JdtZ5i', 'user0052@company013.co.kr', '010-1057-9019', '재직', DATE '2020-01-05', DATE '2020-01-05', DATE '2020-01-05', 13, 63, 63);
INSERT INTO employee (emp_id, emp_no, emp_name, emp_pass, emp_email, emp_mobile, emp_status, hire_date, created_at, updated_at, com_id, pos_id, dept_id) VALUES (63, 'EMP-0053', '홍대리', '$2b$12$C.gMIZkBCGUe8hTQdVekC.lFSk2HJDuAwsZSuZT8bKWbaW040B1by', 'user0053@company014.co.kr', '010-8508-3942', '재직', DATE '2019-06-28', DATE '2019-06-28', DATE '2019-06-28', 14, 69, 69);
INSERT INTO employee (emp_id, emp_no, emp_name, emp_pass, emp_email, emp_mobile, emp_status, hire_date, created_at, updated_at, com_id, pos_id, dept_id) VALUES (64, 'EMP-0054', '최사원', '$2b$12$Z0XbQVKog5nyZ1eN9AU2aO4jUx5Np8Smi.YDQGMglxA4Q/f8fbMIa', 'user0054@company015.co.kr', '010-2099-3104', '재직', DATE '2019-02-05', DATE '2019-02-05', DATE '2019-02-05', 15, 75, 75);
INSERT INTO employee (emp_id, emp_no, emp_name, emp_pass, emp_email, emp_mobile, emp_status, hire_date, created_at, updated_at, com_id, pos_id, dept_id) VALUES (65, 'EMP-0055', '박이사', '$2b$12$ihO7HrfMMb456Vbr/yyiV.MJQhSEoOIiPHDGzG1KoNjyJMS8lONPm', 'user0055@company016.co.kr', '010-8241-9263', '재직', DATE '2015-06-16', DATE '2015-06-16', DATE '2015-06-16', 16, 76, 76);
INSERT INTO employee (emp_id, emp_no, emp_name, emp_pass, emp_email, emp_mobile, emp_status, hire_date, created_at, updated_at, com_id, pos_id, dept_id) VALUES (66, 'EMP-0056', '이부장', '$2b$12$nNMIMnBlmP8lHvZN8XdoNuudNJdrosB2ju456KCkRYzFdm39VBReK', 'user0056@company017.co.kr', '010-3134-2347', '휴직', DATE '2018-07-09', DATE '2018-07-09', DATE '2018-07-09', 17, 82, 82);
INSERT INTO employee (emp_id, emp_no, emp_name, emp_pass, emp_email, emp_mobile, emp_status, hire_date, created_at, updated_at, com_id, pos_id, dept_id) VALUES (67, 'EMP-0057', '안과장', '$2b$12$AzByspqqCbOeX5/ys35N.uOYTFta6Ab8liuZ5cUt4kyfCka3mTH66', 'user0057@company018.co.kr', '010-2310-1889', '재직', DATE '2025-01-13', DATE '2025-01-13', DATE '2025-01-13', 18, 88, 88);
INSERT INTO employee (emp_id, emp_no, emp_name, emp_pass, emp_email, emp_mobile, emp_status, hire_date, created_at, updated_at, com_id, pos_id, dept_id) VALUES (68, 'EMP-0058', '서대리', '$2b$12$ATwAHC6iv.aGbqybkYbBYu3Bj5tZeIEIqNjHIzWT7CcjW85yCSGYO', 'user0058@company019.co.kr', '010-3231-1423', '재직', DATE '2021-11-20', DATE '2021-11-20', DATE '2021-11-20', 19, 94, 94);
INSERT INTO employee (emp_id, emp_no, emp_name, emp_pass, emp_email, emp_mobile, emp_status, hire_date, created_at, updated_at, com_id, pos_id, dept_id) VALUES (69, 'EMP-0059', '최사원', '$2b$12$gda6AsEjc5ydxDsS.8NCce5JV6HvRhRdmWmCZeCwp46gaT6H1IyGu', 'user0059@company020.co.kr', '010-4173-3156', '퇴직', DATE '2020-07-07', DATE '2020-07-07', DATE '2020-07-07', 20, 100, 100);
INSERT INTO employee (emp_id, emp_no, emp_name, emp_pass, emp_email, emp_mobile, emp_status, hire_date, created_at, updated_at, com_id, pos_id, dept_id) VALUES (70, 'EMP-0060', '임이사', '$2b$12$8JgZWqL3AS5Wxe2HGFixoODR8Zex1b9F9hoVg9Pi0pGeKJauQeBd6', 'user0060@company001.co.kr', '010-3705-4622', '재직', DATE '2018-12-08', DATE '2018-12-08', DATE '2018-12-08', 1, 1, 1);
INSERT INTO employee (emp_id, emp_no, emp_name, emp_pass, emp_email, emp_mobile, emp_status, hire_date, created_at, updated_at, com_id, pos_id, dept_id) VALUES (71, 'EMP-0061', '홍부장', '$2b$12$VSDApHuni9WckQPhOIKGeORcvQfu..zBoquxmLgCbCQ86MJ0aVJpS', 'user0061@company002.co.kr', '010-5132-3601', '재직', DATE '2021-11-18', DATE '2021-11-18', DATE '2021-11-18', 2, 7, 7);
INSERT INTO employee (emp_id, emp_no, emp_name, emp_pass, emp_email, emp_mobile, emp_status, hire_date, created_at, updated_at, com_id, pos_id, dept_id) VALUES (72, 'EMP-0062', '장과장', '$2b$12$YlQfkmCQ5XHqmoyG86V0euMC4DjWBiJNOIK1Y4b6QbUVWhPoI0mXC', 'user0062@company003.co.kr', '010-8477-3352', '재직', DATE '2025-04-25', DATE '2025-04-25', DATE '2025-04-25', 3, 13, 13);
INSERT INTO employee (emp_id, emp_no, emp_name, emp_pass, emp_email, emp_mobile, emp_status, hire_date, created_at, updated_at, com_id, pos_id, dept_id) VALUES (73, 'EMP-0063', '황대리', '$2b$12$MrGsO9Kyp.chYcMSIixn0.PQzFsyHzHepME4iAMafOl9M3WMJSs8.', 'user0063@company004.co.kr', '010-4413-5306', '재직', DATE '2017-08-30', DATE '2017-08-30', DATE '2017-08-30', 4, 19, 19);
INSERT INTO employee (emp_id, emp_no, emp_name, emp_pass, emp_email, emp_mobile, emp_status, hire_date, created_at, updated_at, com_id, pos_id, dept_id) VALUES (74, 'EMP-0064', '한사원', '$2b$12$q14mc00GzbPZmZV5Zr75L.UEHTlQdzhX2HDwX5Z.1EdSSyCtxn3hm', 'user0064@company005.co.kr', '010-7099-1603', '재직', DATE '2019-07-11', DATE '2019-07-11', DATE '2019-07-11', 5, 25, 25);
INSERT INTO employee (emp_id, emp_no, emp_name, emp_pass, emp_email, emp_mobile, emp_status, hire_date, created_at, updated_at, com_id, pos_id, dept_id) VALUES (75, 'EMP-0065', '강이사', '$2b$12$o1.HxUbym0kkUDWCB0QfreY4Q3BqrRmR3jBzs7HsSEgV0GoZg7hGK', 'user0065@company006.co.kr', '010-5557-6371', '재직', DATE '2016-11-22', DATE '2016-11-22', DATE '2016-11-22', 6, 26, 26);
INSERT INTO employee (emp_id, emp_no, emp_name, emp_pass, emp_email, emp_mobile, emp_status, hire_date, created_at, updated_at, com_id, pos_id, dept_id) VALUES (76, 'EMP-0066', '장부장', '$2b$12$rNtPyczQQe6pvzmW.na/K.cgiQgK3beRxouQB37RWRrIkK12lzXTG', 'user0066@company007.co.kr', '010-2885-9695', '재직', DATE '2024-08-16', DATE '2024-08-16', DATE '2024-08-16', 7, 32, 32);
INSERT INTO employee (emp_id, emp_no, emp_name, emp_pass, emp_email, emp_mobile, emp_status, hire_date, created_at, updated_at, com_id, pos_id, dept_id) VALUES (77, 'EMP-0067', '오과장', '$2b$12$vDqse7MZl2EtXPO.37202eSaKennVPsTNHTjPOahpyvemcBDVfgxC', 'user0067@company008.co.kr', '010-8422-9543', '재직', DATE '2024-11-23', DATE '2024-11-23', DATE '2024-11-23', 8, 38, 38);
INSERT INTO employee (emp_id, emp_no, emp_name, emp_pass, emp_email, emp_mobile, emp_status, hire_date, created_at, updated_at, com_id, pos_id, dept_id) VALUES (78, 'EMP-0068', '최대리', '$2b$12$rnTeZ92bb2PYHmrNWfinNe5yGc5cvsY3B1p.27G2WgVMhKNqdE/by', 'user0068@company009.co.kr', '010-5129-9776', '재직', DATE '2019-06-03', DATE '2019-06-03', DATE '2019-06-03', 9, 44, 44);
INSERT INTO employee (emp_id, emp_no, emp_name, emp_pass, emp_email, emp_mobile, emp_status, hire_date, created_at, updated_at, com_id, pos_id, dept_id) VALUES (79, 'EMP-0069', '오사원', '$2b$12$QNNPRiqlWyhJKcQZhiCEn.Z5gdq7xnQbp3AVXjlSz7hxLdskDU8x2', 'user0069@company010.co.kr', '010-5337-7156', '퇴직', DATE '2021-06-22', DATE '2021-06-22', DATE '2021-06-22', 10, 50, 50);
INSERT INTO employee (emp_id, emp_no, emp_name, emp_pass, emp_email, emp_mobile, emp_status, hire_date, created_at, updated_at, com_id, pos_id, dept_id) VALUES (80, 'EMP-0070', '정이사', '$2b$12$ry7.g8kvYCOpQ1ki0T2PQe6BRm1JH7EO/EG1thBFacc4pRuRt7rDa', 'user0070@company011.co.kr', '010-6902-6420', '재직', DATE '2019-12-17', DATE '2019-12-17', DATE '2019-12-17', 11, 51, 51);
INSERT INTO employee (emp_id, emp_no, emp_name, emp_pass, emp_email, emp_mobile, emp_status, hire_date, created_at, updated_at, com_id, pos_id, dept_id) VALUES (81, 'EMP-0071', '윤부장', '$2b$12$oo035rMpFIcuSB.xrO5vA.YbmkK4q5QvRTAiVgHT/GRs7emO2sZyW', 'user0071@company012.co.kr', '010-3895-1791', '재직', DATE '2020-10-14', DATE '2020-10-14', DATE '2020-10-14', 12, 57, 57);
INSERT INTO employee (emp_id, emp_no, emp_name, emp_pass, emp_email, emp_mobile, emp_status, hire_date, created_at, updated_at, com_id, pos_id, dept_id) VALUES (82, 'EMP-0072', '장과장', '$2b$12$VmztD8OOpkOc1sjysG9/peIc/DuKiEMZK5YfNpdhFjkheaXtYTdsW', 'user0072@company013.co.kr', '010-6080-6122', '재직', DATE '2023-05-19', DATE '2023-05-19', DATE '2023-05-19', 13, 63, 63);
INSERT INTO employee (emp_id, emp_no, emp_name, emp_pass, emp_email, emp_mobile, emp_status, hire_date, created_at, updated_at, com_id, pos_id, dept_id) VALUES (83, 'EMP-0073', '이대리', '$2b$12$gXr3VMJ36D5pbO92YxlWEOYQvOrC6Pdd4czB.2614H2yzfopuIMk2', 'user0073@company014.co.kr', '010-4631-3447', '재직', DATE '2022-01-06', DATE '2022-01-06', DATE '2022-01-06', 14, 69, 69);
INSERT INTO employee (emp_id, emp_no, emp_name, emp_pass, emp_email, emp_mobile, emp_status, hire_date, created_at, updated_at, com_id, pos_id, dept_id) VALUES (84, 'EMP-0074', '신사원', '$2b$12$akIt53hZnPk7cfoE2QCjm.aBck1PMsLxfYm0bp5wpy12tYEOwwfFK', 'user0074@company015.co.kr', '010-7843-9399', '재직', DATE '2015-07-15', DATE '2015-07-15', DATE '2015-07-15', 15, 75, 75);
INSERT INTO employee (emp_id, emp_no, emp_name, emp_pass, emp_email, emp_mobile, emp_status, hire_date, created_at, updated_at, com_id, pos_id, dept_id) VALUES (85, 'EMP-0075', '정이사', '$2b$12$mLHa7qwZiTq0SSZKgt.0kOT/8H9jepyfY1rriffLjO.txwz2PPkRu', 'user0075@company016.co.kr', '010-9001-4723', '재직', DATE '2015-07-06', DATE '2015-07-06', DATE '2015-07-06', 16, 76, 76);
INSERT INTO employee (emp_id, emp_no, emp_name, emp_pass, emp_email, emp_mobile, emp_status, hire_date, created_at, updated_at, com_id, pos_id, dept_id) VALUES (86, 'EMP-0076', '김부장', '$2b$12$iucEPzIa/e8JFCQ2u1lHneMcxNLut5uMmNSQMz8AaqotTH1wrknJW', 'user0076@company017.co.kr', '010-1891-1042', '재직', DATE '2018-05-29', DATE '2018-05-29', DATE '2018-05-29', 17, 82, 82);
INSERT INTO employee (emp_id, emp_no, emp_name, emp_pass, emp_email, emp_mobile, emp_status, hire_date, created_at, updated_at, com_id, pos_id, dept_id) VALUES (87, 'EMP-0077', '최과장', '$2b$12$znC2W5YlZvGyczWxRMWWXuqWnR8PSpThQDzdvMNX7v6z0.oGE.IMi', 'user0077@company018.co.kr', '010-9570-6851', '재직', DATE '2019-08-20', DATE '2019-08-20', DATE '2019-08-20', 18, 88, 88);
INSERT INTO employee (emp_id, emp_no, emp_name, emp_pass, emp_email, emp_mobile, emp_status, hire_date, created_at, updated_at, com_id, pos_id, dept_id) VALUES (88, 'EMP-0078', '전대리', '$2b$12$n1KWbJiHuuhbacV8VvjQs.Aybg0OrJfsobs9bMGL8CM6.NxCgp8X6', 'user0078@company019.co.kr', '010-5934-3190', '재직', DATE '2021-12-30', DATE '2021-12-30', DATE '2021-12-30', 19, 94, 94);
INSERT INTO employee (emp_id, emp_no, emp_name, emp_pass, emp_email, emp_mobile, emp_status, hire_date, created_at, updated_at, com_id, pos_id, dept_id) VALUES (89, 'EMP-0079', '황사원', '$2b$12$i0OFIlzHonLn39geb2KPV.2wXQkMIMxngqAl3RZSx5KGKV1W7tHMa', 'user0079@company020.co.kr', '010-3598-3207', '재직', DATE '2023-12-27', DATE '2023-12-27', DATE '2023-12-27', 20, 100, 100);
INSERT INTO employee (emp_id, emp_no, emp_name, emp_pass, emp_email, emp_mobile, emp_status, hire_date, created_at, updated_at, com_id, pos_id, dept_id) VALUES (90, 'EMP-0080', '윤이사', '$2b$12$YV/l.VF3RVFk0z7YgXt6ouy.EiOfRbwsUf9t6nlqI060YmdKj6OZe', 'user0080@company001.co.kr', '010-3446-8386', '재직', DATE '2022-02-27', DATE '2022-02-27', DATE '2022-02-27', 1, 1, 1);
INSERT INTO employee (emp_id, emp_no, emp_name, emp_pass, emp_email, emp_mobile, emp_status, hire_date, created_at, updated_at, com_id, pos_id, dept_id) VALUES (91, 'EMP-0081', '정부장', '$2b$12$/OTNh/RqtTr52eczP5dpeOLIwahY2q9ni..x0tf29ciSWAaFY96XW', 'user0081@company002.co.kr', '010-5419-7585', '재직', DATE '2015-02-17', DATE '2015-02-17', DATE '2015-02-17', 2, 7, 7);
INSERT INTO employee (emp_id, emp_no, emp_name, emp_pass, emp_email, emp_mobile, emp_status, hire_date, created_at, updated_at, com_id, pos_id, dept_id) VALUES (92, 'EMP-0082', '이과장', '$2b$12$sdxJoMn.i3lbmkHEMCIEp.M1.lZJ5xroXvtyjnOBxhavN/6M3RZqi', 'user0082@company003.co.kr', '010-6739-8270', '재직', DATE '2020-10-21', DATE '2020-10-21', DATE '2020-10-21', 3, 13, 13);
INSERT INTO employee (emp_id, emp_no, emp_name, emp_pass, emp_email, emp_mobile, emp_status, hire_date, created_at, updated_at, com_id, pos_id, dept_id) VALUES (93, 'EMP-0083', '황대리', '$2b$12$jGr.R4wKNnXPWJg2q4.LMe9bnkg54yVVDNrGVowtWHbQaJwqePOHe', 'user0083@company004.co.kr', '010-5071-3704', '휴직', DATE '2015-06-30', DATE '2015-06-30', DATE '2015-06-30', 4, 19, 19);
INSERT INTO employee (emp_id, emp_no, emp_name, emp_pass, emp_email, emp_mobile, emp_status, hire_date, created_at, updated_at, com_id, pos_id, dept_id) VALUES (94, 'EMP-0084', '이사원', '$2b$12$DM5GlebxdWW.2znWekLlSO5xaBoatbF1gqJ0SeRgVjvXgY4IfRpP2', 'user0084@company005.co.kr', '010-9708-1413', '재직', DATE '2017-08-31', DATE '2017-08-31', DATE '2017-08-31', 5, 25, 25);
INSERT INTO employee (emp_id, emp_no, emp_name, emp_pass, emp_email, emp_mobile, emp_status, hire_date, created_at, updated_at, com_id, pos_id, dept_id) VALUES (95, 'EMP-0085', '강이사', '$2b$12$uxQA5lmCUwhx09WnnxIsoukB7oWmBizDSRBJ2RknMw0ndo/Y1w7IS', 'user0085@company006.co.kr', '010-1956-2718', '재직', DATE '2021-03-06', DATE '2021-03-06', DATE '2021-03-06', 6, 26, 26);
INSERT INTO employee (emp_id, emp_no, emp_name, emp_pass, emp_email, emp_mobile, emp_status, hire_date, created_at, updated_at, com_id, pos_id, dept_id) VALUES (96, 'EMP-0086', '조부장', '$2b$12$DxPwzSNUD4r/UPocfTG1suFgJktkge4jrFtu1kmCogUWzD/EfSGQO', 'user0086@company007.co.kr', '010-3330-7769', '재직', DATE '2021-10-26', DATE '2021-10-26', DATE '2021-10-26', 7, 32, 32);
INSERT INTO employee (emp_id, emp_no, emp_name, emp_pass, emp_email, emp_mobile, emp_status, hire_date, created_at, updated_at, com_id, pos_id, dept_id) VALUES (97, 'EMP-0087', '안과장', '$2b$12$uRcfZdmkT2fLFhHY0XOUOuli5qoGXuUhXOgSPCAoAtRoVYGKb0XRO', 'user0087@company008.co.kr', '010-7803-3861', '재직', DATE '2015-09-19', DATE '2015-09-19', DATE '2015-09-19', 8, 38, 38);
INSERT INTO employee (emp_id, emp_no, emp_name, emp_pass, emp_email, emp_mobile, emp_status, hire_date, created_at, updated_at, com_id, pos_id, dept_id) VALUES (98, 'EMP-0088', '임대리', '$2b$12$CqfhTIxhfNXDfJAkK7/szu01g4M2bBtWq9U/VTtzCcBahXbFYg2IG', 'user0088@company009.co.kr', '010-1794-8830', '재직', DATE '2015-01-27', DATE '2015-01-27', DATE '2015-01-27', 9, 44, 44);
INSERT INTO employee (emp_id, emp_no, emp_name, emp_pass, emp_email, emp_mobile, emp_status, hire_date, created_at, updated_at, com_id, pos_id, dept_id) VALUES (99, 'EMP-0089', '서사원', '$2b$12$cUs3uFk7UJXbVPHT27j1pOvFtXgt9zYIV55bdTHlOyE3b74dXdA.q', 'user0089@company010.co.kr', '010-8154-8622', '재직', DATE '2022-05-09', DATE '2022-05-09', DATE '2022-05-09', 10, 50, 50);
INSERT INTO employee (emp_id, emp_no, emp_name, emp_pass, emp_email, emp_mobile, emp_status, hire_date, created_at, updated_at, com_id, pos_id, dept_id) VALUES (100, 'EMP-0090', '권이사', '$2b$12$awgYXn8.ZJFEOrZ1AzbVGeRDjwOyjwKVAk1dBdl/VYYuHhMgAJrJi', 'user0090@company011.co.kr', '010-3873-4701', '퇴직', DATE '2017-12-06', DATE '2017-12-06', DATE '2017-12-06', 11, 51, 51);
INSERT INTO employee (emp_id, emp_no, emp_name, emp_pass, emp_email, emp_mobile, emp_status, hire_date, created_at, updated_at, com_id, pos_id, dept_id) VALUES (101, 'EMP-0091', '윤부장', '$2b$12$YL5y/j6qOmGLP9NlLX0EMu13K3QiGPZZyge2RswtygkrqiKNfIfWi', 'user0091@company012.co.kr', '010-1635-3019', '재직', DATE '2023-05-29', DATE '2023-05-29', DATE '2023-05-29', 12, 57, 57);
INSERT INTO employee (emp_id, emp_no, emp_name, emp_pass, emp_email, emp_mobile, emp_status, hire_date, created_at, updated_at, com_id, pos_id, dept_id) VALUES (102, 'EMP-0092', '장과장', '$2b$12$ZBx.ADwhD90m7ER/VUCYU.oGbSCHYknJNJAxVCyg0AdvP.XU0k5oS', 'user0092@company013.co.kr', '010-1860-5357', '재직', DATE '2022-08-14', DATE '2022-08-14', DATE '2022-08-14', 13, 63, 63);
INSERT INTO employee (emp_id, emp_no, emp_name, emp_pass, emp_email, emp_mobile, emp_status, hire_date, created_at, updated_at, com_id, pos_id, dept_id) VALUES (103, 'EMP-0093', '신대리', '$2b$12$5k3B1wnf8nEmfoOhwPiTDeqp6GMg7gpSg8LxmV3ELJVr0KCo6Q5Xi', 'user0093@company014.co.kr', '010-9572-5346', '재직', DATE '2025-05-31', DATE '2025-05-31', DATE '2025-05-31', 14, 69, 69);
INSERT INTO employee (emp_id, emp_no, emp_name, emp_pass, emp_email, emp_mobile, emp_status, hire_date, created_at, updated_at, com_id, pos_id, dept_id) VALUES (104, 'EMP-0094', '조사원', '$2b$12$JLEmUL8p68xAIP9XAHA9jOmkEJ.FG4z4n7MGzDi4yQReqx1e00Ibm', 'user0094@company015.co.kr', '010-2399-9313', '재직', DATE '2017-12-02', DATE '2017-12-02', DATE '2017-12-02', 15, 75, 75);
INSERT INTO employee (emp_id, emp_no, emp_name, emp_pass, emp_email, emp_mobile, emp_status, hire_date, created_at, updated_at, com_id, pos_id, dept_id) VALUES (105, 'EMP-0095', '윤이사', '$2b$12$iRWdKvThkE1g8XlZ/4l4q.L1Dx3WjRpFKP6Ugl/NJt4ayYzOR2ljK', 'user0095@company016.co.kr', '010-4322-3608', '재직', DATE '2018-08-31', DATE '2018-08-31', DATE '2018-08-31', 16, 76, 76);
INSERT INTO employee (emp_id, emp_no, emp_name, emp_pass, emp_email, emp_mobile, emp_status, hire_date, created_at, updated_at, com_id, pos_id, dept_id) VALUES (106, 'EMP-0096', '조부장', '$2b$12$SEjFzeHfZBM/autKhbWO7ejEVBWy2BP/aldSIDp777bvhs.T/NPU2', 'user0096@company017.co.kr', '010-7368-6383', '재직', DATE '2019-04-04', DATE '2019-04-04', DATE '2019-04-04', 17, 82, 82);
INSERT INTO employee (emp_id, emp_no, emp_name, emp_pass, emp_email, emp_mobile, emp_status, hire_date, created_at, updated_at, com_id, pos_id, dept_id) VALUES (107, 'EMP-0097', '송과장', '$2b$12$QFL5JNcgip.Gqz6NvgsiReGMETF1WvdhIl.EPwihGRh44sHjXrbMe', 'user0097@company018.co.kr', '010-8692-8735', '재직', DATE '2022-10-28', DATE '2022-10-28', DATE '2022-10-28', 18, 88, 88);
INSERT INTO employee (emp_id, emp_no, emp_name, emp_pass, emp_email, emp_mobile, emp_status, hire_date, created_at, updated_at, com_id, pos_id, dept_id) VALUES (108, 'EMP-0098', '김대리', '$2b$12$pfnTuXNZ2eVbQt7Rr7NCUe3RHBM3/yhDe/v9UNSnQlm/3alAxnZU6', 'user0098@company019.co.kr', '010-1434-8163', '퇴직', DATE '2017-08-15', DATE '2017-08-15', DATE '2017-08-15', 19, 94, 94);
INSERT INTO employee (emp_id, emp_no, emp_name, emp_pass, emp_email, emp_mobile, emp_status, hire_date, created_at, updated_at, com_id, pos_id, dept_id) VALUES (109, 'EMP-0099', '전사원', '$2b$12$rnS1/kfjGiTv8udJDUEacuM9Wa92UU03mR5UCm2JJWST9Ws3cdG9G', 'user0099@company020.co.kr', '010-6042-4472', '재직', DATE '2021-07-25', DATE '2021-07-25', DATE '2021-07-25', 20, 100, 100);
INSERT INTO employee (emp_id, emp_no, emp_name, emp_pass, emp_email, emp_mobile, emp_status, hire_date, created_at, updated_at, com_id, pos_id, dept_id) VALUES (110, 'EMP-0100', '박이사', '$2b$12$ibkOL6vB9bSlAFrAO/crHezqi/ElzqQuKPeaTgU/aXuMe654neRw.', 'user0100@company001.co.kr', '010-3810-3369', '재직', DATE '2016-04-03', DATE '2016-04-03', DATE '2016-04-03', 1, 1, 1);
INSERT INTO employee (emp_id, emp_no, emp_name, emp_pass, emp_email, emp_mobile, emp_status, hire_date, created_at, updated_at, com_id, pos_id, dept_id) VALUES (111, 'EMP-0101', '최부장', '$2b$12$c5u768IlLsYH3/kF6d6mKO26wBYplY370.WyRdjCdlcJU44WSRTFm', 'user0101@company002.co.kr', '010-3651-6650', '퇴직', DATE '2022-11-10', DATE '2022-11-10', DATE '2022-11-10', 2, 7, 7);
INSERT INTO employee (emp_id, emp_no, emp_name, emp_pass, emp_email, emp_mobile, emp_status, hire_date, created_at, updated_at, com_id, pos_id, dept_id) VALUES (112, 'EMP-0102', '김과장', '$2b$12$39L8xYLhitpxUX2sGUyW1.xHhsJtozZn2S5yLjEOEz9lhItMD51um', 'user0102@company003.co.kr', '010-1505-1682', '재직', DATE '2022-03-20', DATE '2022-03-20', DATE '2022-03-20', 3, 13, 13);
INSERT INTO employee (emp_id, emp_no, emp_name, emp_pass, emp_email, emp_mobile, emp_status, hire_date, created_at, updated_at, com_id, pos_id, dept_id) VALUES (113, 'EMP-0103', '이대리', '$2b$12$a/ixG198k6jfP75m1nCNuO3yERuv1YBytUXaJ5c71Vff16zJFfRUy', 'user0103@company004.co.kr', '010-2111-1764', '재직', DATE '2021-08-15', DATE '2021-08-15', DATE '2021-08-15', 4, 19, 19);
INSERT INTO employee (emp_id, emp_no, emp_name, emp_pass, emp_email, emp_mobile, emp_status, hire_date, created_at, updated_at, com_id, pos_id, dept_id) VALUES (114, 'EMP-0104', '오사원', '$2b$12$IhI6eLz7cuEgV.jfxT.WeulNR1bUcduDP7zgodHFyCOXmCOY4Ji4.', 'user0104@company005.co.kr', '010-4265-9747', '재직', DATE '2015-09-28', DATE '2015-09-28', DATE '2015-09-28', 5, 25, 25);
INSERT INTO employee (emp_id, emp_no, emp_name, emp_pass, emp_email, emp_mobile, emp_status, hire_date, created_at, updated_at, com_id, pos_id, dept_id) VALUES (115, 'EMP-0105', '서이사', '$2b$12$NzLFPk/1h6JQj5OJv.ojtum.JknwValzAxFXG95jUP7mMqMzqHzLO', 'user0105@company006.co.kr', '010-2754-5039', '재직', DATE '2016-04-03', DATE '2016-04-03', DATE '2016-04-03', 6, 26, 26);
INSERT INTO employee (emp_id, emp_no, emp_name, emp_pass, emp_email, emp_mobile, emp_status, hire_date, created_at, updated_at, com_id, pos_id, dept_id) VALUES (116, 'EMP-0106', '이부장', '$2b$12$p2odI5ZA0a50rpu.LLmXaOlwl3g/QLSOjHx4SqkKpRKWN/sNPZTie', 'user0106@company007.co.kr', '010-1564-2433', '재직', DATE '2022-01-30', DATE '2022-01-30', DATE '2022-01-30', 7, 32, 32);
INSERT INTO employee (emp_id, emp_no, emp_name, emp_pass, emp_email, emp_mobile, emp_status, hire_date, created_at, updated_at, com_id, pos_id, dept_id) VALUES (117, 'EMP-0107', '임과장', '$2b$12$3k2OYwjTWHn7hq9XyWq4hetbHKZx2QbnSXGLlJci1j1b4mbW8XGdS', 'user0107@company008.co.kr', '010-8817-2636', '재직', DATE '2023-11-18', DATE '2023-11-18', DATE '2023-11-18', 8, 38, 38);
INSERT INTO employee (emp_id, emp_no, emp_name, emp_pass, emp_email, emp_mobile, emp_status, hire_date, created_at, updated_at, com_id, pos_id, dept_id) VALUES (118, 'EMP-0108', '조대리', '$2b$12$8XJQq3jCpjLyqu6vAGshneLgHLR56Zc31r.a3RPB5cvjKJ/OdLYPa', 'user0108@company009.co.kr', '010-5824-6228', '재직', DATE '2017-12-05', DATE '2017-12-05', DATE '2017-12-05', 9, 44, 44);
INSERT INTO employee (emp_id, emp_no, emp_name, emp_pass, emp_email, emp_mobile, emp_status, hire_date, created_at, updated_at, com_id, pos_id, dept_id) VALUES (119, 'EMP-0109', '김사원', '$2b$12$klaCE/n0UnMUwuEjid2JdOfTS8/.MO8vX8kLqzziOjMVNW9V5DEiW', 'user0109@company010.co.kr', '010-6749-5205', '휴직', DATE '2015-07-18', DATE '2015-07-18', DATE '2015-07-18', 10, 50, 50);
INSERT INTO employee (emp_id, emp_no, emp_name, emp_pass, emp_email, emp_mobile, emp_status, hire_date, created_at, updated_at, com_id, pos_id, dept_id) VALUES (120, 'EMP-0110', '오이사', '$2b$12$BhT5L4XyBQ7vWYqTEKQemeZhA/XzWG9UeamKMvLZ6KAZTF7xEkbI2', 'user0110@company011.co.kr', '010-6256-9253', '재직', DATE '2018-03-24', DATE '2018-03-24', DATE '2018-03-24', 11, 51, 51);
INSERT INTO employee (emp_id, emp_no, emp_name, emp_pass, emp_email, emp_mobile, emp_status, hire_date, created_at, updated_at, com_id, pos_id, dept_id) VALUES (121, 'EMP-0111', '홍부장', '$2b$12$F5vKrSJ6xyOYOHIn9SlCNuCxXkpEOV1xrJF2EZMFcpzsq66l1cn9G', 'user0111@company012.co.kr', '010-1507-7765', '재직', DATE '2020-10-25', DATE '2020-10-25', DATE '2020-10-25', 12, 57, 57);
INSERT INTO employee (emp_id, emp_no, emp_name, emp_pass, emp_email, emp_mobile, emp_status, hire_date, created_at, updated_at, com_id, pos_id, dept_id) VALUES (122, 'EMP-0112', '최과장', '$2b$12$UoY9kxphzAirt9uj8rcw.eO5RnEsVMqJithly/Yx0TQvaZmMESn56', 'user0112@company013.co.kr', '010-6681-8683', '재직', DATE '2021-01-12', DATE '2021-01-12', DATE '2021-01-12', 13, 63, 63);
INSERT INTO employee (emp_id, emp_no, emp_name, emp_pass, emp_email, emp_mobile, emp_status, hire_date, created_at, updated_at, com_id, pos_id, dept_id) VALUES (123, 'EMP-0113', '전대리', '$2b$12$WaHR0U61AB9mqwfIu7dPVOVNtyDSdxRBv92U82ehZOuD5Vo2d/Yia', 'user0113@company014.co.kr', '010-4548-2489', '재직', DATE '2018-03-22', DATE '2018-03-22', DATE '2018-03-22', 14, 69, 69);
INSERT INTO employee (emp_id, emp_no, emp_name, emp_pass, emp_email, emp_mobile, emp_status, hire_date, created_at, updated_at, com_id, pos_id, dept_id) VALUES (124, 'EMP-0114', '강사원', '$2b$12$OffI5hL.f9KmhFF08ayPMeBPWArRug1t56US1Pkhl4FWVd/kJd/mC', 'user0114@company015.co.kr', '010-8144-1021', '재직', DATE '2018-03-27', DATE '2018-03-27', DATE '2018-03-27', 15, 75, 75);
INSERT INTO employee (emp_id, emp_no, emp_name, emp_pass, emp_email, emp_mobile, emp_status, hire_date, created_at, updated_at, com_id, pos_id, dept_id) VALUES (125, 'EMP-0115', '이이사', '$2b$12$UM7W.uCd54RZdIoy0dKKEuvW9YzqwHxtIxcM/p3pV1ARWWzTlraBO', 'user0115@company016.co.kr', '010-1071-6698', '재직', DATE '2020-07-06', DATE '2020-07-06', DATE '2020-07-06', 16, 76, 76);
INSERT INTO employee (emp_id, emp_no, emp_name, emp_pass, emp_email, emp_mobile, emp_status, hire_date, created_at, updated_at, com_id, pos_id, dept_id) VALUES (126, 'EMP-0116', '강부장', '$2b$12$XQBwNUl7DTPqFVkuUdpHSuKU7s9UgOJS7LcMWrhrAjLBZ6Bou1Khi', 'user0116@company017.co.kr', '010-9103-6688', '퇴직', DATE '2020-10-11', DATE '2020-10-11', DATE '2020-10-11', 17, 82, 82);
INSERT INTO employee (emp_id, emp_no, emp_name, emp_pass, emp_email, emp_mobile, emp_status, hire_date, created_at, updated_at, com_id, pos_id, dept_id) VALUES (127, 'EMP-0117', '장과장', '$2b$12$WE39uFNcxencNNb6nS30neELE17bYxIZZ6wlBE532t1CEPTgA4xtO', 'user0117@company018.co.kr', '010-3603-5648', '재직', DATE '2022-11-05', DATE '2022-11-05', DATE '2022-11-05', 18, 88, 88);
INSERT INTO employee (emp_id, emp_no, emp_name, emp_pass, emp_email, emp_mobile, emp_status, hire_date, created_at, updated_at, com_id, pos_id, dept_id) VALUES (128, 'EMP-0118', '윤대리', '$2b$12$0MgRjAAdRlpdNYIaRkxC9.aAX9XdzvzUjgdzD/FekPXrrwYuXLhvW', 'user0118@company019.co.kr', '010-9164-3716', '재직', DATE '2022-02-20', DATE '2022-02-20', DATE '2022-02-20', 19, 94, 94);
INSERT INTO employee (emp_id, emp_no, emp_name, emp_pass, emp_email, emp_mobile, emp_status, hire_date, created_at, updated_at, com_id, pos_id, dept_id) VALUES (129, 'EMP-0119', '박사원', '$2b$12$45RLcAc29L8klBJ.7r9o5.gbyzB2wRXMIHiU9NxtK8gshbGWZj/oW', 'user0119@company020.co.kr', '010-9032-2713', '재직', DATE '2018-12-27', DATE '2018-12-27', DATE '2018-12-27', 20, 100, 100);
INSERT INTO employee (emp_id, emp_no, emp_name, emp_pass, emp_email, emp_mobile, emp_status, hire_date, created_at, updated_at, com_id, pos_id, dept_id) VALUES (130, 'EMP-0120', '최이사', '$2b$12$YNP0b.AzY.C58SNYcTKn7O./NrF1aE00I2oF.symAc6qnhh71M9YW', 'user0120@company001.co.kr', '010-7574-7465', '재직', DATE '2023-05-11', DATE '2023-05-11', DATE '2023-05-11', 1, 1, 1);

--------------------------------------------------------------------------
-- 부서장(DEPARTMENT.EMP_ID) 지정 - EMPLOYEE 생성 후 UPDATE
--------------------------------------------------------------------------
UPDATE department SET emp_id = 3 WHERE dept_id = 1;
UPDATE department SET emp_id = 90 WHERE dept_id = 2;
UPDATE department SET emp_id = 1 WHERE dept_id = 3;
UPDATE department SET emp_id = 50 WHERE dept_id = 4;
UPDATE department SET emp_id = 7 WHERE dept_id = 5;
UPDATE department SET emp_id = 51 WHERE dept_id = 6;
UPDATE department SET emp_id = 51 WHERE dept_id = 7;
UPDATE department SET emp_id = 71 WHERE dept_id = 8;
UPDATE department SET emp_id = 91 WHERE dept_id = 9;
UPDATE department SET emp_id = 91 WHERE dept_id = 10;
UPDATE department SET emp_id = 32 WHERE dept_id = 11;
UPDATE department SET emp_id = 72 WHERE dept_id = 12;
UPDATE department SET emp_id = 112 WHERE dept_id = 13;
UPDATE department SET emp_id = 32 WHERE dept_id = 14;
UPDATE department SET emp_id = 72 WHERE dept_id = 15;
UPDATE department SET emp_id = 33 WHERE dept_id = 16;
UPDATE department SET emp_id = 93 WHERE dept_id = 17;
UPDATE department SET emp_id = 93 WHERE dept_id = 18;
UPDATE department SET emp_id = 113 WHERE dept_id = 19;
UPDATE department SET emp_id = 93 WHERE dept_id = 20;
UPDATE department SET emp_id = 114 WHERE dept_id = 21;
UPDATE department SET emp_id = 14 WHERE dept_id = 22;
UPDATE department SET emp_id = 54 WHERE dept_id = 23;
UPDATE department SET emp_id = 94 WHERE dept_id = 24;
UPDATE department SET emp_id = 54 WHERE dept_id = 25;
UPDATE department SET emp_id = 95 WHERE dept_id = 26;
UPDATE department SET emp_id = 35 WHERE dept_id = 27;
UPDATE department SET emp_id = 75 WHERE dept_id = 28;
UPDATE department SET emp_id = 115 WHERE dept_id = 29;
UPDATE department SET emp_id = 95 WHERE dept_id = 30;
UPDATE department SET emp_id = 116 WHERE dept_id = 31;
UPDATE department SET emp_id = 56 WHERE dept_id = 32;
UPDATE department SET emp_id = 36 WHERE dept_id = 33;
UPDATE department SET emp_id = 76 WHERE dept_id = 34;
UPDATE department SET emp_id = 76 WHERE dept_id = 35;
UPDATE department SET emp_id = 117 WHERE dept_id = 36;
UPDATE department SET emp_id = 57 WHERE dept_id = 37;
UPDATE department SET emp_id = 97 WHERE dept_id = 38;
UPDATE department SET emp_id = 37 WHERE dept_id = 39;
UPDATE department SET emp_id = 37 WHERE dept_id = 40;
UPDATE department SET emp_id = 58 WHERE dept_id = 41;
UPDATE department SET emp_id = 78 WHERE dept_id = 42;
UPDATE department SET emp_id = 118 WHERE dept_id = 43;
UPDATE department SET emp_id = 118 WHERE dept_id = 44;
UPDATE department SET emp_id = 38 WHERE dept_id = 45;
UPDATE department SET emp_id = 99 WHERE dept_id = 46;
UPDATE department SET emp_id = 39 WHERE dept_id = 47;
UPDATE department SET emp_id = 59 WHERE dept_id = 48;
UPDATE department SET emp_id = 59 WHERE dept_id = 49;
UPDATE department SET emp_id = 119 WHERE dept_id = 50;
UPDATE department SET emp_id = 100 WHERE dept_id = 51;
UPDATE department SET emp_id = 40 WHERE dept_id = 52;
UPDATE department SET emp_id = 120 WHERE dept_id = 53;
UPDATE department SET emp_id = 40 WHERE dept_id = 54;
UPDATE department SET emp_id = 40 WHERE dept_id = 55;
UPDATE department SET emp_id = 121 WHERE dept_id = 56;
UPDATE department SET emp_id = 61 WHERE dept_id = 57;
UPDATE department SET emp_id = 101 WHERE dept_id = 58;
UPDATE department SET emp_id = 101 WHERE dept_id = 59;
UPDATE department SET emp_id = 61 WHERE dept_id = 60;
UPDATE department SET emp_id = 42 WHERE dept_id = 61;
UPDATE department SET emp_id = 42 WHERE dept_id = 62;
UPDATE department SET emp_id = 62 WHERE dept_id = 63;
UPDATE department SET emp_id = 42 WHERE dept_id = 64;
UPDATE department SET emp_id = 62 WHERE dept_id = 65;
UPDATE department SET emp_id = 123 WHERE dept_id = 66;
UPDATE department SET emp_id = 23 WHERE dept_id = 67;
UPDATE department SET emp_id = 43 WHERE dept_id = 68;
UPDATE department SET emp_id = 123 WHERE dept_id = 69;
UPDATE department SET emp_id = 23 WHERE dept_id = 70;
UPDATE department SET emp_id = 44 WHERE dept_id = 71;
UPDATE department SET emp_id = 84 WHERE dept_id = 72;
UPDATE department SET emp_id = 44 WHERE dept_id = 73;
UPDATE department SET emp_id = 44 WHERE dept_id = 74;
UPDATE department SET emp_id = 64 WHERE dept_id = 75;
UPDATE department SET emp_id = 125 WHERE dept_id = 76;
UPDATE department SET emp_id = 65 WHERE dept_id = 77;
UPDATE department SET emp_id = 85 WHERE dept_id = 78;
UPDATE department SET emp_id = 65 WHERE dept_id = 79;
UPDATE department SET emp_id = 45 WHERE dept_id = 80;
UPDATE department SET emp_id = 26 WHERE dept_id = 81;
UPDATE department SET emp_id = 126 WHERE dept_id = 82;
UPDATE department SET emp_id = 26 WHERE dept_id = 83;
UPDATE department SET emp_id = 66 WHERE dept_id = 84;
UPDATE department SET emp_id = 46 WHERE dept_id = 85;
UPDATE department SET emp_id = 87 WHERE dept_id = 86;
UPDATE department SET emp_id = 87 WHERE dept_id = 87;
UPDATE department SET emp_id = 27 WHERE dept_id = 88;
UPDATE department SET emp_id = 27 WHERE dept_id = 89;
UPDATE department SET emp_id = 87 WHERE dept_id = 90;
UPDATE department SET emp_id = 88 WHERE dept_id = 91;
UPDATE department SET emp_id = 128 WHERE dept_id = 92;
UPDATE department SET emp_id = 48 WHERE dept_id = 93;
UPDATE department SET emp_id = 108 WHERE dept_id = 94;
UPDATE department SET emp_id = 128 WHERE dept_id = 95;
UPDATE department SET emp_id = 69 WHERE dept_id = 96;
UPDATE department SET emp_id = 89 WHERE dept_id = 97;
UPDATE department SET emp_id = 29 WHERE dept_id = 98;
UPDATE department SET emp_id = 49 WHERE dept_id = 99;
UPDATE department SET emp_id = 69 WHERE dept_id = 100;

--------------------------------------------------------------------------
-- 5. AUTHORITY (100건: 회사 20개 x 권한 5개) - UNIQUE(com_id, aut_name) 반영
--    COM_ID=1 의 AUT_NAME='ROOT' 는 시스템 관리자 권한
--------------------------------------------------------------------------
INSERT INTO authority (aut_id, com_id, aut_name) VALUES (1, 1, 'ROOT');
INSERT INTO authority (aut_id, com_id, aut_name) VALUES (2, 1, 'ROLE_ADMIN');
INSERT INTO authority (aut_id, com_id, aut_name) VALUES (3, 1, 'ROLE_MANAGER');
INSERT INTO authority (aut_id, com_id, aut_name) VALUES (4, 1, 'ROLE_MEMBER');
INSERT INTO authority (aut_id, com_id, aut_name) VALUES (5, 1, 'ROLE_GUEST');
INSERT INTO authority (aut_id, com_id, aut_name) VALUES (6, 2, 'ROLE_ADMIN');
INSERT INTO authority (aut_id, com_id, aut_name) VALUES (7, 2, 'ROLE_MANAGER');
INSERT INTO authority (aut_id, com_id, aut_name) VALUES (8, 2, 'ROLE_MEMBER');
INSERT INTO authority (aut_id, com_id, aut_name) VALUES (9, 2, 'ROLE_GUEST');
INSERT INTO authority (aut_id, com_id, aut_name) VALUES (10, 2, 'ROLE_CEO');
INSERT INTO authority (aut_id, com_id, aut_name) VALUES (11, 3, 'ROLE_ADMIN');
INSERT INTO authority (aut_id, com_id, aut_name) VALUES (12, 3, 'ROLE_MANAGER');
INSERT INTO authority (aut_id, com_id, aut_name) VALUES (13, 3, 'ROLE_MEMBER');
INSERT INTO authority (aut_id, com_id, aut_name) VALUES (14, 3, 'ROLE_GUEST');
INSERT INTO authority (aut_id, com_id, aut_name) VALUES (15, 3, 'ROLE_CEO');
INSERT INTO authority (aut_id, com_id, aut_name) VALUES (16, 4, 'ROLE_ADMIN');
INSERT INTO authority (aut_id, com_id, aut_name) VALUES (17, 4, 'ROLE_MANAGER');
INSERT INTO authority (aut_id, com_id, aut_name) VALUES (18, 4, 'ROLE_MEMBER');
INSERT INTO authority (aut_id, com_id, aut_name) VALUES (19, 4, 'ROLE_GUEST');
INSERT INTO authority (aut_id, com_id, aut_name) VALUES (20, 4, 'ROLE_CEO');
INSERT INTO authority (aut_id, com_id, aut_name) VALUES (21, 5, 'ROLE_ADMIN');
INSERT INTO authority (aut_id, com_id, aut_name) VALUES (22, 5, 'ROLE_MANAGER');
INSERT INTO authority (aut_id, com_id, aut_name) VALUES (23, 5, 'ROLE_MEMBER');
INSERT INTO authority (aut_id, com_id, aut_name) VALUES (24, 5, 'ROLE_GUEST');
INSERT INTO authority (aut_id, com_id, aut_name) VALUES (25, 5, 'ROLE_CEO');
INSERT INTO authority (aut_id, com_id, aut_name) VALUES (26, 6, 'ROLE_ADMIN');
INSERT INTO authority (aut_id, com_id, aut_name) VALUES (27, 6, 'ROLE_MANAGER');
INSERT INTO authority (aut_id, com_id, aut_name) VALUES (28, 6, 'ROLE_MEMBER');
INSERT INTO authority (aut_id, com_id, aut_name) VALUES (29, 6, 'ROLE_GUEST');
INSERT INTO authority (aut_id, com_id, aut_name) VALUES (30, 6, 'ROLE_CEO');
INSERT INTO authority (aut_id, com_id, aut_name) VALUES (31, 7, 'ROLE_ADMIN');
INSERT INTO authority (aut_id, com_id, aut_name) VALUES (32, 7, 'ROLE_MANAGER');
INSERT INTO authority (aut_id, com_id, aut_name) VALUES (33, 7, 'ROLE_MEMBER');
INSERT INTO authority (aut_id, com_id, aut_name) VALUES (34, 7, 'ROLE_GUEST');
INSERT INTO authority (aut_id, com_id, aut_name) VALUES (35, 7, 'ROLE_CEO');
INSERT INTO authority (aut_id, com_id, aut_name) VALUES (36, 8, 'ROLE_ADMIN');
INSERT INTO authority (aut_id, com_id, aut_name) VALUES (37, 8, 'ROLE_MANAGER');
INSERT INTO authority (aut_id, com_id, aut_name) VALUES (38, 8, 'ROLE_MEMBER');
INSERT INTO authority (aut_id, com_id, aut_name) VALUES (39, 8, 'ROLE_GUEST');
INSERT INTO authority (aut_id, com_id, aut_name) VALUES (40, 8, 'ROLE_CEO');
INSERT INTO authority (aut_id, com_id, aut_name) VALUES (41, 9, 'ROLE_ADMIN');
INSERT INTO authority (aut_id, com_id, aut_name) VALUES (42, 9, 'ROLE_MANAGER');
INSERT INTO authority (aut_id, com_id, aut_name) VALUES (43, 9, 'ROLE_MEMBER');
INSERT INTO authority (aut_id, com_id, aut_name) VALUES (44, 9, 'ROLE_GUEST');
INSERT INTO authority (aut_id, com_id, aut_name) VALUES (45, 9, 'ROLE_CEO');
INSERT INTO authority (aut_id, com_id, aut_name) VALUES (46, 10, 'ROLE_ADMIN');
INSERT INTO authority (aut_id, com_id, aut_name) VALUES (47, 10, 'ROLE_MANAGER');
INSERT INTO authority (aut_id, com_id, aut_name) VALUES (48, 10, 'ROLE_MEMBER');
INSERT INTO authority (aut_id, com_id, aut_name) VALUES (49, 10, 'ROLE_GUEST');
INSERT INTO authority (aut_id, com_id, aut_name) VALUES (50, 10, 'ROLE_CEO');
INSERT INTO authority (aut_id, com_id, aut_name) VALUES (51, 11, 'ROLE_ADMIN');
INSERT INTO authority (aut_id, com_id, aut_name) VALUES (52, 11, 'ROLE_MANAGER');
INSERT INTO authority (aut_id, com_id, aut_name) VALUES (53, 11, 'ROLE_MEMBER');
INSERT INTO authority (aut_id, com_id, aut_name) VALUES (54, 11, 'ROLE_GUEST');
INSERT INTO authority (aut_id, com_id, aut_name) VALUES (55, 11, 'ROLE_CEO');
INSERT INTO authority (aut_id, com_id, aut_name) VALUES (56, 12, 'ROLE_ADMIN');
INSERT INTO authority (aut_id, com_id, aut_name) VALUES (57, 12, 'ROLE_MANAGER');
INSERT INTO authority (aut_id, com_id, aut_name) VALUES (58, 12, 'ROLE_MEMBER');
INSERT INTO authority (aut_id, com_id, aut_name) VALUES (59, 12, 'ROLE_GUEST');
INSERT INTO authority (aut_id, com_id, aut_name) VALUES (60, 12, 'ROLE_CEO');
INSERT INTO authority (aut_id, com_id, aut_name) VALUES (61, 13, 'ROLE_ADMIN');
INSERT INTO authority (aut_id, com_id, aut_name) VALUES (62, 13, 'ROLE_MANAGER');
INSERT INTO authority (aut_id, com_id, aut_name) VALUES (63, 13, 'ROLE_MEMBER');
INSERT INTO authority (aut_id, com_id, aut_name) VALUES (64, 13, 'ROLE_GUEST');
INSERT INTO authority (aut_id, com_id, aut_name) VALUES (65, 13, 'ROLE_CEO');
INSERT INTO authority (aut_id, com_id, aut_name) VALUES (66, 14, 'ROLE_ADMIN');
INSERT INTO authority (aut_id, com_id, aut_name) VALUES (67, 14, 'ROLE_MANAGER');
INSERT INTO authority (aut_id, com_id, aut_name) VALUES (68, 14, 'ROLE_MEMBER');
INSERT INTO authority (aut_id, com_id, aut_name) VALUES (69, 14, 'ROLE_GUEST');
INSERT INTO authority (aut_id, com_id, aut_name) VALUES (70, 14, 'ROLE_CEO');
INSERT INTO authority (aut_id, com_id, aut_name) VALUES (71, 15, 'ROLE_ADMIN');
INSERT INTO authority (aut_id, com_id, aut_name) VALUES (72, 15, 'ROLE_MANAGER');
INSERT INTO authority (aut_id, com_id, aut_name) VALUES (73, 15, 'ROLE_MEMBER');
INSERT INTO authority (aut_id, com_id, aut_name) VALUES (74, 15, 'ROLE_GUEST');
INSERT INTO authority (aut_id, com_id, aut_name) VALUES (75, 15, 'ROLE_CEO');
INSERT INTO authority (aut_id, com_id, aut_name) VALUES (76, 16, 'ROLE_ADMIN');
INSERT INTO authority (aut_id, com_id, aut_name) VALUES (77, 16, 'ROLE_MANAGER');
INSERT INTO authority (aut_id, com_id, aut_name) VALUES (78, 16, 'ROLE_MEMBER');
INSERT INTO authority (aut_id, com_id, aut_name) VALUES (79, 16, 'ROLE_GUEST');
INSERT INTO authority (aut_id, com_id, aut_name) VALUES (80, 16, 'ROLE_CEO');
INSERT INTO authority (aut_id, com_id, aut_name) VALUES (81, 17, 'ROLE_ADMIN');
INSERT INTO authority (aut_id, com_id, aut_name) VALUES (82, 17, 'ROLE_MANAGER');
INSERT INTO authority (aut_id, com_id, aut_name) VALUES (83, 17, 'ROLE_MEMBER');
INSERT INTO authority (aut_id, com_id, aut_name) VALUES (84, 17, 'ROLE_GUEST');
INSERT INTO authority (aut_id, com_id, aut_name) VALUES (85, 17, 'ROLE_CEO');
INSERT INTO authority (aut_id, com_id, aut_name) VALUES (86, 18, 'ROLE_ADMIN');
INSERT INTO authority (aut_id, com_id, aut_name) VALUES (87, 18, 'ROLE_MANAGER');
INSERT INTO authority (aut_id, com_id, aut_name) VALUES (88, 18, 'ROLE_MEMBER');
INSERT INTO authority (aut_id, com_id, aut_name) VALUES (89, 18, 'ROLE_GUEST');
INSERT INTO authority (aut_id, com_id, aut_name) VALUES (90, 18, 'ROLE_CEO');
INSERT INTO authority (aut_id, com_id, aut_name) VALUES (91, 19, 'ROLE_ADMIN');
INSERT INTO authority (aut_id, com_id, aut_name) VALUES (92, 19, 'ROLE_MANAGER');
INSERT INTO authority (aut_id, com_id, aut_name) VALUES (93, 19, 'ROLE_MEMBER');
INSERT INTO authority (aut_id, com_id, aut_name) VALUES (94, 19, 'ROLE_GUEST');
INSERT INTO authority (aut_id, com_id, aut_name) VALUES (95, 19, 'ROLE_CEO');
INSERT INTO authority (aut_id, com_id, aut_name) VALUES (96, 20, 'ROLE_ADMIN');
INSERT INTO authority (aut_id, com_id, aut_name) VALUES (97, 20, 'ROLE_MANAGER');
INSERT INTO authority (aut_id, com_id, aut_name) VALUES (98, 20, 'ROLE_MEMBER');
INSERT INTO authority (aut_id, com_id, aut_name) VALUES (99, 20, 'ROLE_GUEST');
INSERT INTO authority (aut_id, com_id, aut_name) VALUES (100, 20, 'ROLE_CEO');

--------------------------------------------------------------------------
-- 6. EMP_AUTH (130건) - 시스템 계정(1~10)은 ROOT 권한 매핑
--------------------------------------------------------------------------
INSERT INTO emp_auth (emp_aut_id, emp_id, aut_id) VALUES (1, 1, 1);
INSERT INTO emp_auth (emp_aut_id, emp_id, aut_id) VALUES (2, 2, 1);
INSERT INTO emp_auth (emp_aut_id, emp_id, aut_id) VALUES (3, 3, 1);
INSERT INTO emp_auth (emp_aut_id, emp_id, aut_id) VALUES (4, 4, 1);
INSERT INTO emp_auth (emp_aut_id, emp_id, aut_id) VALUES (5, 5, 1);
INSERT INTO emp_auth (emp_aut_id, emp_id, aut_id) VALUES (6, 6, 1);
INSERT INTO emp_auth (emp_aut_id, emp_id, aut_id) VALUES (7, 7, 1);
INSERT INTO emp_auth (emp_aut_id, emp_id, aut_id) VALUES (8, 8, 1);
INSERT INTO emp_auth (emp_aut_id, emp_id, aut_id) VALUES (9, 9, 1);
INSERT INTO emp_auth (emp_aut_id, emp_id, aut_id) VALUES (10, 10, 1);
INSERT INTO emp_auth (emp_aut_id, emp_id, aut_id) VALUES (11, 11, 6);
INSERT INTO emp_auth (emp_aut_id, emp_id, aut_id) VALUES (12, 12, 12);
INSERT INTO emp_auth (emp_aut_id, emp_id, aut_id) VALUES (13, 13, 18);
INSERT INTO emp_auth (emp_aut_id, emp_id, aut_id) VALUES (14, 14, 23);
INSERT INTO emp_auth (emp_aut_id, emp_id, aut_id) VALUES (15, 15, 26);
INSERT INTO emp_auth (emp_aut_id, emp_id, aut_id) VALUES (16, 16, 31);
INSERT INTO emp_auth (emp_aut_id, emp_id, aut_id) VALUES (17, 17, 37);
INSERT INTO emp_auth (emp_aut_id, emp_id, aut_id) VALUES (18, 18, 43);
INSERT INTO emp_auth (emp_aut_id, emp_id, aut_id) VALUES (19, 19, 48);
INSERT INTO emp_auth (emp_aut_id, emp_id, aut_id) VALUES (20, 20, 51);
INSERT INTO emp_auth (emp_aut_id, emp_id, aut_id) VALUES (21, 21, 56);
INSERT INTO emp_auth (emp_aut_id, emp_id, aut_id) VALUES (22, 22, 62);
INSERT INTO emp_auth (emp_aut_id, emp_id, aut_id) VALUES (23, 23, 68);
INSERT INTO emp_auth (emp_aut_id, emp_id, aut_id) VALUES (24, 24, 73);
INSERT INTO emp_auth (emp_aut_id, emp_id, aut_id) VALUES (25, 25, 76);
INSERT INTO emp_auth (emp_aut_id, emp_id, aut_id) VALUES (26, 26, 81);
INSERT INTO emp_auth (emp_aut_id, emp_id, aut_id) VALUES (27, 27, 87);
INSERT INTO emp_auth (emp_aut_id, emp_id, aut_id) VALUES (28, 28, 93);
INSERT INTO emp_auth (emp_aut_id, emp_id, aut_id) VALUES (29, 29, 98);
INSERT INTO emp_auth (emp_aut_id, emp_id, aut_id) VALUES (30, 30, 2);
INSERT INTO emp_auth (emp_aut_id, emp_id, aut_id) VALUES (31, 31, 6);
INSERT INTO emp_auth (emp_aut_id, emp_id, aut_id) VALUES (32, 32, 12);
INSERT INTO emp_auth (emp_aut_id, emp_id, aut_id) VALUES (33, 33, 18);
INSERT INTO emp_auth (emp_aut_id, emp_id, aut_id) VALUES (34, 34, 23);
INSERT INTO emp_auth (emp_aut_id, emp_id, aut_id) VALUES (35, 35, 26);
INSERT INTO emp_auth (emp_aut_id, emp_id, aut_id) VALUES (36, 36, 31);
INSERT INTO emp_auth (emp_aut_id, emp_id, aut_id) VALUES (37, 37, 37);
INSERT INTO emp_auth (emp_aut_id, emp_id, aut_id) VALUES (38, 38, 43);
INSERT INTO emp_auth (emp_aut_id, emp_id, aut_id) VALUES (39, 39, 48);
INSERT INTO emp_auth (emp_aut_id, emp_id, aut_id) VALUES (40, 40, 51);
INSERT INTO emp_auth (emp_aut_id, emp_id, aut_id) VALUES (41, 41, 56);
INSERT INTO emp_auth (emp_aut_id, emp_id, aut_id) VALUES (42, 42, 62);
INSERT INTO emp_auth (emp_aut_id, emp_id, aut_id) VALUES (43, 43, 68);
INSERT INTO emp_auth (emp_aut_id, emp_id, aut_id) VALUES (44, 44, 73);
INSERT INTO emp_auth (emp_aut_id, emp_id, aut_id) VALUES (45, 45, 76);
INSERT INTO emp_auth (emp_aut_id, emp_id, aut_id) VALUES (46, 46, 81);
INSERT INTO emp_auth (emp_aut_id, emp_id, aut_id) VALUES (47, 47, 87);
INSERT INTO emp_auth (emp_aut_id, emp_id, aut_id) VALUES (48, 48, 93);
INSERT INTO emp_auth (emp_aut_id, emp_id, aut_id) VALUES (49, 49, 98);
INSERT INTO emp_auth (emp_aut_id, emp_id, aut_id) VALUES (50, 50, 2);
INSERT INTO emp_auth (emp_aut_id, emp_id, aut_id) VALUES (51, 51, 6);
INSERT INTO emp_auth (emp_aut_id, emp_id, aut_id) VALUES (52, 52, 12);
INSERT INTO emp_auth (emp_aut_id, emp_id, aut_id) VALUES (53, 53, 18);
INSERT INTO emp_auth (emp_aut_id, emp_id, aut_id) VALUES (54, 54, 23);
INSERT INTO emp_auth (emp_aut_id, emp_id, aut_id) VALUES (55, 55, 26);
INSERT INTO emp_auth (emp_aut_id, emp_id, aut_id) VALUES (56, 56, 31);
INSERT INTO emp_auth (emp_aut_id, emp_id, aut_id) VALUES (57, 57, 37);
INSERT INTO emp_auth (emp_aut_id, emp_id, aut_id) VALUES (58, 58, 43);
INSERT INTO emp_auth (emp_aut_id, emp_id, aut_id) VALUES (59, 59, 48);
INSERT INTO emp_auth (emp_aut_id, emp_id, aut_id) VALUES (60, 60, 51);
INSERT INTO emp_auth (emp_aut_id, emp_id, aut_id) VALUES (61, 61, 56);
INSERT INTO emp_auth (emp_aut_id, emp_id, aut_id) VALUES (62, 62, 62);
INSERT INTO emp_auth (emp_aut_id, emp_id, aut_id) VALUES (63, 63, 68);
INSERT INTO emp_auth (emp_aut_id, emp_id, aut_id) VALUES (64, 64, 73);
INSERT INTO emp_auth (emp_aut_id, emp_id, aut_id) VALUES (65, 65, 76);
INSERT INTO emp_auth (emp_aut_id, emp_id, aut_id) VALUES (66, 66, 81);
INSERT INTO emp_auth (emp_aut_id, emp_id, aut_id) VALUES (67, 67, 87);
INSERT INTO emp_auth (emp_aut_id, emp_id, aut_id) VALUES (68, 68, 93);
INSERT INTO emp_auth (emp_aut_id, emp_id, aut_id) VALUES (69, 69, 98);
INSERT INTO emp_auth (emp_aut_id, emp_id, aut_id) VALUES (70, 70, 2);
INSERT INTO emp_auth (emp_aut_id, emp_id, aut_id) VALUES (71, 71, 6);
INSERT INTO emp_auth (emp_aut_id, emp_id, aut_id) VALUES (72, 72, 12);
INSERT INTO emp_auth (emp_aut_id, emp_id, aut_id) VALUES (73, 73, 18);
INSERT INTO emp_auth (emp_aut_id, emp_id, aut_id) VALUES (74, 74, 23);
INSERT INTO emp_auth (emp_aut_id, emp_id, aut_id) VALUES (75, 75, 26);
INSERT INTO emp_auth (emp_aut_id, emp_id, aut_id) VALUES (76, 76, 31);
INSERT INTO emp_auth (emp_aut_id, emp_id, aut_id) VALUES (77, 77, 37);
INSERT INTO emp_auth (emp_aut_id, emp_id, aut_id) VALUES (78, 78, 43);
INSERT INTO emp_auth (emp_aut_id, emp_id, aut_id) VALUES (79, 79, 48);
INSERT INTO emp_auth (emp_aut_id, emp_id, aut_id) VALUES (80, 80, 51);
INSERT INTO emp_auth (emp_aut_id, emp_id, aut_id) VALUES (81, 81, 56);
INSERT INTO emp_auth (emp_aut_id, emp_id, aut_id) VALUES (82, 82, 62);
INSERT INTO emp_auth (emp_aut_id, emp_id, aut_id) VALUES (83, 83, 68);
INSERT INTO emp_auth (emp_aut_id, emp_id, aut_id) VALUES (84, 84, 73);
INSERT INTO emp_auth (emp_aut_id, emp_id, aut_id) VALUES (85, 85, 76);
INSERT INTO emp_auth (emp_aut_id, emp_id, aut_id) VALUES (86, 86, 81);
INSERT INTO emp_auth (emp_aut_id, emp_id, aut_id) VALUES (87, 87, 87);
INSERT INTO emp_auth (emp_aut_id, emp_id, aut_id) VALUES (88, 88, 93);
INSERT INTO emp_auth (emp_aut_id, emp_id, aut_id) VALUES (89, 89, 98);
INSERT INTO emp_auth (emp_aut_id, emp_id, aut_id) VALUES (90, 90, 2);
INSERT INTO emp_auth (emp_aut_id, emp_id, aut_id) VALUES (91, 91, 6);
INSERT INTO emp_auth (emp_aut_id, emp_id, aut_id) VALUES (92, 92, 12);
INSERT INTO emp_auth (emp_aut_id, emp_id, aut_id) VALUES (93, 93, 18);
INSERT INTO emp_auth (emp_aut_id, emp_id, aut_id) VALUES (94, 94, 23);
INSERT INTO emp_auth (emp_aut_id, emp_id, aut_id) VALUES (95, 95, 26);
INSERT INTO emp_auth (emp_aut_id, emp_id, aut_id) VALUES (96, 96, 31);
INSERT INTO emp_auth (emp_aut_id, emp_id, aut_id) VALUES (97, 97, 37);
INSERT INTO emp_auth (emp_aut_id, emp_id, aut_id) VALUES (98, 98, 43);
INSERT INTO emp_auth (emp_aut_id, emp_id, aut_id) VALUES (99, 99, 48);
INSERT INTO emp_auth (emp_aut_id, emp_id, aut_id) VALUES (100, 100, 51);
INSERT INTO emp_auth (emp_aut_id, emp_id, aut_id) VALUES (101, 101, 56);
INSERT INTO emp_auth (emp_aut_id, emp_id, aut_id) VALUES (102, 102, 62);
INSERT INTO emp_auth (emp_aut_id, emp_id, aut_id) VALUES (103, 103, 68);
INSERT INTO emp_auth (emp_aut_id, emp_id, aut_id) VALUES (104, 104, 73);
INSERT INTO emp_auth (emp_aut_id, emp_id, aut_id) VALUES (105, 105, 76);
INSERT INTO emp_auth (emp_aut_id, emp_id, aut_id) VALUES (106, 106, 81);
INSERT INTO emp_auth (emp_aut_id, emp_id, aut_id) VALUES (107, 107, 87);
INSERT INTO emp_auth (emp_aut_id, emp_id, aut_id) VALUES (108, 108, 93);
INSERT INTO emp_auth (emp_aut_id, emp_id, aut_id) VALUES (109, 109, 98);
INSERT INTO emp_auth (emp_aut_id, emp_id, aut_id) VALUES (110, 110, 2);
INSERT INTO emp_auth (emp_aut_id, emp_id, aut_id) VALUES (111, 111, 6);
INSERT INTO emp_auth (emp_aut_id, emp_id, aut_id) VALUES (112, 112, 12);
INSERT INTO emp_auth (emp_aut_id, emp_id, aut_id) VALUES (113, 113, 18);
INSERT INTO emp_auth (emp_aut_id, emp_id, aut_id) VALUES (114, 114, 23);
INSERT INTO emp_auth (emp_aut_id, emp_id, aut_id) VALUES (115, 115, 26);
INSERT INTO emp_auth (emp_aut_id, emp_id, aut_id) VALUES (116, 116, 31);
INSERT INTO emp_auth (emp_aut_id, emp_id, aut_id) VALUES (117, 117, 37);
INSERT INTO emp_auth (emp_aut_id, emp_id, aut_id) VALUES (118, 118, 43);
INSERT INTO emp_auth (emp_aut_id, emp_id, aut_id) VALUES (119, 119, 48);
INSERT INTO emp_auth (emp_aut_id, emp_id, aut_id) VALUES (120, 120, 51);
INSERT INTO emp_auth (emp_aut_id, emp_id, aut_id) VALUES (121, 121, 56);
INSERT INTO emp_auth (emp_aut_id, emp_id, aut_id) VALUES (122, 122, 62);
INSERT INTO emp_auth (emp_aut_id, emp_id, aut_id) VALUES (123, 123, 68);
INSERT INTO emp_auth (emp_aut_id, emp_id, aut_id) VALUES (124, 124, 73);
INSERT INTO emp_auth (emp_aut_id, emp_id, aut_id) VALUES (125, 125, 76);
INSERT INTO emp_auth (emp_aut_id, emp_id, aut_id) VALUES (126, 126, 81);
INSERT INTO emp_auth (emp_aut_id, emp_id, aut_id) VALUES (127, 127, 87);
INSERT INTO emp_auth (emp_aut_id, emp_id, aut_id) VALUES (128, 128, 93);
INSERT INTO emp_auth (emp_aut_id, emp_id, aut_id) VALUES (129, 129, 98);
INSERT INTO emp_auth (emp_aut_id, emp_id, aut_id) VALUES (130, 130, 2);

--------------------------------------------------------------------------
-- 7. APPR_FORM (100건: 회사 20개 x 결재양식 5개, is_deleted/for_version 컬럼 반영)
--------------------------------------------------------------------------
INSERT INTO appr_form (for_id, com_id, for_code, for_title, for_content, for_status, is_deleted, for_version, created_at, updated_at) VALUES (1, 1, 'FORM_VAC_01', '연차신청서', '연차 신청을 위한 표준 양식입니다.', 1, 0, 1, DATE '2019-02-01', DATE '2019-02-01');
INSERT INTO appr_form (for_id, com_id, for_code, for_title, for_content, for_status, is_deleted, for_version, created_at, updated_at) VALUES (2, 1, 'FORM_EXP_01', '지출결의서', '비용 정산을 위한 지출결의서 양식입니다.', 1, 0, 1, DATE '2019-02-01', DATE '2019-02-01');
INSERT INTO appr_form (for_id, com_id, for_code, for_title, for_content, for_status, is_deleted, for_version, created_at, updated_at) VALUES (3, 1, 'FORM_BIZ_01', '기안서', '일반 업무 기안을 위한 표준 양식입니다.', 1, 0, 1, DATE '2019-02-01', DATE '2019-02-01');
INSERT INTO appr_form (for_id, com_id, for_code, for_title, for_content, for_status, is_deleted, for_version, created_at, updated_at) VALUES (4, 1, 'FORM_WRK_01', '연장근무신청서', '연장 및 휴일 근무 신청 양식입니다.', 1, 0, 1, DATE '2019-02-01', DATE '2019-02-01');
INSERT INTO appr_form (for_id, com_id, for_code, for_title, for_content, for_status, is_deleted, for_version, created_at, updated_at) VALUES (5, 1, 'FORM_BTR_01', '출장보고서', '국내외 출장 결과 보고 양식입니다.', 1, 0, 1, DATE '2019-02-01', DATE '2019-02-01');
INSERT INTO appr_form (for_id, com_id, for_code, for_title, for_content, for_status, is_deleted, for_version, created_at, updated_at) VALUES (6, 2, 'FORM_VAC_01', '휴가신청서', '휴가 신청을 위한 표준 양식입니다.', 1, 0, 1, DATE '2019-02-01', DATE '2019-02-01');
INSERT INTO appr_form (for_id, com_id, for_code, for_title, for_content, for_status, is_deleted, for_version, created_at, updated_at) VALUES (7, 2, 'FORM_EXP_01', '경비청구서', '비용 처리용 경비청구서입니다.', 1, 0, 1, DATE '2019-02-01', DATE '2019-02-01');
INSERT INTO appr_form (for_id, com_id, for_code, for_title, for_content, for_status, is_deleted, for_version, created_at, updated_at) VALUES (8, 2, 'FORM_BIZ_01', '업무기안서', '일반 기안 양식입니다.', 1, 0, 1, DATE '2019-02-01', DATE '2019-02-01');
INSERT INTO appr_form (for_id, com_id, for_code, for_title, for_content, for_status, is_deleted, for_version, created_at, updated_at) VALUES (9, 2, 'FORM_PUR_01', '구매품의서', '물품 및 자산 구매를 위한 품의서입니다.', 1, 0, 1, DATE '2019-02-01', DATE '2019-02-01');
INSERT INTO appr_form (for_id, com_id, for_code, for_title, for_content, for_status, is_deleted, for_version, created_at, updated_at) VALUES (10, 2, 'FORM_GFT_01', '경조사비신청서', '임직원 경조사 지원금 신청 양식입니다.', 1, 0, 1, DATE '2019-02-01', DATE '2019-02-01');
INSERT INTO appr_form (for_id, com_id, for_code, for_title, for_content, for_status, is_deleted, for_version, created_at, updated_at) VALUES (11, 3, 'FORM_VAC_01', '연차신청서', '연차 신청을 위한 표준 양식입니다.', 1, 0, 1, DATE '2019-02-01', DATE '2019-02-01');
INSERT INTO appr_form (for_id, com_id, for_code, for_title, for_content, for_status, is_deleted, for_version, created_at, updated_at) VALUES (12, 3, 'FORM_EXP_01', '지출결의서', '비용 정산을 위한 지출결의서 양식입니다.', 1, 0, 1, DATE '2019-02-01', DATE '2019-02-01');
INSERT INTO appr_form (for_id, com_id, for_code, for_title, for_content, for_status, is_deleted, for_version, created_at, updated_at) VALUES (13, 3, 'FORM_BIZ_01', '기안서', '일반 업무 기안을 위한 표준 양식입니다.', 1, 0, 1, DATE '2019-02-01', DATE '2019-02-01');
INSERT INTO appr_form (for_id, com_id, for_code, for_title, for_content, for_status, is_deleted, for_version, created_at, updated_at) VALUES (14, 3, 'FORM_WRK_01', '연장근무신청서', '연장 및 휴일 근무 신청 양식입니다.', 1, 0, 1, DATE '2019-02-01', DATE '2019-02-01');
INSERT INTO appr_form (for_id, com_id, for_code, for_title, for_content, for_status, is_deleted, for_version, created_at, updated_at) VALUES (15, 3, 'FORM_BTR_01', '출장보고서', '국내외 출장 결과 보고 양식입니다.', 1, 0, 1, DATE '2019-02-01', DATE '2019-02-01');
INSERT INTO appr_form (for_id, com_id, for_code, for_title, for_content, for_status, is_deleted, for_version, created_at, updated_at) VALUES (16, 4, 'FORM_VAC_01', '휴가신청서', '휴가 신청을 위한 표준 양식입니다.', 1, 0, 1, DATE '2019-02-01', DATE '2019-02-01');
INSERT INTO appr_form (for_id, com_id, for_code, for_title, for_content, for_status, is_deleted, for_version, created_at, updated_at) VALUES (17, 4, 'FORM_EXP_01', '경비청구서', '비용 처리용 경비청구서입니다.', 1, 0, 1, DATE '2019-02-01', DATE '2019-02-01');
INSERT INTO appr_form (for_id, com_id, for_code, for_title, for_content, for_status, is_deleted, for_version, created_at, updated_at) VALUES (18, 4, 'FORM_BIZ_01', '업무기안서', '일반 기안 양식입니다.', 1, 0, 1, DATE '2019-02-01', DATE '2019-02-01');
INSERT INTO appr_form (for_id, com_id, for_code, for_title, for_content, for_status, is_deleted, for_version, created_at, updated_at) VALUES (19, 4, 'FORM_PUR_01', '구매품의서', '물품 및 자산 구매를 위한 품의서입니다.', 1, 0, 1, DATE '2019-02-01', DATE '2019-02-01');
INSERT INTO appr_form (for_id, com_id, for_code, for_title, for_content, for_status, is_deleted, for_version, created_at, updated_at) VALUES (20, 4, 'FORM_GFT_01', '경조사비신청서', '임직원 경조사 지원금 신청 양식입니다.', 1, 0, 1, DATE '2019-02-01', DATE '2019-02-01');
INSERT INTO appr_form (for_id, com_id, for_code, for_title, for_content, for_status, is_deleted, for_version, created_at, updated_at) VALUES (21, 5, 'FORM_VAC_01', '연차신청서', '연차 신청을 위한 표준 양식입니다.', 1, 0, 1, DATE '2019-02-01', DATE '2019-02-01');
INSERT INTO appr_form (for_id, com_id, for_code, for_title, for_content, for_status, is_deleted, for_version, created_at, updated_at) VALUES (22, 5, 'FORM_EXP_01', '지출결의서', '비용 정산을 위한 지출결의서 양식입니다.', 1, 0, 1, DATE '2019-02-01', DATE '2019-02-01');
INSERT INTO appr_form (for_id, com_id, for_code, for_title, for_content, for_status, is_deleted, for_version, created_at, updated_at) VALUES (23, 5, 'FORM_BIZ_01', '기안서', '일반 업무 기안을 위한 표준 양식입니다.', 1, 0, 1, DATE '2019-02-01', DATE '2019-02-01');
INSERT INTO appr_form (for_id, com_id, for_code, for_title, for_content, for_status, is_deleted, for_version, created_at, updated_at) VALUES (24, 5, 'FORM_WRK_01', '연장근무신청서', '연장 및 휴일 근무 신청 양식입니다.', 1, 0, 1, DATE '2019-02-01', DATE '2019-02-01');
INSERT INTO appr_form (for_id, com_id, for_code, for_title, for_content, for_status, is_deleted, for_version, created_at, updated_at) VALUES (25, 5, 'FORM_BTR_01', '출장보고서', '국내외 출장 결과 보고 양식입니다.', 1, 0, 1, DATE '2019-02-01', DATE '2019-02-01');
INSERT INTO appr_form (for_id, com_id, for_code, for_title, for_content, for_status, is_deleted, for_version, created_at, updated_at) VALUES (26, 6, 'FORM_VAC_01', '휴가신청서', '휴가 신청을 위한 표준 양식입니다.', 1, 0, 1, DATE '2019-02-01', DATE '2019-02-01');
INSERT INTO appr_form (for_id, com_id, for_code, for_title, for_content, for_status, is_deleted, for_version, created_at, updated_at) VALUES (27, 6, 'FORM_EXP_01', '경비청구서', '비용 처리용 경비청구서입니다.', 1, 0, 1, DATE '2019-02-01', DATE '2019-02-01');
INSERT INTO appr_form (for_id, com_id, for_code, for_title, for_content, for_status, is_deleted, for_version, created_at, updated_at) VALUES (28, 6, 'FORM_BIZ_01', '업무기안서', '일반 기안 양식입니다.', 1, 0, 1, DATE '2019-02-01', DATE '2019-02-01');
INSERT INTO appr_form (for_id, com_id, for_code, for_title, for_content, for_status, is_deleted, for_version, created_at, updated_at) VALUES (29, 6, 'FORM_PUR_01', '구매품의서', '물품 및 자산 구매를 위한 품의서입니다.', 1, 0, 1, DATE '2019-02-01', DATE '2019-02-01');
INSERT INTO appr_form (for_id, com_id, for_code, for_title, for_content, for_status, is_deleted, for_version, created_at, updated_at) VALUES (30, 6, 'FORM_GFT_01', '경조사비신청서', '임직원 경조사 지원금 신청 양식입니다.', 1, 0, 1, DATE '2019-02-01', DATE '2019-02-01');
INSERT INTO appr_form (for_id, com_id, for_code, for_title, for_content, for_status, is_deleted, for_version, created_at, updated_at) VALUES (31, 7, 'FORM_VAC_01', '연차신청서', '연차 신청을 위한 표준 양식입니다.', 1, 0, 1, DATE '2019-02-01', DATE '2019-02-01');
INSERT INTO appr_form (for_id, com_id, for_code, for_title, for_content, for_status, is_deleted, for_version, created_at, updated_at) VALUES (32, 7, 'FORM_EXP_01', '지출결의서', '비용 정산을 위한 지출결의서 양식입니다.', 1, 0, 1, DATE '2019-02-01', DATE '2019-02-01');
INSERT INTO appr_form (for_id, com_id, for_code, for_title, for_content, for_status, is_deleted, for_version, created_at, updated_at) VALUES (33, 7, 'FORM_BIZ_01', '기안서', '일반 업무 기안을 위한 표준 양식입니다.', 1, 0, 1, DATE '2019-02-01', DATE '2019-02-01');
INSERT INTO appr_form (for_id, com_id, for_code, for_title, for_content, for_status, is_deleted, for_version, created_at, updated_at) VALUES (34, 7, 'FORM_WRK_01', '연장근무신청서', '연장 및 휴일 근무 신청 양식입니다.', 1, 0, 1, DATE '2019-02-01', DATE '2019-02-01');
INSERT INTO appr_form (for_id, com_id, for_code, for_title, for_content, for_status, is_deleted, for_version, created_at, updated_at) VALUES (35, 7, 'FORM_BTR_01', '출장보고서', '국내외 출장 결과 보고 양식입니다.', 1, 0, 1, DATE '2019-02-01', DATE '2019-02-01');
INSERT INTO appr_form (for_id, com_id, for_code, for_title, for_content, for_status, is_deleted, for_version, created_at, updated_at) VALUES (36, 8, 'FORM_VAC_01', '휴가신청서', '휴가 신청을 위한 표준 양식입니다.', 1, 0, 1, DATE '2019-02-01', DATE '2019-02-01');
INSERT INTO appr_form (for_id, com_id, for_code, for_title, for_content, for_status, is_deleted, for_version, created_at, updated_at) VALUES (37, 8, 'FORM_EXP_01', '경비청구서', '비용 처리용 경비청구서입니다.', 1, 0, 1, DATE '2019-02-01', DATE '2019-02-01');
INSERT INTO appr_form (for_id, com_id, for_code, for_title, for_content, for_status, is_deleted, for_version, created_at, updated_at) VALUES (38, 8, 'FORM_BIZ_01', '업무기안서', '일반 기안 양식입니다.', 1, 0, 1, DATE '2019-02-01', DATE '2019-02-01');
INSERT INTO appr_form (for_id, com_id, for_code, for_title, for_content, for_status, is_deleted, for_version, created_at, updated_at) VALUES (39, 8, 'FORM_PUR_01', '구매품의서', '물품 및 자산 구매를 위한 품의서입니다.', 1, 0, 1, DATE '2019-02-01', DATE '2019-02-01');
INSERT INTO appr_form (for_id, com_id, for_code, for_title, for_content, for_status, is_deleted, for_version, created_at, updated_at) VALUES (40, 8, 'FORM_GFT_01', '경조사비신청서', '임직원 경조사 지원금 신청 양식입니다.', 1, 0, 1, DATE '2019-02-01', DATE '2019-02-01');
INSERT INTO appr_form (for_id, com_id, for_code, for_title, for_content, for_status, is_deleted, for_version, created_at, updated_at) VALUES (41, 9, 'FORM_VAC_01', '연차신청서', '연차 신청을 위한 표준 양식입니다.', 1, 0, 1, DATE '2019-02-01', DATE '2019-02-01');
INSERT INTO appr_form (for_id, com_id, for_code, for_title, for_content, for_status, is_deleted, for_version, created_at, updated_at) VALUES (42, 9, 'FORM_EXP_01', '지출결의서', '비용 정산을 위한 지출결의서 양식입니다.', 1, 0, 1, DATE '2019-02-01', DATE '2019-02-01');
INSERT INTO appr_form (for_id, com_id, for_code, for_title, for_content, for_status, is_deleted, for_version, created_at, updated_at) VALUES (43, 9, 'FORM_BIZ_01', '기안서', '일반 업무 기안을 위한 표준 양식입니다.', 1, 0, 1, DATE '2019-02-01', DATE '2019-02-01');
INSERT INTO appr_form (for_id, com_id, for_code, for_title, for_content, for_status, is_deleted, for_version, created_at, updated_at) VALUES (44, 9, 'FORM_WRK_01', '연장근무신청서', '연장 및 휴일 근무 신청 양식입니다.', 1, 0, 1, DATE '2019-02-01', DATE '2019-02-01');
INSERT INTO appr_form (for_id, com_id, for_code, for_title, for_content, for_status, is_deleted, for_version, created_at, updated_at) VALUES (45, 9, 'FORM_BTR_01', '출장보고서', '국내외 출장 결과 보고 양식입니다.', 1, 0, 1, DATE '2019-02-01', DATE '2019-02-01');
INSERT INTO appr_form (for_id, com_id, for_code, for_title, for_content, for_status, is_deleted, for_version, created_at, updated_at) VALUES (46, 10, 'FORM_VAC_01', '휴가신청서', '휴가 신청을 위한 표준 양식입니다.', 1, 0, 1, DATE '2019-02-01', DATE '2019-02-01');
INSERT INTO appr_form (for_id, com_id, for_code, for_title, for_content, for_status, is_deleted, for_version, created_at, updated_at) VALUES (47, 10, 'FORM_EXP_01', '경비청구서', '비용 처리용 경비청구서입니다.', 1, 0, 1, DATE '2019-02-01', DATE '2019-02-01');
INSERT INTO appr_form (for_id, com_id, for_code, for_title, for_content, for_status, is_deleted, for_version, created_at, updated_at) VALUES (48, 10, 'FORM_BIZ_01', '업무기안서', '일반 기안 양식입니다.', 1, 0, 1, DATE '2019-02-01', DATE '2019-02-01');
INSERT INTO appr_form (for_id, com_id, for_code, for_title, for_content, for_status, is_deleted, for_version, created_at, updated_at) VALUES (49, 10, 'FORM_PUR_01', '구매품의서', '물품 및 자산 구매를 위한 품의서입니다.', 1, 0, 1, DATE '2019-02-01', DATE '2019-02-01');
INSERT INTO appr_form (for_id, com_id, for_code, for_title, for_content, for_status, is_deleted, for_version, created_at, updated_at) VALUES (50, 10, 'FORM_GFT_01', '경조사비신청서', '임직원 경조사 지원금 신청 양식입니다.', 1, 0, 1, DATE '2019-02-01', DATE '2019-02-01');
INSERT INTO appr_form (for_id, com_id, for_code, for_title, for_content, for_status, is_deleted, for_version, created_at, updated_at) VALUES (51, 11, 'FORM_VAC_01', '연차신청서', '연차 신청을 위한 표준 양식입니다.', 1, 0, 1, DATE '2019-02-01', DATE '2019-02-01');
INSERT INTO appr_form (for_id, com_id, for_code, for_title, for_content, for_status, is_deleted, for_version, created_at, updated_at) VALUES (52, 11, 'FORM_EXP_01', '지출결의서', '비용 정산을 위한 지출결의서 양식입니다.', 1, 0, 1, DATE '2019-02-01', DATE '2019-02-01');
INSERT INTO appr_form (for_id, com_id, for_code, for_title, for_content, for_status, is_deleted, for_version, created_at, updated_at) VALUES (53, 11, 'FORM_BIZ_01', '기안서', '일반 업무 기안을 위한 표준 양식입니다.', 1, 0, 1, DATE '2019-02-01', DATE '2019-02-01');
INSERT INTO appr_form (for_id, com_id, for_code, for_title, for_content, for_status, is_deleted, for_version, created_at, updated_at) VALUES (54, 11, 'FORM_WRK_01', '연장근무신청서', '연장 및 휴일 근무 신청 양식입니다.', 1, 0, 1, DATE '2019-02-01', DATE '2019-02-01');
INSERT INTO appr_form (for_id, com_id, for_code, for_title, for_content, for_status, is_deleted, for_version, created_at, updated_at) VALUES (55, 11, 'FORM_BTR_01', '출장보고서', '국내외 출장 결과 보고 양식입니다.', 1, 0, 1, DATE '2019-02-01', DATE '2019-02-01');
INSERT INTO appr_form (for_id, com_id, for_code, for_title, for_content, for_status, is_deleted, for_version, created_at, updated_at) VALUES (56, 12, 'FORM_VAC_01', '휴가신청서', '휴가 신청을 위한 표준 양식입니다.', 1, 0, 1, DATE '2019-02-01', DATE '2019-02-01');
INSERT INTO appr_form (for_id, com_id, for_code, for_title, for_content, for_status, is_deleted, for_version, created_at, updated_at) VALUES (57, 12, 'FORM_EXP_01', '경비청구서', '비용 처리용 경비청구서입니다.', 1, 0, 1, DATE '2019-02-01', DATE '2019-02-01');
INSERT INTO appr_form (for_id, com_id, for_code, for_title, for_content, for_status, is_deleted, for_version, created_at, updated_at) VALUES (58, 12, 'FORM_BIZ_01', '업무기안서', '일반 기안 양식입니다.', 1, 0, 1, DATE '2019-02-01', DATE '2019-02-01');
INSERT INTO appr_form (for_id, com_id, for_code, for_title, for_content, for_status, is_deleted, for_version, created_at, updated_at) VALUES (59, 12, 'FORM_PUR_01', '구매품의서', '물품 및 자산 구매를 위한 품의서입니다.', 1, 0, 1, DATE '2019-02-01', DATE '2019-02-01');
INSERT INTO appr_form (for_id, com_id, for_code, for_title, for_content, for_status, is_deleted, for_version, created_at, updated_at) VALUES (60, 12, 'FORM_GFT_01', '경조사비신청서', '임직원 경조사 지원금 신청 양식입니다.', 1, 0, 1, DATE '2019-02-01', DATE '2019-02-01');
INSERT INTO appr_form (for_id, com_id, for_code, for_title, for_content, for_status, is_deleted, for_version, created_at, updated_at) VALUES (61, 13, 'FORM_VAC_01', '연차신청서', '연차 신청을 위한 표준 양식입니다.', 1, 0, 1, DATE '2019-02-01', DATE '2019-02-01');
INSERT INTO appr_form (for_id, com_id, for_code, for_title, for_content, for_status, is_deleted, for_version, created_at, updated_at) VALUES (62, 13, 'FORM_EXP_01', '지출결의서', '비용 정산을 위한 지출결의서 양식입니다.', 1, 0, 1, DATE '2019-02-01', DATE '2019-02-01');
INSERT INTO appr_form (for_id, com_id, for_code, for_title, for_content, for_status, is_deleted, for_version, created_at, updated_at) VALUES (63, 13, 'FORM_BIZ_01', '기안서', '일반 업무 기안을 위한 표준 양식입니다.', 1, 0, 1, DATE '2019-02-01', DATE '2019-02-01');
INSERT INTO appr_form (for_id, com_id, for_code, for_title, for_content, for_status, is_deleted, for_version, created_at, updated_at) VALUES (64, 13, 'FORM_WRK_01', '연장근무신청서', '연장 및 휴일 근무 신청 양식입니다.', 1, 0, 1, DATE '2019-02-01', DATE '2019-02-01');
INSERT INTO appr_form (for_id, com_id, for_code, for_title, for_content, for_status, is_deleted, for_version, created_at, updated_at) VALUES (65, 13, 'FORM_BTR_01', '출장보고서', '국내외 출장 결과 보고 양식입니다.', 1, 0, 1, DATE '2019-02-01', DATE '2019-02-01');
INSERT INTO appr_form (for_id, com_id, for_code, for_title, for_content, for_status, is_deleted, for_version, created_at, updated_at) VALUES (66, 14, 'FORM_VAC_01', '휴가신청서', '휴가 신청을 위한 표준 양식입니다.', 1, 0, 1, DATE '2019-02-01', DATE '2019-02-01');
INSERT INTO appr_form (for_id, com_id, for_code, for_title, for_content, for_status, is_deleted, for_version, created_at, updated_at) VALUES (67, 14, 'FORM_EXP_01', '경비청구서', '비용 처리용 경비청구서입니다.', 1, 0, 1, DATE '2019-02-01', DATE '2019-02-01');
INSERT INTO appr_form (for_id, com_id, for_code, for_title, for_content, for_status, is_deleted, for_version, created_at, updated_at) VALUES (68, 14, 'FORM_BIZ_01', '업무기안서', '일반 기안 양식입니다.', 1, 0, 1, DATE '2019-02-01', DATE '2019-02-01');
INSERT INTO appr_form (for_id, com_id, for_code, for_title, for_content, for_status, is_deleted, for_version, created_at, updated_at) VALUES (69, 14, 'FORM_PUR_01', '구매품의서', '물품 및 자산 구매를 위한 품의서입니다.', 1, 0, 1, DATE '2019-02-01', DATE '2019-02-01');
INSERT INTO appr_form (for_id, com_id, for_code, for_title, for_content, for_status, is_deleted, for_version, created_at, updated_at) VALUES (70, 14, 'FORM_GFT_01', '경조사비신청서', '임직원 경조사 지원금 신청 양식입니다.', 1, 0, 1, DATE '2019-02-01', DATE '2019-02-01');
INSERT INTO appr_form (for_id, com_id, for_code, for_title, for_content, for_status, is_deleted, for_version, created_at, updated_at) VALUES (71, 15, 'FORM_VAC_01', '연차신청서', '연차 신청을 위한 표준 양식입니다.', 1, 0, 1, DATE '2019-02-01', DATE '2019-02-01');
INSERT INTO appr_form (for_id, com_id, for_code, for_title, for_content, for_status, is_deleted, for_version, created_at, updated_at) VALUES (72, 15, 'FORM_EXP_01', '지출결의서', '비용 정산을 위한 지출결의서 양식입니다.', 1, 0, 1, DATE '2019-02-01', DATE '2019-02-01');
INSERT INTO appr_form (for_id, com_id, for_code, for_title, for_content, for_status, is_deleted, for_version, created_at, updated_at) VALUES (73, 15, 'FORM_BIZ_01', '기안서', '일반 업무 기안을 위한 표준 양식입니다.', 1, 0, 1, DATE '2019-02-01', DATE '2019-02-01');
INSERT INTO appr_form (for_id, com_id, for_code, for_title, for_content, for_status, is_deleted, for_version, created_at, updated_at) VALUES (74, 15, 'FORM_WRK_01', '연장근무신청서', '연장 및 휴일 근무 신청 양식입니다.', 1, 0, 1, DATE '2019-02-01', DATE '2019-02-01');
INSERT INTO appr_form (for_id, com_id, for_code, for_title, for_content, for_status, is_deleted, for_version, created_at, updated_at) VALUES (75, 15, 'FORM_BTR_01', '출장보고서', '국내외 출장 결과 보고 양식입니다.', 1, 0, 1, DATE '2019-02-01', DATE '2019-02-01');
INSERT INTO appr_form (for_id, com_id, for_code, for_title, for_content, for_status, is_deleted, for_version, created_at, updated_at) VALUES (76, 16, 'FORM_VAC_01', '휴가신청서', '휴가 신청을 위한 표준 양식입니다.', 1, 0, 1, DATE '2019-02-01', DATE '2019-02-01');
INSERT INTO appr_form (for_id, com_id, for_code, for_title, for_content, for_status, is_deleted, for_version, created_at, updated_at) VALUES (77, 16, 'FORM_EXP_01', '경비청구서', '비용 처리용 경비청구서입니다.', 1, 0, 1, DATE '2019-02-01', DATE '2019-02-01');
INSERT INTO appr_form (for_id, com_id, for_code, for_title, for_content, for_status, is_deleted, for_version, created_at, updated_at) VALUES (78, 16, 'FORM_BIZ_01', '업무기안서', '일반 기안 양식입니다.', 1, 0, 1, DATE '2019-02-01', DATE '2019-02-01');
INSERT INTO appr_form (for_id, com_id, for_code, for_title, for_content, for_status, is_deleted, for_version, created_at, updated_at) VALUES (79, 16, 'FORM_PUR_01', '구매품의서', '물품 및 자산 구매를 위한 품의서입니다.', 1, 0, 1, DATE '2019-02-01', DATE '2019-02-01');
INSERT INTO appr_form (for_id, com_id, for_code, for_title, for_content, for_status, is_deleted, for_version, created_at, updated_at) VALUES (80, 16, 'FORM_GFT_01', '경조사비신청서', '임직원 경조사 지원금 신청 양식입니다.', 1, 0, 1, DATE '2019-02-01', DATE '2019-02-01');
INSERT INTO appr_form (for_id, com_id, for_code, for_title, for_content, for_status, is_deleted, for_version, created_at, updated_at) VALUES (81, 17, 'FORM_VAC_01', '연차신청서', '연차 신청을 위한 표준 양식입니다.', 1, 0, 1, DATE '2019-02-01', DATE '2019-02-01');
INSERT INTO appr_form (for_id, com_id, for_code, for_title, for_content, for_status, is_deleted, for_version, created_at, updated_at) VALUES (82, 17, 'FORM_EXP_01', '지출결의서', '비용 정산을 위한 지출결의서 양식입니다.', 1, 0, 1, DATE '2019-02-01', DATE '2019-02-01');
INSERT INTO appr_form (for_id, com_id, for_code, for_title, for_content, for_status, is_deleted, for_version, created_at, updated_at) VALUES (83, 17, 'FORM_BIZ_01', '기안서', '일반 업무 기안을 위한 표준 양식입니다.', 1, 0, 1, DATE '2019-02-01', DATE '2019-02-01');
INSERT INTO appr_form (for_id, com_id, for_code, for_title, for_content, for_status, is_deleted, for_version, created_at, updated_at) VALUES (84, 17, 'FORM_WRK_01', '연장근무신청서', '연장 및 휴일 근무 신청 양식입니다.', 1, 0, 1, DATE '2019-02-01', DATE '2019-02-01');
INSERT INTO appr_form (for_id, com_id, for_code, for_title, for_content, for_status, is_deleted, for_version, created_at, updated_at) VALUES (85, 17, 'FORM_BTR_01', '출장보고서', '국내외 출장 결과 보고 양식입니다.', 1, 0, 1, DATE '2019-02-01', DATE '2019-02-01');
INSERT INTO appr_form (for_id, com_id, for_code, for_title, for_content, for_status, is_deleted, for_version, created_at, updated_at) VALUES (86, 18, 'FORM_VAC_01', '휴가신청서', '휴가 신청을 위한 표준 양식입니다.', 1, 0, 1, DATE '2019-02-01', DATE '2019-02-01');
INSERT INTO appr_form (for_id, com_id, for_code, for_title, for_content, for_status, is_deleted, for_version, created_at, updated_at) VALUES (87, 18, 'FORM_EXP_01', '경비청구서', '비용 처리용 경비청구서입니다.', 1, 0, 1, DATE '2019-02-01', DATE '2019-02-01');
INSERT INTO appr_form (for_id, com_id, for_code, for_title, for_content, for_status, is_deleted, for_version, created_at, updated_at) VALUES (88, 18, 'FORM_BIZ_01', '업무기안서', '일반 기안 양식입니다.', 1, 0, 1, DATE '2019-02-01', DATE '2019-02-01');
INSERT INTO appr_form (for_id, com_id, for_code, for_title, for_content, for_status, is_deleted, for_version, created_at, updated_at) VALUES (89, 18, 'FORM_PUR_01', '구매품의서', '물품 및 자산 구매를 위한 품의서입니다.', 1, 0, 1, DATE '2019-02-01', DATE '2019-02-01');
INSERT INTO appr_form (for_id, com_id, for_code, for_title, for_content, for_status, is_deleted, for_version, created_at, updated_at) VALUES (90, 18, 'FORM_GFT_01', '경조사비신청서', '임직원 경조사 지원금 신청 양식입니다.', 1, 0, 1, DATE '2019-02-01', DATE '2019-02-01');
INSERT INTO appr_form (for_id, com_id, for_code, for_title, for_content, for_status, is_deleted, for_version, created_at, updated_at) VALUES (91, 19, 'FORM_VAC_01', '연차신청서', '연차 신청을 위한 표준 양식입니다.', 1, 0, 1, DATE '2019-02-01', DATE '2019-02-01');
INSERT INTO appr_form (for_id, com_id, for_code, for_title, for_content, for_status, is_deleted, for_version, created_at, updated_at) VALUES (92, 19, 'FORM_EXP_01', '지출결의서', '비용 정산을 위한 지출결의서 양식입니다.', 1, 0, 1, DATE '2019-02-01', DATE '2019-02-01');
INSERT INTO appr_form (for_id, com_id, for_code, for_title, for_content, for_status, is_deleted, for_version, created_at, updated_at) VALUES (93, 19, 'FORM_BIZ_01', '기안서', '일반 업무 기안을 위한 표준 양식입니다.', 1, 0, 1, DATE '2019-02-01', DATE '2019-02-01');
INSERT INTO appr_form (for_id, com_id, for_code, for_title, for_content, for_status, is_deleted, for_version, created_at, updated_at) VALUES (94, 19, 'FORM_WRK_01', '연장근무신청서', '연장 및 휴일 근무 신청 양식입니다.', 1, 0, 1, DATE '2019-02-01', DATE '2019-02-01');
INSERT INTO appr_form (for_id, com_id, for_code, for_title, for_content, for_status, is_deleted, for_version, created_at, updated_at) VALUES (95, 19, 'FORM_BTR_01', '출장보고서', '국내외 출장 결과 보고 양식입니다.', 1, 0, 1, DATE '2019-02-01', DATE '2019-02-01');
INSERT INTO appr_form (for_id, com_id, for_code, for_title, for_content, for_status, is_deleted, for_version, created_at, updated_at) VALUES (96, 20, 'FORM_VAC_01', '휴가신청서', '휴가 신청을 위한 표준 양식입니다.', 1, 0, 1, DATE '2019-02-01', DATE '2019-02-01');
INSERT INTO appr_form (for_id, com_id, for_code, for_title, for_content, for_status, is_deleted, for_version, created_at, updated_at) VALUES (97, 20, 'FORM_EXP_01', '경비청구서', '비용 처리용 경비청구서입니다.', 1, 0, 1, DATE '2019-02-01', DATE '2019-02-01');
INSERT INTO appr_form (for_id, com_id, for_code, for_title, for_content, for_status, is_deleted, for_version, created_at, updated_at) VALUES (98, 20, 'FORM_BIZ_01', '업무기안서', '일반 기안 양식입니다.', 1, 0, 1, DATE '2019-02-01', DATE '2019-02-01');
INSERT INTO appr_form (for_id, com_id, for_code, for_title, for_content, for_status, is_deleted, for_version, created_at, updated_at) VALUES (99, 20, 'FORM_PUR_01', '구매품의서', '물품 및 자산 구매를 위한 품의서입니다.', 1, 0, 1, DATE '2019-02-01', DATE '2019-02-01');
INSERT INTO appr_form (for_id, com_id, for_code, for_title, for_content, for_status, is_deleted, for_version, created_at, updated_at) VALUES (100, 20, 'FORM_GFT_01', '경조사비신청서', '임직원 경조사 지원금 신청 양식입니다.', 1, 0, 1, DATE '2019-02-01', DATE '2019-02-01');

--------------------------------------------------------------------------
-- 8. APPR_DOC (110건) - doc_revision/for_version 컬럼 반영
--------------------------------------------------------------------------
INSERT INTO appr_doc (doc_id, emp_id, for_id, com_id, doc_title, doc_content, doc_status, created_at, updated_at, is_important, doc_revision, for_version) VALUES (1, 91, 9, 2, '구매품의서 (2025-05-30)', '구매품의서 관련 결재 요청 내용입니다. 검토 부탁드립니다.', 'ING', DATE '2025-05-30', DATE '2025-05-30', 0, 1, 1);
INSERT INTO appr_doc (doc_id, emp_id, for_id, com_id, doc_title, doc_content, doc_status, created_at, updated_at, is_important, doc_revision, for_version) VALUES (2, 32, 15, 3, '출장보고서 (2023-09-12)', '출장보고서 관련 결재 요청 내용입니다. 검토 부탁드립니다.', 'REJ', DATE '2023-09-12', DATE '2023-09-12', 0, 1, 1);
INSERT INTO appr_doc (doc_id, emp_id, for_id, com_id, doc_title, doc_content, doc_status, created_at, updated_at, is_important, doc_revision, for_version) VALUES (3, 53, 18, 4, '업무기안서 (2025-05-09)', '업무기안서 관련 결재 요청 내용입니다. 검토 부탁드립니다.', 'APP', DATE '2025-05-09', DATE '2025-05-09', 1, 1, 1);
INSERT INTO appr_doc (doc_id, emp_id, for_id, com_id, doc_title, doc_content, doc_status, created_at, updated_at, is_important, doc_revision, for_version) VALUES (4, 114, 22, 5, '지출결의서 (2025-07-21)', '지출결의서 관련 결재 요청 내용입니다. 검토 부탁드립니다.', 'APP', DATE '2025-07-21', DATE '2025-07-21', 0, 1, 1);
INSERT INTO appr_doc (doc_id, emp_id, for_id, com_id, doc_title, doc_content, doc_status, created_at, updated_at, is_important, doc_revision, for_version) VALUES (5, 95, 27, 6, '경비청구서 (2023-01-22)', '경비청구서 관련 결재 요청 내용입니다. 검토 부탁드립니다.', 'REJ', DATE '2023-01-22', DATE '2023-01-22', 0, 1, 1);
INSERT INTO appr_doc (doc_id, emp_id, for_id, com_id, doc_title, doc_content, doc_status, created_at, updated_at, is_important, doc_revision, for_version) VALUES (6, 16, 31, 7, '연차신청서 (2024-02-14)', '연차신청서 관련 결재 요청 내용입니다. 검토 부탁드립니다.', 'APP', DATE '2024-02-14', DATE '2024-02-14', 0, 1, 1);
INSERT INTO appr_doc (doc_id, emp_id, for_id, com_id, doc_title, doc_content, doc_status, created_at, updated_at, is_important, doc_revision, for_version) VALUES (7, 17, 40, 8, '경조사비신청서 (2025-09-01)', '경조사비신청서 관련 결재 요청 내용입니다. 검토 부탁드립니다.', 'APP', DATE '2025-09-01', DATE '2025-09-01', 0, 1, 1);
INSERT INTO appr_doc (doc_id, emp_id, for_id, com_id, doc_title, doc_content, doc_status, created_at, updated_at, is_important, doc_revision, for_version) VALUES (8, 118, 43, 9, '기안서 (2025-07-24)', '기안서 관련 결재 요청 내용입니다. 검토 부탁드립니다.', 'APP', DATE '2025-07-24', DATE '2025-07-24', 0, 1, 1);
INSERT INTO appr_doc (doc_id, emp_id, for_id, com_id, doc_title, doc_content, doc_status, created_at, updated_at, is_important, doc_revision, for_version) VALUES (9, 79, 50, 10, '경조사비신청서 (2024-12-29)', '경조사비신청서 관련 결재 요청 내용입니다. 검토 부탁드립니다.', 'REJ', DATE '2024-12-29', DATE '2024-12-29', 1, 1, 1);
INSERT INTO appr_doc (doc_id, emp_id, for_id, com_id, doc_title, doc_content, doc_status, created_at, updated_at, is_important, doc_revision, for_version) VALUES (10, 60, 54, 11, '연장근무신청서 (2025-05-07)', '연장근무신청서 관련 결재 요청 내용입니다. 검토 부탁드립니다.', 'APP', DATE '2025-05-07', DATE '2025-05-07', 1, 1, 1);
INSERT INTO appr_doc (doc_id, emp_id, for_id, com_id, doc_title, doc_content, doc_status, created_at, updated_at, is_important, doc_revision, for_version) VALUES (11, 101, 58, 12, '업무기안서 (2025-03-31)', '업무기안서 관련 결재 요청 내용입니다. 검토 부탁드립니다.', 'ING', DATE '2025-03-31', DATE '2025-03-31', 0, 1, 1);
INSERT INTO appr_doc (doc_id, emp_id, for_id, com_id, doc_title, doc_content, doc_status, created_at, updated_at, is_important, doc_revision, for_version) VALUES (12, 82, 64, 13, '연장근무신청서 (2023-05-22)', '연장근무신청서 관련 결재 요청 내용입니다. 검토 부탁드립니다.', 'APP', DATE '2023-05-22', DATE '2023-05-22', 1, 1, 1);
INSERT INTO appr_doc (doc_id, emp_id, for_id, com_id, doc_title, doc_content, doc_status, created_at, updated_at, is_important, doc_revision, for_version) VALUES (13, 123, 70, 14, '경조사비신청서 (2023-10-27)', '경조사비신청서 관련 결재 요청 내용입니다. 검토 부탁드립니다.', 'APP', DATE '2023-10-27', DATE '2023-10-27', 0, 1, 1);
INSERT INTO appr_doc (doc_id, emp_id, for_id, com_id, doc_title, doc_content, doc_status, created_at, updated_at, is_important, doc_revision, for_version) VALUES (14, 84, 73, 15, '기안서 (2025-08-19)', '기안서 관련 결재 요청 내용입니다. 검토 부탁드립니다.', 'REJ', DATE '2025-08-19', DATE '2025-08-19', 0, 1, 1);
INSERT INTO appr_doc (doc_id, emp_id, for_id, com_id, doc_title, doc_content, doc_status, created_at, updated_at, is_important, doc_revision, for_version) VALUES (15, 65, 79, 16, '구매품의서 (2024-01-16)', '구매품의서 관련 결재 요청 내용입니다. 검토 부탁드립니다.', 'APP', DATE '2024-01-16', DATE '2024-01-16', 0, 1, 1);
INSERT INTO appr_doc (doc_id, emp_id, for_id, com_id, doc_title, doc_content, doc_status, created_at, updated_at, is_important, doc_revision, for_version) VALUES (16, 126, 83, 17, '기안서 (2024-10-18)', '기안서 관련 결재 요청 내용입니다. 검토 부탁드립니다.', 'APP', DATE '2024-10-18', DATE '2024-10-18', 0, 1, 1);
INSERT INTO appr_doc (doc_id, emp_id, for_id, com_id, doc_title, doc_content, doc_status, created_at, updated_at, is_important, doc_revision, for_version) VALUES (17, 87, 90, 18, '경조사비신청서 (2025-01-12)', '경조사비신청서 관련 결재 요청 내용입니다. 검토 부탁드립니다.', 'APP', DATE '2025-01-12', DATE '2025-01-12', 0, 1, 1);
INSERT INTO appr_doc (doc_id, emp_id, for_id, com_id, doc_title, doc_content, doc_status, created_at, updated_at, is_important, doc_revision, for_version) VALUES (18, 88, 91, 19, '연차신청서 (2024-10-26)', '연차신청서 관련 결재 요청 내용입니다. 검토 부탁드립니다.', 'ING', DATE '2024-10-26', DATE '2024-10-26', 0, 1, 1);
INSERT INTO appr_doc (doc_id, emp_id, for_id, com_id, doc_title, doc_content, doc_status, created_at, updated_at, is_important, doc_revision, for_version) VALUES (19, 129, 100, 20, '경조사비신청서 (2023-05-28)', '경조사비신청서 관련 결재 요청 내용입니다. 검토 부탁드립니다.', 'ING', DATE '2023-05-28', DATE '2023-05-28', 1, 1, 1);
INSERT INTO appr_doc (doc_id, emp_id, for_id, com_id, doc_title, doc_content, doc_status, created_at, updated_at, is_important, doc_revision, for_version) VALUES (20, 4, 5, 1, '출장보고서 (2025-07-14)', '출장보고서 관련 결재 요청 내용입니다. 검토 부탁드립니다.', 'ING', DATE '2025-07-14', DATE '2025-07-14', 0, 1, 1);
INSERT INTO appr_doc (doc_id, emp_id, for_id, com_id, doc_title, doc_content, doc_status, created_at, updated_at, is_important, doc_revision, for_version) VALUES (21, 31, 7, 2, '경비청구서 (2023-12-10)', '경비청구서 관련 결재 요청 내용입니다. 검토 부탁드립니다.', 'CAN', DATE '2023-12-10', DATE '2023-12-10', 0, 1, 1);
INSERT INTO appr_doc (doc_id, emp_id, for_id, com_id, doc_title, doc_content, doc_status, created_at, updated_at, is_important, doc_revision, for_version) VALUES (22, 112, 15, 3, '출장보고서 (2024-02-09)', '출장보고서 관련 결재 요청 내용입니다. 검토 부탁드립니다.', 'REJ', DATE '2024-02-09', DATE '2024-02-09', 0, 1, 1);
INSERT INTO appr_doc (doc_id, emp_id, for_id, com_id, doc_title, doc_content, doc_status, created_at, updated_at, is_important, doc_revision, for_version) VALUES (23, 93, 16, 4, '휴가신청서 (2023-08-28)', '휴가신청서 관련 결재 요청 내용입니다. 검토 부탁드립니다.', 'APP', DATE '2023-08-28', DATE '2023-08-28', 0, 1, 1);
INSERT INTO appr_doc (doc_id, emp_id, for_id, com_id, doc_title, doc_content, doc_status, created_at, updated_at, is_important, doc_revision, for_version) VALUES (24, 54, 24, 5, '연장근무신청서 (2025-10-06)', '연장근무신청서 관련 결재 요청 내용입니다. 검토 부탁드립니다.', 'APP', DATE '2025-10-06', DATE '2025-10-06', 1, 1, 1);
INSERT INTO appr_doc (doc_id, emp_id, for_id, com_id, doc_title, doc_content, doc_status, created_at, updated_at, is_important, doc_revision, for_version) VALUES (25, 75, 29, 6, '구매품의서 (2024-05-19)', '구매품의서 관련 결재 요청 내용입니다. 검토 부탁드립니다.', 'CAN', DATE '2024-05-19', DATE '2024-05-19', 0, 1, 1);
INSERT INTO appr_doc (doc_id, emp_id, for_id, com_id, doc_title, doc_content, doc_status, created_at, updated_at, is_important, doc_revision, for_version) VALUES (26, 96, 35, 7, '출장보고서 (2024-10-18)', '출장보고서 관련 결재 요청 내용입니다. 검토 부탁드립니다.', 'REJ', DATE '2024-10-18', DATE '2024-10-18', 1, 1, 1);
INSERT INTO appr_doc (doc_id, emp_id, for_id, com_id, doc_title, doc_content, doc_status, created_at, updated_at, is_important, doc_revision, for_version) VALUES (27, 117, 38, 8, '업무기안서 (2025-05-07)', '업무기안서 관련 결재 요청 내용입니다. 검토 부탁드립니다.', 'REJ', DATE '2025-05-07', DATE '2025-05-07', 0, 1, 1);
INSERT INTO appr_doc (doc_id, emp_id, for_id, com_id, doc_title, doc_content, doc_status, created_at, updated_at, is_important, doc_revision, for_version) VALUES (28, 118, 43, 9, '기안서 (2023-04-04)', '기안서 관련 결재 요청 내용입니다. 검토 부탁드립니다.', 'APP', DATE '2023-04-04', DATE '2023-04-04', 1, 1, 1);
INSERT INTO appr_doc (doc_id, emp_id, for_id, com_id, doc_title, doc_content, doc_status, created_at, updated_at, is_important, doc_revision, for_version) VALUES (29, 99, 49, 10, '구매품의서 (2023-03-11)', '구매품의서 관련 결재 요청 내용입니다. 검토 부탁드립니다.', 'APP', DATE '2023-03-11', DATE '2023-03-11', 0, 1, 1);
INSERT INTO appr_doc (doc_id, emp_id, for_id, com_id, doc_title, doc_content, doc_status, created_at, updated_at, is_important, doc_revision, for_version) VALUES (30, 120, 52, 11, '지출결의서 (2025-01-19)', '지출결의서 관련 결재 요청 내용입니다. 검토 부탁드립니다.', 'APP', DATE '2025-01-19', DATE '2025-01-19', 0, 1, 1);
INSERT INTO appr_doc (doc_id, emp_id, for_id, com_id, doc_title, doc_content, doc_status, created_at, updated_at, is_important, doc_revision, for_version) VALUES (31, 101, 60, 12, '경조사비신청서 (2025-06-10)', '경조사비신청서 관련 결재 요청 내용입니다. 검토 부탁드립니다.', 'REJ', DATE '2025-06-10', DATE '2025-06-10', 0, 1, 1);
INSERT INTO appr_doc (doc_id, emp_id, for_id, com_id, doc_title, doc_content, doc_status, created_at, updated_at, is_important, doc_revision, for_version) VALUES (32, 62, 65, 13, '출장보고서 (2024-12-28)', '출장보고서 관련 결재 요청 내용입니다. 검토 부탁드립니다.', 'ING', DATE '2024-12-28', DATE '2024-12-28', 0, 1, 1);
INSERT INTO appr_doc (doc_id, emp_id, for_id, com_id, doc_title, doc_content, doc_status, created_at, updated_at, is_important, doc_revision, for_version) VALUES (33, 63, 70, 14, '경조사비신청서 (2024-12-07)', '경조사비신청서 관련 결재 요청 내용입니다. 검토 부탁드립니다.', 'CAN', DATE '2024-12-07', DATE '2024-12-07', 0, 1, 1);
INSERT INTO appr_doc (doc_id, emp_id, for_id, com_id, doc_title, doc_content, doc_status, created_at, updated_at, is_important, doc_revision, for_version) VALUES (34, 24, 73, 15, '기안서 (2023-09-19)', '기안서 관련 결재 요청 내용입니다. 검토 부탁드립니다.', 'ING', DATE '2023-09-19', DATE '2023-09-19', 0, 1, 1);
INSERT INTO appr_doc (doc_id, emp_id, for_id, com_id, doc_title, doc_content, doc_status, created_at, updated_at, is_important, doc_revision, for_version) VALUES (35, 25, 79, 16, '구매품의서 (2026-01-21)', '구매품의서 관련 결재 요청 내용입니다. 검토 부탁드립니다.', 'APP', DATE '2026-01-21', DATE '2026-01-21', 0, 1, 1);
INSERT INTO appr_doc (doc_id, emp_id, for_id, com_id, doc_title, doc_content, doc_status, created_at, updated_at, is_important, doc_revision, for_version) VALUES (36, 86, 83, 17, '기안서 (2025-08-30)', '기안서 관련 결재 요청 내용입니다. 검토 부탁드립니다.', 'ING', DATE '2025-08-30', DATE '2025-08-30', 1, 1, 1);
INSERT INTO appr_doc (doc_id, emp_id, for_id, com_id, doc_title, doc_content, doc_status, created_at, updated_at, is_important, doc_revision, for_version) VALUES (37, 107, 90, 18, '경조사비신청서 (2026-05-06)', '경조사비신청서 관련 결재 요청 내용입니다. 검토 부탁드립니다.', 'APP', DATE '2026-05-06', DATE '2026-05-06', 0, 1, 1);
INSERT INTO appr_doc (doc_id, emp_id, for_id, com_id, doc_title, doc_content, doc_status, created_at, updated_at, is_important, doc_revision, for_version) VALUES (38, 28, 94, 19, '연장근무신청서 (2024-01-07)', '연장근무신청서 관련 결재 요청 내용입니다. 검토 부탁드립니다.', 'APP', DATE '2024-01-07', DATE '2024-01-07', 0, 1, 1);
INSERT INTO appr_doc (doc_id, emp_id, for_id, com_id, doc_title, doc_content, doc_status, created_at, updated_at, is_important, doc_revision, for_version) VALUES (39, 29, 96, 20, '휴가신청서 (2024-09-25)', '휴가신청서 관련 결재 요청 내용입니다. 검토 부탁드립니다.', 'APP', DATE '2024-09-25', DATE '2024-09-25', 0, 1, 1);
INSERT INTO appr_doc (doc_id, emp_id, for_id, com_id, doc_title, doc_content, doc_status, created_at, updated_at, is_important, doc_revision, for_version) VALUES (40, 10, 2, 1, '지출결의서 (2025-06-01)', '지출결의서 관련 결재 요청 내용입니다. 검토 부탁드립니다.', 'APP', DATE '2025-06-01', DATE '2025-06-01', 0, 1, 1);
INSERT INTO appr_doc (doc_id, emp_id, for_id, com_id, doc_title, doc_content, doc_status, created_at, updated_at, is_important, doc_revision, for_version) VALUES (41, 91, 6, 2, '휴가신청서 (2023-09-01)', '휴가신청서 관련 결재 요청 내용입니다. 검토 부탁드립니다.', 'APP', DATE '2023-09-01', DATE '2023-09-01', 0, 1, 1);
INSERT INTO appr_doc (doc_id, emp_id, for_id, com_id, doc_title, doc_content, doc_status, created_at, updated_at, is_important, doc_revision, for_version) VALUES (42, 72, 11, 3, '연차신청서 (2026-04-27)', '연차신청서 관련 결재 요청 내용입니다. 검토 부탁드립니다.', 'ING', DATE '2026-04-27', DATE '2026-04-27', 0, 1, 1);
INSERT INTO appr_doc (doc_id, emp_id, for_id, com_id, doc_title, doc_content, doc_status, created_at, updated_at, is_important, doc_revision, for_version) VALUES (43, 73, 20, 4, '경조사비신청서 (2024-03-10)', '경조사비신청서 관련 결재 요청 내용입니다. 검토 부탁드립니다.', 'ING', DATE '2024-03-10', DATE '2024-03-10', 0, 1, 1);
INSERT INTO appr_doc (doc_id, emp_id, for_id, com_id, doc_title, doc_content, doc_status, created_at, updated_at, is_important, doc_revision, for_version) VALUES (44, 74, 21, 5, '연차신청서 (2023-06-30)', '연차신청서 관련 결재 요청 내용입니다. 검토 부탁드립니다.', 'ING', DATE '2023-06-30', DATE '2023-06-30', 0, 1, 1);
INSERT INTO appr_doc (doc_id, emp_id, for_id, com_id, doc_title, doc_content, doc_status, created_at, updated_at, is_important, doc_revision, for_version) VALUES (45, 35, 29, 6, '구매품의서 (2024-05-11)', '구매품의서 관련 결재 요청 내용입니다. 검토 부탁드립니다.', 'ING', DATE '2024-05-11', DATE '2024-05-11', 0, 1, 1);
INSERT INTO appr_doc (doc_id, emp_id, for_id, com_id, doc_title, doc_content, doc_status, created_at, updated_at, is_important, doc_revision, for_version) VALUES (46, 16, 33, 7, '기안서 (2023-10-24)', '기안서 관련 결재 요청 내용입니다. 검토 부탁드립니다.', 'REJ', DATE '2023-10-24', DATE '2023-10-24', 0, 1, 1);
INSERT INTO appr_doc (doc_id, emp_id, for_id, com_id, doc_title, doc_content, doc_status, created_at, updated_at, is_important, doc_revision, for_version) VALUES (47, 117, 40, 8, '경조사비신청서 (2024-06-04)', '경조사비신청서 관련 결재 요청 내용입니다. 검토 부탁드립니다.', 'APP', DATE '2024-06-04', DATE '2024-06-04', 0, 1, 1);
INSERT INTO appr_doc (doc_id, emp_id, for_id, com_id, doc_title, doc_content, doc_status, created_at, updated_at, is_important, doc_revision, for_version) VALUES (48, 18, 41, 9, '연차신청서 (2023-06-13)', '연차신청서 관련 결재 요청 내용입니다. 검토 부탁드립니다.', 'ING', DATE '2023-06-13', DATE '2023-06-13', 0, 1, 1);
INSERT INTO appr_doc (doc_id, emp_id, for_id, com_id, doc_title, doc_content, doc_status, created_at, updated_at, is_important, doc_revision, for_version) VALUES (49, 59, 50, 10, '경조사비신청서 (2025-09-23)', '경조사비신청서 관련 결재 요청 내용입니다. 검토 부탁드립니다.', 'ING', DATE '2025-09-23', DATE '2025-09-23', 0, 1, 1);
INSERT INTO appr_doc (doc_id, emp_id, for_id, com_id, doc_title, doc_content, doc_status, created_at, updated_at, is_important, doc_revision, for_version) VALUES (50, 60, 53, 11, '기안서 (2025-08-20)', '기안서 관련 결재 요청 내용입니다. 검토 부탁드립니다.', 'CAN', DATE '2025-08-20', DATE '2025-08-20', 0, 1, 1);
INSERT INTO appr_doc (doc_id, emp_id, for_id, com_id, doc_title, doc_content, doc_status, created_at, updated_at, is_important, doc_revision, for_version) VALUES (51, 21, 58, 12, '업무기안서 (2025-05-05)', '업무기안서 관련 결재 요청 내용입니다. 검토 부탁드립니다.', 'CAN', DATE '2025-05-05', DATE '2025-05-05', 0, 1, 1);
INSERT INTO appr_doc (doc_id, emp_id, for_id, com_id, doc_title, doc_content, doc_status, created_at, updated_at, is_important, doc_revision, for_version) VALUES (52, 82, 63, 13, '기안서 (2024-08-21)', '기안서 관련 결재 요청 내용입니다. 검토 부탁드립니다.', 'REJ', DATE '2024-08-21', DATE '2024-08-21', 0, 1, 1);
INSERT INTO appr_doc (doc_id, emp_id, for_id, com_id, doc_title, doc_content, doc_status, created_at, updated_at, is_important, doc_revision, for_version) VALUES (53, 103, 70, 14, '경조사비신청서 (2023-02-01)', '경조사비신청서 관련 결재 요청 내용입니다. 검토 부탁드립니다.', 'APP', DATE '2023-02-01', DATE '2023-02-01', 0, 1, 1);
INSERT INTO appr_doc (doc_id, emp_id, for_id, com_id, doc_title, doc_content, doc_status, created_at, updated_at, is_important, doc_revision, for_version) VALUES (54, 104, 74, 15, '연장근무신청서 (2025-03-04)', '연장근무신청서 관련 결재 요청 내용입니다. 검토 부탁드립니다.', 'CAN', DATE '2025-03-04', DATE '2025-03-04', 0, 1, 1);
INSERT INTO appr_doc (doc_id, emp_id, for_id, com_id, doc_title, doc_content, doc_status, created_at, updated_at, is_important, doc_revision, for_version) VALUES (55, 85, 78, 16, '업무기안서 (2024-07-02)', '업무기안서 관련 결재 요청 내용입니다. 검토 부탁드립니다.', 'APP', DATE '2024-07-02', DATE '2024-07-02', 0, 1, 1);
INSERT INTO appr_doc (doc_id, emp_id, for_id, com_id, doc_title, doc_content, doc_status, created_at, updated_at, is_important, doc_revision, for_version) VALUES (56, 106, 81, 17, '연차신청서 (2026-03-17)', '연차신청서 관련 결재 요청 내용입니다. 검토 부탁드립니다.', 'APP', DATE '2026-03-17', DATE '2026-03-17', 1, 1, 1);
INSERT INTO appr_doc (doc_id, emp_id, for_id, com_id, doc_title, doc_content, doc_status, created_at, updated_at, is_important, doc_revision, for_version) VALUES (57, 107, 89, 18, '구매품의서 (2026-02-07)', '구매품의서 관련 결재 요청 내용입니다. 검토 부탁드립니다.', 'APP', DATE '2026-02-07', DATE '2026-02-07', 1, 1, 1);
INSERT INTO appr_doc (doc_id, emp_id, for_id, com_id, doc_title, doc_content, doc_status, created_at, updated_at, is_important, doc_revision, for_version) VALUES (58, 48, 92, 19, '지출결의서 (2025-03-20)', '지출결의서 관련 결재 요청 내용입니다. 검토 부탁드립니다.', 'APP', DATE '2025-03-20', DATE '2025-03-20', 1, 1, 1);
INSERT INTO appr_doc (doc_id, emp_id, for_id, com_id, doc_title, doc_content, doc_status, created_at, updated_at, is_important, doc_revision, for_version) VALUES (59, 69, 100, 20, '경조사비신청서 (2025-07-30)', '경조사비신청서 관련 결재 요청 내용입니다. 검토 부탁드립니다.', 'REJ', DATE '2025-07-30', DATE '2025-07-30', 0, 1, 1);
INSERT INTO appr_doc (doc_id, emp_id, for_id, com_id, doc_title, doc_content, doc_status, created_at, updated_at, is_important, doc_revision, for_version) VALUES (60, 50, 1, 1, '연차신청서 (2024-06-15)', '연차신청서 관련 결재 요청 내용입니다. 검토 부탁드립니다.', 'APP', DATE '2024-06-15', DATE '2024-06-15', 0, 1, 1);
INSERT INTO appr_doc (doc_id, emp_id, for_id, com_id, doc_title, doc_content, doc_status, created_at, updated_at, is_important, doc_revision, for_version) VALUES (61, 91, 8, 2, '업무기안서 (2024-01-23)', '업무기안서 관련 결재 요청 내용입니다. 검토 부탁드립니다.', 'APP', DATE '2024-01-23', DATE '2024-01-23', 0, 1, 1);
INSERT INTO appr_doc (doc_id, emp_id, for_id, com_id, doc_title, doc_content, doc_status, created_at, updated_at, is_important, doc_revision, for_version) VALUES (62, 12, 12, 3, '지출결의서 (2026-03-29)', '지출결의서 관련 결재 요청 내용입니다. 검토 부탁드립니다.', 'REJ', DATE '2026-03-29', DATE '2026-03-29', 0, 1, 1);
INSERT INTO appr_doc (doc_id, emp_id, for_id, com_id, doc_title, doc_content, doc_status, created_at, updated_at, is_important, doc_revision, for_version) VALUES (63, 73, 20, 4, '경조사비신청서 (2025-10-07)', '경조사비신청서 관련 결재 요청 내용입니다. 검토 부탁드립니다.', 'REJ', DATE '2025-10-07', DATE '2025-10-07', 0, 1, 1);
INSERT INTO appr_doc (doc_id, emp_id, for_id, com_id, doc_title, doc_content, doc_status, created_at, updated_at, is_important, doc_revision, for_version) VALUES (64, 54, 24, 5, '연장근무신청서 (2026-05-08)', '연장근무신청서 관련 결재 요청 내용입니다. 검토 부탁드립니다.', 'REJ', DATE '2026-05-08', DATE '2026-05-08', 0, 1, 1);
INSERT INTO appr_doc (doc_id, emp_id, for_id, com_id, doc_title, doc_content, doc_status, created_at, updated_at, is_important, doc_revision, for_version) VALUES (65, 55, 30, 6, '경조사비신청서 (2024-02-24)', '경조사비신청서 관련 결재 요청 내용입니다. 검토 부탁드립니다.', 'APP', DATE '2024-02-24', DATE '2024-02-24', 1, 1, 1);
INSERT INTO appr_doc (doc_id, emp_id, for_id, com_id, doc_title, doc_content, doc_status, created_at, updated_at, is_important, doc_revision, for_version) VALUES (66, 96, 35, 7, '출장보고서 (2024-07-27)', '출장보고서 관련 결재 요청 내용입니다. 검토 부탁드립니다.', 'APP', DATE '2024-07-27', DATE '2024-07-27', 0, 1, 1);
INSERT INTO appr_doc (doc_id, emp_id, for_id, com_id, doc_title, doc_content, doc_status, created_at, updated_at, is_important, doc_revision, for_version) VALUES (67, 77, 40, 8, '경조사비신청서 (2024-06-04)', '경조사비신청서 관련 결재 요청 내용입니다. 검토 부탁드립니다.', 'REJ', DATE '2024-06-04', DATE '2024-06-04', 0, 1, 1);
INSERT INTO appr_doc (doc_id, emp_id, for_id, com_id, doc_title, doc_content, doc_status, created_at, updated_at, is_important, doc_revision, for_version) VALUES (68, 38, 42, 9, '지출결의서 (2023-03-13)', '지출결의서 관련 결재 요청 내용입니다. 검토 부탁드립니다.', 'APP', DATE '2023-03-13', DATE '2023-03-13', 1, 1, 1);
INSERT INTO appr_doc (doc_id, emp_id, for_id, com_id, doc_title, doc_content, doc_status, created_at, updated_at, is_important, doc_revision, for_version) VALUES (69, 119, 49, 10, '구매품의서 (2023-05-12)', '구매품의서 관련 결재 요청 내용입니다. 검토 부탁드립니다.', 'APP', DATE '2023-05-12', DATE '2023-05-12', 0, 1, 1);
INSERT INTO appr_doc (doc_id, emp_id, for_id, com_id, doc_title, doc_content, doc_status, created_at, updated_at, is_important, doc_revision, for_version) VALUES (70, 20, 51, 11, '연차신청서 (2023-07-03)', '연차신청서 관련 결재 요청 내용입니다. 검토 부탁드립니다.', 'APP', DATE '2023-07-03', DATE '2023-07-03', 0, 1, 1);
INSERT INTO appr_doc (doc_id, emp_id, for_id, com_id, doc_title, doc_content, doc_status, created_at, updated_at, is_important, doc_revision, for_version) VALUES (71, 41, 59, 12, '구매품의서 (2024-04-26)', '구매품의서 관련 결재 요청 내용입니다. 검토 부탁드립니다.', 'REJ', DATE '2024-04-26', DATE '2024-04-26', 0, 1, 1);
INSERT INTO appr_doc (doc_id, emp_id, for_id, com_id, doc_title, doc_content, doc_status, created_at, updated_at, is_important, doc_revision, for_version) VALUES (72, 22, 63, 13, '기안서 (2026-02-06)', '기안서 관련 결재 요청 내용입니다. 검토 부탁드립니다.', 'CAN', DATE '2026-02-06', DATE '2026-02-06', 1, 1, 1);
INSERT INTO appr_doc (doc_id, emp_id, for_id, com_id, doc_title, doc_content, doc_status, created_at, updated_at, is_important, doc_revision, for_version) VALUES (73, 63, 70, 14, '경조사비신청서 (2025-09-17)', '경조사비신청서 관련 결재 요청 내용입니다. 검토 부탁드립니다.', 'APP', DATE '2025-09-17', DATE '2025-09-17', 0, 1, 1);
INSERT INTO appr_doc (doc_id, emp_id, for_id, com_id, doc_title, doc_content, doc_status, created_at, updated_at, is_important, doc_revision, for_version) VALUES (74, 44, 73, 15, '기안서 (2024-09-03)', '기안서 관련 결재 요청 내용입니다. 검토 부탁드립니다.', 'REJ', DATE '2024-09-03', DATE '2024-09-03', 0, 1, 1);
INSERT INTO appr_doc (doc_id, emp_id, for_id, com_id, doc_title, doc_content, doc_status, created_at, updated_at, is_important, doc_revision, for_version) VALUES (75, 125, 76, 16, '휴가신청서 (2025-03-09)', '휴가신청서 관련 결재 요청 내용입니다. 검토 부탁드립니다.', 'APP', DATE '2025-03-09', DATE '2025-03-09', 0, 1, 1);
INSERT INTO appr_doc (doc_id, emp_id, for_id, com_id, doc_title, doc_content, doc_status, created_at, updated_at, is_important, doc_revision, for_version) VALUES (76, 86, 84, 17, '연장근무신청서 (2023-10-21)', '연장근무신청서 관련 결재 요청 내용입니다. 검토 부탁드립니다.', 'ING', DATE '2023-10-21', DATE '2023-10-21', 0, 1, 1);
INSERT INTO appr_doc (doc_id, emp_id, for_id, com_id, doc_title, doc_content, doc_status, created_at, updated_at, is_important, doc_revision, for_version) VALUES (77, 127, 87, 18, '경비청구서 (2024-03-27)', '경비청구서 관련 결재 요청 내용입니다. 검토 부탁드립니다.', 'REJ', DATE '2024-03-27', DATE '2024-03-27', 0, 1, 1);
INSERT INTO appr_doc (doc_id, emp_id, for_id, com_id, doc_title, doc_content, doc_status, created_at, updated_at, is_important, doc_revision, for_version) VALUES (78, 128, 92, 19, '지출결의서 (2025-02-27)', '지출결의서 관련 결재 요청 내용입니다. 검토 부탁드립니다.', 'REJ', DATE '2025-02-27', DATE '2025-02-27', 0, 1, 1);
INSERT INTO appr_doc (doc_id, emp_id, for_id, com_id, doc_title, doc_content, doc_status, created_at, updated_at, is_important, doc_revision, for_version) VALUES (79, 89, 98, 20, '업무기안서 (2023-08-25)', '업무기안서 관련 결재 요청 내용입니다. 검토 부탁드립니다.', 'APP', DATE '2023-08-25', DATE '2023-08-25', 0, 1, 1);
INSERT INTO appr_doc (doc_id, emp_id, for_id, com_id, doc_title, doc_content, doc_status, created_at, updated_at, is_important, doc_revision, for_version) VALUES (80, 30, 2, 1, '지출결의서 (2025-07-13)', '지출결의서 관련 결재 요청 내용입니다. 검토 부탁드립니다.', 'APP', DATE '2025-07-13', DATE '2025-07-13', 0, 1, 1);
INSERT INTO appr_doc (doc_id, emp_id, for_id, com_id, doc_title, doc_content, doc_status, created_at, updated_at, is_important, doc_revision, for_version) VALUES (81, 71, 7, 2, '경비청구서 (2023-11-15)', '경비청구서 관련 결재 요청 내용입니다. 검토 부탁드립니다.', 'APP', DATE '2023-11-15', DATE '2023-11-15', 0, 1, 1);
INSERT INTO appr_doc (doc_id, emp_id, for_id, com_id, doc_title, doc_content, doc_status, created_at, updated_at, is_important, doc_revision, for_version) VALUES (82, 92, 13, 3, '기안서 (2025-10-02)', '기안서 관련 결재 요청 내용입니다. 검토 부탁드립니다.', 'APP', DATE '2025-10-02', DATE '2025-10-02', 0, 1, 1);
INSERT INTO appr_doc (doc_id, emp_id, for_id, com_id, doc_title, doc_content, doc_status, created_at, updated_at, is_important, doc_revision, for_version) VALUES (83, 73, 19, 4, '구매품의서 (2023-04-27)', '구매품의서 관련 결재 요청 내용입니다. 검토 부탁드립니다.', 'ING', DATE '2023-04-27', DATE '2023-04-27', 0, 1, 1);
INSERT INTO appr_doc (doc_id, emp_id, for_id, com_id, doc_title, doc_content, doc_status, created_at, updated_at, is_important, doc_revision, for_version) VALUES (84, 54, 21, 5, '연차신청서 (2025-01-16)', '연차신청서 관련 결재 요청 내용입니다. 검토 부탁드립니다.', 'APP', DATE '2025-01-16', DATE '2025-01-16', 0, 1, 1);
INSERT INTO appr_doc (doc_id, emp_id, for_id, com_id, doc_title, doc_content, doc_status, created_at, updated_at, is_important, doc_revision, for_version) VALUES (85, 35, 27, 6, '경비청구서 (2023-11-29)', '경비청구서 관련 결재 요청 내용입니다. 검토 부탁드립니다.', 'ING', DATE '2023-11-29', DATE '2023-11-29', 0, 1, 1);
INSERT INTO appr_doc (doc_id, emp_id, for_id, com_id, doc_title, doc_content, doc_status, created_at, updated_at, is_important, doc_revision, for_version) VALUES (86, 36, 31, 7, '연차신청서 (2025-11-12)', '연차신청서 관련 결재 요청 내용입니다. 검토 부탁드립니다.', 'APP', DATE '2025-11-12', DATE '2025-11-12', 0, 1, 1);
INSERT INTO appr_doc (doc_id, emp_id, for_id, com_id, doc_title, doc_content, doc_status, created_at, updated_at, is_important, doc_revision, for_version) VALUES (87, 17, 40, 8, '경조사비신청서 (2023-03-25)', '경조사비신청서 관련 결재 요청 내용입니다. 검토 부탁드립니다.', 'APP', DATE '2023-03-25', DATE '2023-03-25', 0, 1, 1);
INSERT INTO appr_doc (doc_id, emp_id, for_id, com_id, doc_title, doc_content, doc_status, created_at, updated_at, is_important, doc_revision, for_version) VALUES (88, 58, 45, 9, '출장보고서 (2025-12-04)', '출장보고서 관련 결재 요청 내용입니다. 검토 부탁드립니다.', 'ING', DATE '2025-12-04', DATE '2025-12-04', 0, 1, 1);
INSERT INTO appr_doc (doc_id, emp_id, for_id, com_id, doc_title, doc_content, doc_status, created_at, updated_at, is_important, doc_revision, for_version) VALUES (89, 39, 50, 10, '경조사비신청서 (2026-05-31)', '경조사비신청서 관련 결재 요청 내용입니다. 검토 부탁드립니다.', 'ING', DATE '2026-05-31', DATE '2026-05-31', 1, 1, 1);
INSERT INTO appr_doc (doc_id, emp_id, for_id, com_id, doc_title, doc_content, doc_status, created_at, updated_at, is_important, doc_revision, for_version) VALUES (90, 40, 52, 11, '지출결의서 (2024-01-29)', '지출결의서 관련 결재 요청 내용입니다. 검토 부탁드립니다.', 'ING', DATE '2024-01-29', DATE '2024-01-29', 0, 1, 1);
INSERT INTO appr_doc (doc_id, emp_id, for_id, com_id, doc_title, doc_content, doc_status, created_at, updated_at, is_important, doc_revision, for_version) VALUES (91, 41, 56, 12, '휴가신청서 (2025-04-15)', '휴가신청서 관련 결재 요청 내용입니다. 검토 부탁드립니다.', 'ING', DATE '2025-04-15', DATE '2025-04-15', 0, 1, 1);
INSERT INTO appr_doc (doc_id, emp_id, for_id, com_id, doc_title, doc_content, doc_status, created_at, updated_at, is_important, doc_revision, for_version) VALUES (92, 62, 63, 13, '기안서 (2025-10-06)', '기안서 관련 결재 요청 내용입니다. 검토 부탁드립니다.', 'REJ', DATE '2025-10-06', DATE '2025-10-06', 0, 1, 1);
INSERT INTO appr_doc (doc_id, emp_id, for_id, com_id, doc_title, doc_content, doc_status, created_at, updated_at, is_important, doc_revision, for_version) VALUES (93, 83, 69, 14, '구매품의서 (2024-05-23)', '구매품의서 관련 결재 요청 내용입니다. 검토 부탁드립니다.', 'ING', DATE '2024-05-23', DATE '2024-05-23', 0, 1, 1);
INSERT INTO appr_doc (doc_id, emp_id, for_id, com_id, doc_title, doc_content, doc_status, created_at, updated_at, is_important, doc_revision, for_version) VALUES (94, 24, 72, 15, '지출결의서 (2023-01-10)', '지출결의서 관련 결재 요청 내용입니다. 검토 부탁드립니다.', 'APP', DATE '2023-01-10', DATE '2023-01-10', 0, 1, 1);
INSERT INTO appr_doc (doc_id, emp_id, for_id, com_id, doc_title, doc_content, doc_status, created_at, updated_at, is_important, doc_revision, for_version) VALUES (95, 105, 76, 16, '휴가신청서 (2024-10-19)', '휴가신청서 관련 결재 요청 내용입니다. 검토 부탁드립니다.', 'ING', DATE '2024-10-19', DATE '2024-10-19', 0, 1, 1);
INSERT INTO appr_doc (doc_id, emp_id, for_id, com_id, doc_title, doc_content, doc_status, created_at, updated_at, is_important, doc_revision, for_version) VALUES (96, 66, 81, 17, '연차신청서 (2025-11-17)', '연차신청서 관련 결재 요청 내용입니다. 검토 부탁드립니다.', 'CAN', DATE '2025-11-17', DATE '2025-11-17', 0, 1, 1);
INSERT INTO appr_doc (doc_id, emp_id, for_id, com_id, doc_title, doc_content, doc_status, created_at, updated_at, is_important, doc_revision, for_version) VALUES (97, 27, 87, 18, '경비청구서 (2024-01-09)', '경비청구서 관련 결재 요청 내용입니다. 검토 부탁드립니다.', 'CAN', DATE '2024-01-09', DATE '2024-01-09', 0, 1, 1);
INSERT INTO appr_doc (doc_id, emp_id, for_id, com_id, doc_title, doc_content, doc_status, created_at, updated_at, is_important, doc_revision, for_version) VALUES (98, 68, 93, 19, '기안서 (2023-02-09)', '기안서 관련 결재 요청 내용입니다. 검토 부탁드립니다.', 'APP', DATE '2023-02-09', DATE '2023-02-09', 0, 1, 1);
INSERT INTO appr_doc (doc_id, emp_id, for_id, com_id, doc_title, doc_content, doc_status, created_at, updated_at, is_important, doc_revision, for_version) VALUES (99, 69, 96, 20, '휴가신청서 (2025-08-08)', '휴가신청서 관련 결재 요청 내용입니다. 검토 부탁드립니다.', 'REJ', DATE '2025-08-08', DATE '2025-08-08', 0, 1, 1);
INSERT INTO appr_doc (doc_id, emp_id, for_id, com_id, doc_title, doc_content, doc_status, created_at, updated_at, is_important, doc_revision, for_version) VALUES (100, 110, 1, 1, '연차신청서 (2024-01-02)', '연차신청서 관련 결재 요청 내용입니다. 검토 부탁드립니다.', 'APP', DATE '2024-01-02', DATE '2024-01-02', 1, 1, 1);
INSERT INTO appr_doc (doc_id, emp_id, for_id, com_id, doc_title, doc_content, doc_status, created_at, updated_at, is_important, doc_revision, for_version) VALUES (101, 11, 9, 2, '구매품의서 (2024-07-26)', '구매품의서 관련 결재 요청 내용입니다. 검토 부탁드립니다.', 'APP', DATE '2024-07-26', DATE '2024-07-26', 0, 1, 1);
INSERT INTO appr_doc (doc_id, emp_id, for_id, com_id, doc_title, doc_content, doc_status, created_at, updated_at, is_important, doc_revision, for_version) VALUES (102, 12, 14, 3, '연장근무신청서 (2024-04-10)', '연장근무신청서 관련 결재 요청 내용입니다. 검토 부탁드립니다.', 'REJ', DATE '2024-04-10', DATE '2024-04-10', 0, 1, 1);
INSERT INTO appr_doc (doc_id, emp_id, for_id, com_id, doc_title, doc_content, doc_status, created_at, updated_at, is_important, doc_revision, for_version) VALUES (103, 113, 20, 4, '경조사비신청서 (2023-02-07)', '경조사비신청서 관련 결재 요청 내용입니다. 검토 부탁드립니다.', 'APP', DATE '2023-02-07', DATE '2023-02-07', 0, 1, 1);
INSERT INTO appr_doc (doc_id, emp_id, for_id, com_id, doc_title, doc_content, doc_status, created_at, updated_at, is_important, doc_revision, for_version) VALUES (104, 94, 25, 5, '출장보고서 (2023-04-17)', '출장보고서 관련 결재 요청 내용입니다. 검토 부탁드립니다.', 'APP', DATE '2023-04-17', DATE '2023-04-17', 0, 1, 1);
INSERT INTO appr_doc (doc_id, emp_id, for_id, com_id, doc_title, doc_content, doc_status, created_at, updated_at, is_important, doc_revision, for_version) VALUES (105, 75, 27, 6, '경비청구서 (2026-03-01)', '경비청구서 관련 결재 요청 내용입니다. 검토 부탁드립니다.', 'REJ', DATE '2026-03-01', DATE '2026-03-01', 0, 1, 1);
INSERT INTO appr_doc (doc_id, emp_id, for_id, com_id, doc_title, doc_content, doc_status, created_at, updated_at, is_important, doc_revision, for_version) VALUES (106, 96, 31, 7, '연차신청서 (2024-12-24)', '연차신청서 관련 결재 요청 내용입니다. 검토 부탁드립니다.', 'APP', DATE '2024-12-24', DATE '2024-12-24', 1, 1, 1);
INSERT INTO appr_doc (doc_id, emp_id, for_id, com_id, doc_title, doc_content, doc_status, created_at, updated_at, is_important, doc_revision, for_version) VALUES (107, 117, 36, 8, '휴가신청서 (2023-05-22)', '휴가신청서 관련 결재 요청 내용입니다. 검토 부탁드립니다.', 'APP', DATE '2023-05-22', DATE '2023-05-22', 0, 1, 1);
INSERT INTO appr_doc (doc_id, emp_id, for_id, com_id, doc_title, doc_content, doc_status, created_at, updated_at, is_important, doc_revision, for_version) VALUES (108, 38, 45, 9, '출장보고서 (2025-05-11)', '출장보고서 관련 결재 요청 내용입니다. 검토 부탁드립니다.', 'APP', DATE '2025-05-11', DATE '2025-05-11', 0, 1, 1);
INSERT INTO appr_doc (doc_id, emp_id, for_id, com_id, doc_title, doc_content, doc_status, created_at, updated_at, is_important, doc_revision, for_version) VALUES (109, 119, 46, 10, '휴가신청서 (2023-03-24)', '휴가신청서 관련 결재 요청 내용입니다. 검토 부탁드립니다.', 'REJ', DATE '2023-03-24', DATE '2023-03-24', 0, 1, 1);
INSERT INTO appr_doc (doc_id, emp_id, for_id, com_id, doc_title, doc_content, doc_status, created_at, updated_at, is_important, doc_revision, for_version) VALUES (110, 120, 55, 11, '출장보고서 (2023-03-15)', '출장보고서 관련 결재 요청 내용입니다. 검토 부탁드립니다.', 'APP', DATE '2023-03-15', DATE '2023-03-15', 0, 1, 1);

--------------------------------------------------------------------------
-- 9. APPR_LINE (220건)
--------------------------------------------------------------------------
INSERT INTO appr_line (lin_id, doc_id, emp_id, lin_order, lin_status, lin_approved) VALUES (1, 1, 111, 1, 'APP', DATE '2025-05-30');
INSERT INTO appr_line (lin_id, doc_id, emp_id, lin_order, lin_status, lin_approved) VALUES (2, 1, 71, 2, 'WAI', NULL);
INSERT INTO appr_line (lin_id, doc_id, emp_id, lin_order, lin_status, lin_approved) VALUES (3, 2, 92, 1, 'APP', DATE '2023-09-12');
INSERT INTO appr_line (lin_id, doc_id, emp_id, lin_order, lin_status, lin_approved) VALUES (4, 2, 112, 2, 'REJ', NULL);
INSERT INTO appr_line (lin_id, doc_id, emp_id, lin_order, lin_status, lin_approved) VALUES (5, 3, 33, 1, 'APP', DATE '2025-05-09');
INSERT INTO appr_line (lin_id, doc_id, emp_id, lin_order, lin_status, lin_approved) VALUES (6, 3, 93, 2, 'APP', DATE '2025-05-09');
INSERT INTO appr_line (lin_id, doc_id, emp_id, lin_order, lin_status, lin_approved) VALUES (7, 4, 14, 1, 'APP', DATE '2025-07-21');
INSERT INTO appr_line (lin_id, doc_id, emp_id, lin_order, lin_status, lin_approved) VALUES (8, 4, 74, 2, 'APP', DATE '2025-07-21');
INSERT INTO appr_line (lin_id, doc_id, emp_id, lin_order, lin_status, lin_approved) VALUES (9, 5, 75, 1, 'APP', DATE '2023-01-22');
INSERT INTO appr_line (lin_id, doc_id, emp_id, lin_order, lin_status, lin_approved) VALUES (10, 5, 115, 2, 'REJ', NULL);
INSERT INTO appr_line (lin_id, doc_id, emp_id, lin_order, lin_status, lin_approved) VALUES (11, 6, 116, 1, 'APP', DATE '2024-02-14');
INSERT INTO appr_line (lin_id, doc_id, emp_id, lin_order, lin_status, lin_approved) VALUES (12, 6, 76, 2, 'APP', DATE '2024-02-14');
INSERT INTO appr_line (lin_id, doc_id, emp_id, lin_order, lin_status, lin_approved) VALUES (13, 7, 117, 1, 'APP', DATE '2025-09-01');
INSERT INTO appr_line (lin_id, doc_id, emp_id, lin_order, lin_status, lin_approved) VALUES (14, 7, 37, 2, 'APP', DATE '2025-09-01');
INSERT INTO appr_line (lin_id, doc_id, emp_id, lin_order, lin_status, lin_approved) VALUES (15, 8, 38, 1, 'APP', DATE '2025-07-24');
INSERT INTO appr_line (lin_id, doc_id, emp_id, lin_order, lin_status, lin_approved) VALUES (16, 8, 98, 2, 'APP', DATE '2025-07-24');
INSERT INTO appr_line (lin_id, doc_id, emp_id, lin_order, lin_status, lin_approved) VALUES (17, 9, 19, 1, 'APP', DATE '2024-12-29');
INSERT INTO appr_line (lin_id, doc_id, emp_id, lin_order, lin_status, lin_approved) VALUES (18, 9, 59, 2, 'REJ', NULL);
INSERT INTO appr_line (lin_id, doc_id, emp_id, lin_order, lin_status, lin_approved) VALUES (19, 10, 100, 1, 'APP', DATE '2025-05-07');
INSERT INTO appr_line (lin_id, doc_id, emp_id, lin_order, lin_status, lin_approved) VALUES (20, 10, 80, 2, 'APP', DATE '2025-05-07');
INSERT INTO appr_line (lin_id, doc_id, emp_id, lin_order, lin_status, lin_approved) VALUES (21, 11, 121, 1, 'APP', DATE '2025-03-31');
INSERT INTO appr_line (lin_id, doc_id, emp_id, lin_order, lin_status, lin_approved) VALUES (22, 11, 41, 2, 'WAI', NULL);
INSERT INTO appr_line (lin_id, doc_id, emp_id, lin_order, lin_status, lin_approved) VALUES (23, 12, 42, 1, 'APP', DATE '2023-05-22');
INSERT INTO appr_line (lin_id, doc_id, emp_id, lin_order, lin_status, lin_approved) VALUES (24, 12, 102, 2, 'APP', DATE '2023-05-22');
INSERT INTO appr_line (lin_id, doc_id, emp_id, lin_order, lin_status, lin_approved) VALUES (25, 13, 63, 1, 'APP', DATE '2023-10-27');
INSERT INTO appr_line (lin_id, doc_id, emp_id, lin_order, lin_status, lin_approved) VALUES (26, 13, 83, 2, 'APP', DATE '2023-10-27');
INSERT INTO appr_line (lin_id, doc_id, emp_id, lin_order, lin_status, lin_approved) VALUES (27, 14, 64, 1, 'APP', DATE '2025-08-19');
INSERT INTO appr_line (lin_id, doc_id, emp_id, lin_order, lin_status, lin_approved) VALUES (28, 14, 44, 2, 'REJ', NULL);
INSERT INTO appr_line (lin_id, doc_id, emp_id, lin_order, lin_status, lin_approved) VALUES (29, 15, 105, 1, 'APP', DATE '2024-01-16');
INSERT INTO appr_line (lin_id, doc_id, emp_id, lin_order, lin_status, lin_approved) VALUES (30, 15, 25, 2, 'APP', DATE '2024-01-16');
INSERT INTO appr_line (lin_id, doc_id, emp_id, lin_order, lin_status, lin_approved) VALUES (31, 16, 86, 1, 'APP', DATE '2024-10-18');
INSERT INTO appr_line (lin_id, doc_id, emp_id, lin_order, lin_status, lin_approved) VALUES (32, 16, 106, 2, 'APP', DATE '2024-10-18');
INSERT INTO appr_line (lin_id, doc_id, emp_id, lin_order, lin_status, lin_approved) VALUES (33, 17, 47, 1, 'APP', DATE '2025-01-12');
INSERT INTO appr_line (lin_id, doc_id, emp_id, lin_order, lin_status, lin_approved) VALUES (34, 17, 67, 2, 'APP', DATE '2025-01-12');
INSERT INTO appr_line (lin_id, doc_id, emp_id, lin_order, lin_status, lin_approved) VALUES (35, 18, 48, 1, 'APP', DATE '2024-10-26');
INSERT INTO appr_line (lin_id, doc_id, emp_id, lin_order, lin_status, lin_approved) VALUES (36, 18, 68, 2, 'WAI', NULL);
INSERT INTO appr_line (lin_id, doc_id, emp_id, lin_order, lin_status, lin_approved) VALUES (37, 19, 69, 1, 'APP', DATE '2023-05-28');
INSERT INTO appr_line (lin_id, doc_id, emp_id, lin_order, lin_status, lin_approved) VALUES (38, 19, 109, 2, 'WAI', NULL);
INSERT INTO appr_line (lin_id, doc_id, emp_id, lin_order, lin_status, lin_approved) VALUES (39, 20, 7, 1, 'APP', DATE '2025-07-14');
INSERT INTO appr_line (lin_id, doc_id, emp_id, lin_order, lin_status, lin_approved) VALUES (40, 20, 90, 2, 'WAI', NULL);
INSERT INTO appr_line (lin_id, doc_id, emp_id, lin_order, lin_status, lin_approved) VALUES (41, 21, 111, 1, 'NOT', NULL);
INSERT INTO appr_line (lin_id, doc_id, emp_id, lin_order, lin_status, lin_approved) VALUES (42, 21, 11, 2, 'NOT', NULL);
INSERT INTO appr_line (lin_id, doc_id, emp_id, lin_order, lin_status, lin_approved) VALUES (43, 22, 72, 1, 'APP', DATE '2024-02-09');
INSERT INTO appr_line (lin_id, doc_id, emp_id, lin_order, lin_status, lin_approved) VALUES (44, 22, 32, 2, 'REJ', NULL);
INSERT INTO appr_line (lin_id, doc_id, emp_id, lin_order, lin_status, lin_approved) VALUES (45, 23, 113, 1, 'APP', DATE '2023-08-28');
INSERT INTO appr_line (lin_id, doc_id, emp_id, lin_order, lin_status, lin_approved) VALUES (46, 23, 13, 2, 'APP', DATE '2023-08-28');
INSERT INTO appr_line (lin_id, doc_id, emp_id, lin_order, lin_status, lin_approved) VALUES (47, 24, 114, 1, 'APP', DATE '2025-10-06');
INSERT INTO appr_line (lin_id, doc_id, emp_id, lin_order, lin_status, lin_approved) VALUES (48, 24, 14, 2, 'APP', DATE '2025-10-06');
INSERT INTO appr_line (lin_id, doc_id, emp_id, lin_order, lin_status, lin_approved) VALUES (49, 25, 95, 1, 'NOT', NULL);
INSERT INTO appr_line (lin_id, doc_id, emp_id, lin_order, lin_status, lin_approved) VALUES (50, 25, 35, 2, 'NOT', NULL);
INSERT INTO appr_line (lin_id, doc_id, emp_id, lin_order, lin_status, lin_approved) VALUES (51, 26, 76, 1, 'APP', DATE '2024-10-18');
INSERT INTO appr_line (lin_id, doc_id, emp_id, lin_order, lin_status, lin_approved) VALUES (52, 26, 116, 2, 'REJ', NULL);
INSERT INTO appr_line (lin_id, doc_id, emp_id, lin_order, lin_status, lin_approved) VALUES (53, 27, 17, 1, 'APP', DATE '2025-05-07');
INSERT INTO appr_line (lin_id, doc_id, emp_id, lin_order, lin_status, lin_approved) VALUES (54, 27, 37, 2, 'REJ', NULL);
INSERT INTO appr_line (lin_id, doc_id, emp_id, lin_order, lin_status, lin_approved) VALUES (55, 28, 58, 1, 'APP', DATE '2023-04-04');
INSERT INTO appr_line (lin_id, doc_id, emp_id, lin_order, lin_status, lin_approved) VALUES (56, 28, 18, 2, 'APP', DATE '2023-04-04');
INSERT INTO appr_line (lin_id, doc_id, emp_id, lin_order, lin_status, lin_approved) VALUES (57, 29, 39, 1, 'APP', DATE '2023-03-11');
INSERT INTO appr_line (lin_id, doc_id, emp_id, lin_order, lin_status, lin_approved) VALUES (58, 29, 79, 2, 'APP', DATE '2023-03-11');
INSERT INTO appr_line (lin_id, doc_id, emp_id, lin_order, lin_status, lin_approved) VALUES (59, 30, 60, 1, 'APP', DATE '2025-01-19');
INSERT INTO appr_line (lin_id, doc_id, emp_id, lin_order, lin_status, lin_approved) VALUES (60, 30, 80, 2, 'APP', DATE '2025-01-19');
INSERT INTO appr_line (lin_id, doc_id, emp_id, lin_order, lin_status, lin_approved) VALUES (61, 31, 61, 1, 'APP', DATE '2025-06-10');
INSERT INTO appr_line (lin_id, doc_id, emp_id, lin_order, lin_status, lin_approved) VALUES (62, 31, 81, 2, 'REJ', NULL);
INSERT INTO appr_line (lin_id, doc_id, emp_id, lin_order, lin_status, lin_approved) VALUES (63, 32, 102, 1, 'APP', DATE '2024-12-28');
INSERT INTO appr_line (lin_id, doc_id, emp_id, lin_order, lin_status, lin_approved) VALUES (64, 32, 122, 2, 'WAI', NULL);
INSERT INTO appr_line (lin_id, doc_id, emp_id, lin_order, lin_status, lin_approved) VALUES (65, 33, 43, 1, 'NOT', NULL);
INSERT INTO appr_line (lin_id, doc_id, emp_id, lin_order, lin_status, lin_approved) VALUES (66, 33, 103, 2, 'NOT', NULL);
INSERT INTO appr_line (lin_id, doc_id, emp_id, lin_order, lin_status, lin_approved) VALUES (67, 34, 124, 1, 'APP', DATE '2023-09-19');
INSERT INTO appr_line (lin_id, doc_id, emp_id, lin_order, lin_status, lin_approved) VALUES (68, 34, 44, 2, 'WAI', NULL);
INSERT INTO appr_line (lin_id, doc_id, emp_id, lin_order, lin_status, lin_approved) VALUES (69, 35, 125, 1, 'APP', DATE '2026-01-21');
INSERT INTO appr_line (lin_id, doc_id, emp_id, lin_order, lin_status, lin_approved) VALUES (70, 35, 45, 2, 'APP', DATE '2026-01-21');
INSERT INTO appr_line (lin_id, doc_id, emp_id, lin_order, lin_status, lin_approved) VALUES (71, 36, 126, 1, 'APP', DATE '2025-08-30');
INSERT INTO appr_line (lin_id, doc_id, emp_id, lin_order, lin_status, lin_approved) VALUES (72, 36, 26, 2, 'WAI', NULL);
INSERT INTO appr_line (lin_id, doc_id, emp_id, lin_order, lin_status, lin_approved) VALUES (73, 37, 27, 1, 'APP', DATE '2026-05-06');
INSERT INTO appr_line (lin_id, doc_id, emp_id, lin_order, lin_status, lin_approved) VALUES (74, 37, 47, 2, 'APP', DATE '2026-05-06');
INSERT INTO appr_line (lin_id, doc_id, emp_id, lin_order, lin_status, lin_approved) VALUES (75, 38, 48, 1, 'APP', DATE '2024-01-07');
INSERT INTO appr_line (lin_id, doc_id, emp_id, lin_order, lin_status, lin_approved) VALUES (76, 38, 108, 2, 'APP', DATE '2024-01-07');
INSERT INTO appr_line (lin_id, doc_id, emp_id, lin_order, lin_status, lin_approved) VALUES (77, 39, 129, 1, 'APP', DATE '2024-09-25');
INSERT INTO appr_line (lin_id, doc_id, emp_id, lin_order, lin_status, lin_approved) VALUES (78, 39, 89, 2, 'APP', DATE '2024-09-25');
INSERT INTO appr_line (lin_id, doc_id, emp_id, lin_order, lin_status, lin_approved) VALUES (79, 40, 30, 1, 'APP', DATE '2025-06-01');
INSERT INTO appr_line (lin_id, doc_id, emp_id, lin_order, lin_status, lin_approved) VALUES (80, 40, 50, 2, 'APP', DATE '2025-06-01');
INSERT INTO appr_line (lin_id, doc_id, emp_id, lin_order, lin_status, lin_approved) VALUES (81, 41, 71, 1, 'APP', DATE '2023-09-01');
INSERT INTO appr_line (lin_id, doc_id, emp_id, lin_order, lin_status, lin_approved) VALUES (82, 41, 111, 2, 'APP', DATE '2023-09-01');
INSERT INTO appr_line (lin_id, doc_id, emp_id, lin_order, lin_status, lin_approved) VALUES (83, 42, 32, 1, 'APP', DATE '2026-04-27');
INSERT INTO appr_line (lin_id, doc_id, emp_id, lin_order, lin_status, lin_approved) VALUES (84, 42, 92, 2, 'WAI', NULL);
INSERT INTO appr_line (lin_id, doc_id, emp_id, lin_order, lin_status, lin_approved) VALUES (85, 43, 33, 1, 'APP', DATE '2024-03-10');
INSERT INTO appr_line (lin_id, doc_id, emp_id, lin_order, lin_status, lin_approved) VALUES (86, 43, 13, 2, 'WAI', NULL);
INSERT INTO appr_line (lin_id, doc_id, emp_id, lin_order, lin_status, lin_approved) VALUES (87, 44, 34, 1, 'APP', DATE '2023-06-30');
INSERT INTO appr_line (lin_id, doc_id, emp_id, lin_order, lin_status, lin_approved) VALUES (88, 44, 14, 2, 'WAI', NULL);
INSERT INTO appr_line (lin_id, doc_id, emp_id, lin_order, lin_status, lin_approved) VALUES (89, 45, 95, 1, 'APP', DATE '2024-05-11');
INSERT INTO appr_line (lin_id, doc_id, emp_id, lin_order, lin_status, lin_approved) VALUES (90, 45, 55, 2, 'WAI', NULL);
INSERT INTO appr_line (lin_id, doc_id, emp_id, lin_order, lin_status, lin_approved) VALUES (91, 46, 36, 1, 'APP', DATE '2023-10-24');
INSERT INTO appr_line (lin_id, doc_id, emp_id, lin_order, lin_status, lin_approved) VALUES (92, 46, 76, 2, 'REJ', NULL);
INSERT INTO appr_line (lin_id, doc_id, emp_id, lin_order, lin_status, lin_approved) VALUES (93, 47, 17, 1, 'APP', DATE '2024-06-04');
INSERT INTO appr_line (lin_id, doc_id, emp_id, lin_order, lin_status, lin_approved) VALUES (94, 47, 97, 2, 'APP', DATE '2024-06-04');
INSERT INTO appr_line (lin_id, doc_id, emp_id, lin_order, lin_status, lin_approved) VALUES (95, 48, 98, 1, 'APP', DATE '2023-06-13');
INSERT INTO appr_line (lin_id, doc_id, emp_id, lin_order, lin_status, lin_approved) VALUES (96, 48, 78, 2, 'WAI', NULL);
INSERT INTO appr_line (lin_id, doc_id, emp_id, lin_order, lin_status, lin_approved) VALUES (97, 49, 119, 1, 'APP', DATE '2025-09-23');
INSERT INTO appr_line (lin_id, doc_id, emp_id, lin_order, lin_status, lin_approved) VALUES (98, 49, 19, 2, 'WAI', NULL);
INSERT INTO appr_line (lin_id, doc_id, emp_id, lin_order, lin_status, lin_approved) VALUES (99, 50, 40, 1, 'NOT', NULL);
INSERT INTO appr_line (lin_id, doc_id, emp_id, lin_order, lin_status, lin_approved) VALUES (100, 50, 120, 2, 'NOT', NULL);
INSERT INTO appr_line (lin_id, doc_id, emp_id, lin_order, lin_status, lin_approved) VALUES (101, 51, 101, 1, 'NOT', NULL);
INSERT INTO appr_line (lin_id, doc_id, emp_id, lin_order, lin_status, lin_approved) VALUES (102, 51, 121, 2, 'NOT', NULL);
INSERT INTO appr_line (lin_id, doc_id, emp_id, lin_order, lin_status, lin_approved) VALUES (103, 52, 62, 1, 'APP', DATE '2024-08-21');
INSERT INTO appr_line (lin_id, doc_id, emp_id, lin_order, lin_status, lin_approved) VALUES (104, 52, 22, 2, 'REJ', NULL);
INSERT INTO appr_line (lin_id, doc_id, emp_id, lin_order, lin_status, lin_approved) VALUES (105, 53, 43, 1, 'APP', DATE '2023-02-01');
INSERT INTO appr_line (lin_id, doc_id, emp_id, lin_order, lin_status, lin_approved) VALUES (106, 53, 63, 2, 'APP', DATE '2023-02-01');
INSERT INTO appr_line (lin_id, doc_id, emp_id, lin_order, lin_status, lin_approved) VALUES (107, 54, 84, 1, 'NOT', NULL);
INSERT INTO appr_line (lin_id, doc_id, emp_id, lin_order, lin_status, lin_approved) VALUES (108, 54, 44, 2, 'NOT', NULL);
INSERT INTO appr_line (lin_id, doc_id, emp_id, lin_order, lin_status, lin_approved) VALUES (109, 55, 105, 1, 'APP', DATE '2024-07-02');
INSERT INTO appr_line (lin_id, doc_id, emp_id, lin_order, lin_status, lin_approved) VALUES (110, 55, 45, 2, 'APP', DATE '2024-07-02');
INSERT INTO appr_line (lin_id, doc_id, emp_id, lin_order, lin_status, lin_approved) VALUES (111, 56, 46, 1, 'APP', DATE '2026-03-17');
INSERT INTO appr_line (lin_id, doc_id, emp_id, lin_order, lin_status, lin_approved) VALUES (112, 56, 66, 2, 'APP', DATE '2026-03-17');
INSERT INTO appr_line (lin_id, doc_id, emp_id, lin_order, lin_status, lin_approved) VALUES (113, 57, 87, 1, 'APP', DATE '2026-02-07');
INSERT INTO appr_line (lin_id, doc_id, emp_id, lin_order, lin_status, lin_approved) VALUES (114, 57, 127, 2, 'APP', DATE '2026-02-07');
INSERT INTO appr_line (lin_id, doc_id, emp_id, lin_order, lin_status, lin_approved) VALUES (115, 58, 108, 1, 'APP', DATE '2025-03-20');
INSERT INTO appr_line (lin_id, doc_id, emp_id, lin_order, lin_status, lin_approved) VALUES (116, 58, 68, 2, 'APP', DATE '2025-03-20');
INSERT INTO appr_line (lin_id, doc_id, emp_id, lin_order, lin_status, lin_approved) VALUES (117, 59, 129, 1, 'APP', DATE '2025-07-30');
INSERT INTO appr_line (lin_id, doc_id, emp_id, lin_order, lin_status, lin_approved) VALUES (118, 59, 29, 2, 'REJ', NULL);
INSERT INTO appr_line (lin_id, doc_id, emp_id, lin_order, lin_status, lin_approved) VALUES (119, 60, 130, 1, 'APP', DATE '2024-06-15');
INSERT INTO appr_line (lin_id, doc_id, emp_id, lin_order, lin_status, lin_approved) VALUES (120, 60, 110, 2, 'APP', DATE '2024-06-15');
INSERT INTO appr_line (lin_id, doc_id, emp_id, lin_order, lin_status, lin_approved) VALUES (121, 61, 31, 1, 'APP', DATE '2024-01-23');
INSERT INTO appr_line (lin_id, doc_id, emp_id, lin_order, lin_status, lin_approved) VALUES (122, 61, 111, 2, 'APP', DATE '2024-01-23');
INSERT INTO appr_line (lin_id, doc_id, emp_id, lin_order, lin_status, lin_approved) VALUES (123, 62, 112, 1, 'APP', DATE '2026-03-29');
INSERT INTO appr_line (lin_id, doc_id, emp_id, lin_order, lin_status, lin_approved) VALUES (124, 62, 72, 2, 'REJ', NULL);
INSERT INTO appr_line (lin_id, doc_id, emp_id, lin_order, lin_status, lin_approved) VALUES (125, 63, 53, 1, 'APP', DATE '2025-10-07');
INSERT INTO appr_line (lin_id, doc_id, emp_id, lin_order, lin_status, lin_approved) VALUES (126, 63, 13, 2, 'REJ', NULL);
INSERT INTO appr_line (lin_id, doc_id, emp_id, lin_order, lin_status, lin_approved) VALUES (127, 64, 14, 1, 'APP', DATE '2026-05-08');
INSERT INTO appr_line (lin_id, doc_id, emp_id, lin_order, lin_status, lin_approved) VALUES (128, 64, 74, 2, 'REJ', NULL);
INSERT INTO appr_line (lin_id, doc_id, emp_id, lin_order, lin_status, lin_approved) VALUES (129, 65, 115, 1, 'APP', DATE '2024-02-24');
INSERT INTO appr_line (lin_id, doc_id, emp_id, lin_order, lin_status, lin_approved) VALUES (130, 65, 95, 2, 'APP', DATE '2024-02-24');
INSERT INTO appr_line (lin_id, doc_id, emp_id, lin_order, lin_status, lin_approved) VALUES (131, 66, 76, 1, 'APP', DATE '2024-07-27');
INSERT INTO appr_line (lin_id, doc_id, emp_id, lin_order, lin_status, lin_approved) VALUES (132, 66, 16, 2, 'APP', DATE '2024-07-27');
INSERT INTO appr_line (lin_id, doc_id, emp_id, lin_order, lin_status, lin_approved) VALUES (133, 67, 17, 1, 'APP', DATE '2024-06-04');
INSERT INTO appr_line (lin_id, doc_id, emp_id, lin_order, lin_status, lin_approved) VALUES (134, 67, 57, 2, 'REJ', NULL);
INSERT INTO appr_line (lin_id, doc_id, emp_id, lin_order, lin_status, lin_approved) VALUES (135, 68, 118, 1, 'APP', DATE '2023-03-13');
INSERT INTO appr_line (lin_id, doc_id, emp_id, lin_order, lin_status, lin_approved) VALUES (136, 68, 78, 2, 'APP', DATE '2023-03-13');
INSERT INTO appr_line (lin_id, doc_id, emp_id, lin_order, lin_status, lin_approved) VALUES (137, 69, 99, 1, 'APP', DATE '2023-05-12');
INSERT INTO appr_line (lin_id, doc_id, emp_id, lin_order, lin_status, lin_approved) VALUES (138, 69, 79, 2, 'APP', DATE '2023-05-12');
INSERT INTO appr_line (lin_id, doc_id, emp_id, lin_order, lin_status, lin_approved) VALUES (139, 70, 120, 1, 'APP', DATE '2023-07-03');
INSERT INTO appr_line (lin_id, doc_id, emp_id, lin_order, lin_status, lin_approved) VALUES (140, 70, 100, 2, 'APP', DATE '2023-07-03');
INSERT INTO appr_line (lin_id, doc_id, emp_id, lin_order, lin_status, lin_approved) VALUES (141, 71, 61, 1, 'APP', DATE '2024-04-26');
INSERT INTO appr_line (lin_id, doc_id, emp_id, lin_order, lin_status, lin_approved) VALUES (142, 71, 121, 2, 'REJ', NULL);
INSERT INTO appr_line (lin_id, doc_id, emp_id, lin_order, lin_status, lin_approved) VALUES (143, 72, 42, 1, 'NOT', NULL);
INSERT INTO appr_line (lin_id, doc_id, emp_id, lin_order, lin_status, lin_approved) VALUES (144, 72, 122, 2, 'NOT', NULL);
INSERT INTO appr_line (lin_id, doc_id, emp_id, lin_order, lin_status, lin_approved) VALUES (145, 73, 23, 1, 'APP', DATE '2025-09-17');
INSERT INTO appr_line (lin_id, doc_id, emp_id, lin_order, lin_status, lin_approved) VALUES (146, 73, 123, 2, 'APP', DATE '2025-09-17');
INSERT INTO appr_line (lin_id, doc_id, emp_id, lin_order, lin_status, lin_approved) VALUES (147, 74, 124, 1, 'APP', DATE '2024-09-03');
INSERT INTO appr_line (lin_id, doc_id, emp_id, lin_order, lin_status, lin_approved) VALUES (148, 74, 104, 2, 'REJ', NULL);
INSERT INTO appr_line (lin_id, doc_id, emp_id, lin_order, lin_status, lin_approved) VALUES (149, 75, 25, 1, 'APP', DATE '2025-03-09');
INSERT INTO appr_line (lin_id, doc_id, emp_id, lin_order, lin_status, lin_approved) VALUES (150, 75, 65, 2, 'APP', DATE '2025-03-09');
INSERT INTO appr_line (lin_id, doc_id, emp_id, lin_order, lin_status, lin_approved) VALUES (151, 76, 26, 1, 'APP', DATE '2023-10-21');
INSERT INTO appr_line (lin_id, doc_id, emp_id, lin_order, lin_status, lin_approved) VALUES (152, 76, 106, 2, 'WAI', NULL);
INSERT INTO appr_line (lin_id, doc_id, emp_id, lin_order, lin_status, lin_approved) VALUES (153, 77, 27, 1, 'APP', DATE '2024-03-27');
INSERT INTO appr_line (lin_id, doc_id, emp_id, lin_order, lin_status, lin_approved) VALUES (154, 77, 67, 2, 'REJ', NULL);
INSERT INTO appr_line (lin_id, doc_id, emp_id, lin_order, lin_status, lin_approved) VALUES (155, 78, 28, 1, 'APP', DATE '2025-02-27');
INSERT INTO appr_line (lin_id, doc_id, emp_id, lin_order, lin_status, lin_approved) VALUES (156, 78, 108, 2, 'REJ', NULL);
INSERT INTO appr_line (lin_id, doc_id, emp_id, lin_order, lin_status, lin_approved) VALUES (157, 79, 69, 1, 'APP', DATE '2023-08-25');
INSERT INTO appr_line (lin_id, doc_id, emp_id, lin_order, lin_status, lin_approved) VALUES (158, 79, 49, 2, 'APP', DATE '2023-08-25');
INSERT INTO appr_line (lin_id, doc_id, emp_id, lin_order, lin_status, lin_approved) VALUES (159, 80, 9, 1, 'APP', DATE '2025-07-13');
INSERT INTO appr_line (lin_id, doc_id, emp_id, lin_order, lin_status, lin_approved) VALUES (160, 80, 3, 2, 'APP', DATE '2025-07-13');
INSERT INTO appr_line (lin_id, doc_id, emp_id, lin_order, lin_status, lin_approved) VALUES (161, 81, 11, 1, 'APP', DATE '2023-11-15');
INSERT INTO appr_line (lin_id, doc_id, emp_id, lin_order, lin_status, lin_approved) VALUES (162, 81, 51, 2, 'APP', DATE '2023-11-15');
INSERT INTO appr_line (lin_id, doc_id, emp_id, lin_order, lin_status, lin_approved) VALUES (163, 82, 12, 1, 'APP', DATE '2025-10-02');
INSERT INTO appr_line (lin_id, doc_id, emp_id, lin_order, lin_status, lin_approved) VALUES (164, 82, 52, 2, 'APP', DATE '2025-10-02');
INSERT INTO appr_line (lin_id, doc_id, emp_id, lin_order, lin_status, lin_approved) VALUES (165, 83, 33, 1, 'APP', DATE '2023-04-27');
INSERT INTO appr_line (lin_id, doc_id, emp_id, lin_order, lin_status, lin_approved) VALUES (166, 83, 93, 2, 'WAI', NULL);
INSERT INTO appr_line (lin_id, doc_id, emp_id, lin_order, lin_status, lin_approved) VALUES (167, 84, 94, 1, 'APP', DATE '2025-01-16');
INSERT INTO appr_line (lin_id, doc_id, emp_id, lin_order, lin_status, lin_approved) VALUES (168, 84, 74, 2, 'APP', DATE '2025-01-16');
INSERT INTO appr_line (lin_id, doc_id, emp_id, lin_order, lin_status, lin_approved) VALUES (169, 85, 15, 1, 'APP', DATE '2023-11-29');
INSERT INTO appr_line (lin_id, doc_id, emp_id, lin_order, lin_status, lin_approved) VALUES (170, 85, 75, 2, 'WAI', NULL);
INSERT INTO appr_line (lin_id, doc_id, emp_id, lin_order, lin_status, lin_approved) VALUES (171, 86, 56, 1, 'APP', DATE '2025-11-12');
INSERT INTO appr_line (lin_id, doc_id, emp_id, lin_order, lin_status, lin_approved) VALUES (172, 86, 96, 2, 'APP', DATE '2025-11-12');
INSERT INTO appr_line (lin_id, doc_id, emp_id, lin_order, lin_status, lin_approved) VALUES (173, 87, 97, 1, 'APP', DATE '2023-03-25');
INSERT INTO appr_line (lin_id, doc_id, emp_id, lin_order, lin_status, lin_approved) VALUES (174, 87, 57, 2, 'APP', DATE '2023-03-25');
INSERT INTO appr_line (lin_id, doc_id, emp_id, lin_order, lin_status, lin_approved) VALUES (175, 88, 38, 1, 'APP', DATE '2025-12-04');
INSERT INTO appr_line (lin_id, doc_id, emp_id, lin_order, lin_status, lin_approved) VALUES (176, 88, 118, 2, 'WAI', NULL);
INSERT INTO appr_line (lin_id, doc_id, emp_id, lin_order, lin_status, lin_approved) VALUES (177, 89, 99, 1, 'APP', DATE '2026-05-31');
INSERT INTO appr_line (lin_id, doc_id, emp_id, lin_order, lin_status, lin_approved) VALUES (178, 89, 79, 2, 'WAI', NULL);
INSERT INTO appr_line (lin_id, doc_id, emp_id, lin_order, lin_status, lin_approved) VALUES (179, 90, 120, 1, 'APP', DATE '2024-01-29');
INSERT INTO appr_line (lin_id, doc_id, emp_id, lin_order, lin_status, lin_approved) VALUES (180, 90, 80, 2, 'WAI', NULL);
INSERT INTO appr_line (lin_id, doc_id, emp_id, lin_order, lin_status, lin_approved) VALUES (181, 91, 21, 1, 'APP', DATE '2025-04-15');
INSERT INTO appr_line (lin_id, doc_id, emp_id, lin_order, lin_status, lin_approved) VALUES (182, 91, 81, 2, 'WAI', NULL);
INSERT INTO appr_line (lin_id, doc_id, emp_id, lin_order, lin_status, lin_approved) VALUES (183, 92, 22, 1, 'APP', DATE '2025-10-06');
INSERT INTO appr_line (lin_id, doc_id, emp_id, lin_order, lin_status, lin_approved) VALUES (184, 92, 122, 2, 'REJ', NULL);
INSERT INTO appr_line (lin_id, doc_id, emp_id, lin_order, lin_status, lin_approved) VALUES (185, 93, 43, 1, 'APP', DATE '2024-05-23');
INSERT INTO appr_line (lin_id, doc_id, emp_id, lin_order, lin_status, lin_approved) VALUES (186, 93, 63, 2, 'WAI', NULL);
INSERT INTO appr_line (lin_id, doc_id, emp_id, lin_order, lin_status, lin_approved) VALUES (187, 94, 84, 1, 'APP', DATE '2023-01-10');
INSERT INTO appr_line (lin_id, doc_id, emp_id, lin_order, lin_status, lin_approved) VALUES (188, 94, 104, 2, 'APP', DATE '2023-01-10');
INSERT INTO appr_line (lin_id, doc_id, emp_id, lin_order, lin_status, lin_approved) VALUES (189, 95, 85, 1, 'APP', DATE '2024-10-19');
INSERT INTO appr_line (lin_id, doc_id, emp_id, lin_order, lin_status, lin_approved) VALUES (190, 95, 25, 2, 'WAI', NULL);
INSERT INTO appr_line (lin_id, doc_id, emp_id, lin_order, lin_status, lin_approved) VALUES (191, 96, 26, 1, 'NOT', NULL);
INSERT INTO appr_line (lin_id, doc_id, emp_id, lin_order, lin_status, lin_approved) VALUES (192, 96, 46, 2, 'NOT', NULL);
INSERT INTO appr_line (lin_id, doc_id, emp_id, lin_order, lin_status, lin_approved) VALUES (193, 97, 67, 1, 'NOT', NULL);
INSERT INTO appr_line (lin_id, doc_id, emp_id, lin_order, lin_status, lin_approved) VALUES (194, 97, 47, 2, 'NOT', NULL);
INSERT INTO appr_line (lin_id, doc_id, emp_id, lin_order, lin_status, lin_approved) VALUES (195, 98, 28, 1, 'APP', DATE '2023-02-09');
INSERT INTO appr_line (lin_id, doc_id, emp_id, lin_order, lin_status, lin_approved) VALUES (196, 98, 48, 2, 'APP', DATE '2023-02-09');
INSERT INTO appr_line (lin_id, doc_id, emp_id, lin_order, lin_status, lin_approved) VALUES (197, 99, 129, 1, 'APP', DATE '2025-08-08');
INSERT INTO appr_line (lin_id, doc_id, emp_id, lin_order, lin_status, lin_approved) VALUES (198, 99, 49, 2, 'REJ', NULL);
INSERT INTO appr_line (lin_id, doc_id, emp_id, lin_order, lin_status, lin_approved) VALUES (199, 100, 1, 1, 'APP', DATE '2024-01-02');
INSERT INTO appr_line (lin_id, doc_id, emp_id, lin_order, lin_status, lin_approved) VALUES (200, 100, 5, 2, 'APP', DATE '2024-01-02');
INSERT INTO appr_line (lin_id, doc_id, emp_id, lin_order, lin_status, lin_approved) VALUES (201, 101, 31, 1, 'APP', DATE '2024-07-26');
INSERT INTO appr_line (lin_id, doc_id, emp_id, lin_order, lin_status, lin_approved) VALUES (202, 101, 111, 2, 'APP', DATE '2024-07-26');
INSERT INTO appr_line (lin_id, doc_id, emp_id, lin_order, lin_status, lin_approved) VALUES (203, 102, 52, 1, 'APP', DATE '2024-04-10');
INSERT INTO appr_line (lin_id, doc_id, emp_id, lin_order, lin_status, lin_approved) VALUES (204, 102, 112, 2, 'REJ', NULL);
INSERT INTO appr_line (lin_id, doc_id, emp_id, lin_order, lin_status, lin_approved) VALUES (205, 103, 73, 1, 'APP', DATE '2023-02-07');
INSERT INTO appr_line (lin_id, doc_id, emp_id, lin_order, lin_status, lin_approved) VALUES (206, 103, 93, 2, 'APP', DATE '2023-02-07');
INSERT INTO appr_line (lin_id, doc_id, emp_id, lin_order, lin_status, lin_approved) VALUES (207, 104, 54, 1, 'APP', DATE '2023-04-17');
INSERT INTO appr_line (lin_id, doc_id, emp_id, lin_order, lin_status, lin_approved) VALUES (208, 104, 114, 2, 'APP', DATE '2023-04-17');
INSERT INTO appr_line (lin_id, doc_id, emp_id, lin_order, lin_status, lin_approved) VALUES (209, 105, 55, 1, 'APP', DATE '2026-03-01');
INSERT INTO appr_line (lin_id, doc_id, emp_id, lin_order, lin_status, lin_approved) VALUES (210, 105, 95, 2, 'REJ', NULL);
INSERT INTO appr_line (lin_id, doc_id, emp_id, lin_order, lin_status, lin_approved) VALUES (211, 106, 36, 1, 'APP', DATE '2024-12-24');
INSERT INTO appr_line (lin_id, doc_id, emp_id, lin_order, lin_status, lin_approved) VALUES (212, 106, 76, 2, 'APP', DATE '2024-12-24');
INSERT INTO appr_line (lin_id, doc_id, emp_id, lin_order, lin_status, lin_approved) VALUES (213, 107, 57, 1, 'APP', DATE '2023-05-22');
INSERT INTO appr_line (lin_id, doc_id, emp_id, lin_order, lin_status, lin_approved) VALUES (214, 107, 77, 2, 'APP', DATE '2023-05-22');
INSERT INTO appr_line (lin_id, doc_id, emp_id, lin_order, lin_status, lin_approved) VALUES (215, 108, 98, 1, 'APP', DATE '2025-05-11');
INSERT INTO appr_line (lin_id, doc_id, emp_id, lin_order, lin_status, lin_approved) VALUES (216, 108, 118, 2, 'APP', DATE '2025-05-11');
INSERT INTO appr_line (lin_id, doc_id, emp_id, lin_order, lin_status, lin_approved) VALUES (217, 109, 19, 1, 'APP', DATE '2023-03-24');
INSERT INTO appr_line (lin_id, doc_id, emp_id, lin_order, lin_status, lin_approved) VALUES (218, 109, 59, 2, 'REJ', NULL);
INSERT INTO appr_line (lin_id, doc_id, emp_id, lin_order, lin_status, lin_approved) VALUES (219, 110, 100, 1, 'APP', DATE '2023-03-15');
INSERT INTO appr_line (lin_id, doc_id, emp_id, lin_order, lin_status, lin_approved) VALUES (220, 110, 20, 2, 'APP', DATE '2023-03-15');

--------------------------------------------------------------------------
-- 10. PROJECT (100건) - actual_start_date/actual_end_date, end_date NOT NULL 반영
--------------------------------------------------------------------------
INSERT INTO project (pro_id, emp_id, com_id, pro_name, pro_desc, pro_status, start_date, end_date, actual_start_date, actual_end_date, created_at, updated_at) VALUES (1, 51, 2, '모바일 앱 리뉴얼 1차', '모바일 앱 리뉴얼 1차 관련 프로젝트입니다.', 'DOING', DATE '2024-06-07', DATE '2024-09-05', DATE '2024-06-07', NULL, DATE '2024-06-07', DATE '2024-06-07');
INSERT INTO project (pro_id, emp_id, com_id, pro_name, pro_desc, pro_status, start_date, end_date, actual_start_date, actual_end_date, created_at, updated_at) VALUES (2, 12, 3, '인사관리 시스템 구축 2차', '인사관리 시스템 구축 2차 관련 프로젝트입니다.', 'DOING', DATE '2022-10-31', DATE '2023-03-22', DATE '2022-10-31', NULL, DATE '2022-10-31', DATE '2022-10-31');
INSERT INTO project (pro_id, emp_id, com_id, pro_name, pro_desc, pro_status, start_date, end_date, actual_start_date, actual_end_date, created_at, updated_at) VALUES (3, 33, 4, '회계시스템 통합 3차', '회계시스템 통합 3차 관련 프로젝트입니다.', 'DONE', DATE '2024-08-01', DATE '2025-01-18', DATE '2024-08-03', DATE '2025-01-14', DATE '2024-08-01', DATE '2024-08-01');
INSERT INTO project (pro_id, emp_id, com_id, pro_name, pro_desc, pro_status, start_date, end_date, actual_start_date, actual_end_date, created_at, updated_at) VALUES (4, 74, 5, '보안 강화 프로젝트 4차', '보안 강화 프로젝트 4차 관련 프로젝트입니다.', 'DOING', DATE '2023-12-24', DATE '2024-03-04', DATE '2023-12-25', NULL, DATE '2023-12-24', DATE '2023-12-24');
INSERT INTO project (pro_id, emp_id, com_id, pro_name, pro_desc, pro_status, start_date, end_date, actual_start_date, actual_end_date, created_at, updated_at) VALUES (5, 75, 6, 'AI 챗봇 도입 5차', 'AI 챗봇 도입 5차 관련 프로젝트입니다.', 'TODO', DATE '2024-03-05', DATE '2024-07-25', NULL, NULL, DATE '2024-03-05', DATE '2024-03-05');
INSERT INTO project (pro_id, emp_id, com_id, pro_name, pro_desc, pro_status, start_date, end_date, actual_start_date, actual_end_date, created_at, updated_at) VALUES (6, 96, 7, '보안 강화 프로젝트 6차', '보안 강화 프로젝트 6차 관련 프로젝트입니다.', 'DONE', DATE '2024-11-26', DATE '2025-01-19', DATE '2024-12-01', DATE '2025-01-14', DATE '2024-11-26', DATE '2024-11-26');
INSERT INTO project (pro_id, emp_id, com_id, pro_name, pro_desc, pro_status, start_date, end_date, actual_start_date, actual_end_date, created_at, updated_at) VALUES (7, 77, 8, '전자결재 시스템 개선 7차', '전자결재 시스템 개선 7차 관련 프로젝트입니다.', 'DONE', DATE '2025-03-17', DATE '2025-05-24', DATE '2025-03-20', DATE '2025-05-22', DATE '2025-03-17', DATE '2025-03-17');
INSERT INTO project (pro_id, emp_id, com_id, pro_name, pro_desc, pro_status, start_date, end_date, actual_start_date, actual_end_date, created_at, updated_at) VALUES (8, 78, 9, '데이터 분석 플랫폼 8차', '데이터 분석 플랫폼 8차 관련 프로젝트입니다.', 'TODO', DATE '2023-09-15', DATE '2024-05-07', NULL, NULL, DATE '2023-09-15', DATE '2023-09-15');
INSERT INTO project (pro_id, emp_id, com_id, pro_name, pro_desc, pro_status, start_date, end_date, actual_start_date, actual_end_date, created_at, updated_at) VALUES (9, 19, 10, '데이터 분석 플랫폼 9차', '데이터 분석 플랫폼 9차 관련 프로젝트입니다.', 'DOING', DATE '2024-10-15', DATE '2025-01-29', DATE '2024-10-19', NULL, DATE '2024-10-15', DATE '2024-10-15');
INSERT INTO project (pro_id, emp_id, com_id, pro_name, pro_desc, pro_status, start_date, end_date, actual_start_date, actual_end_date, created_at, updated_at) VALUES (10, 80, 11, '그룹웨어 고도화 10차', '그룹웨어 고도화 10차 관련 프로젝트입니다.', 'DOING', DATE '2025-08-21', DATE '2026-02-10', DATE '2025-08-25', NULL, DATE '2025-08-21', DATE '2025-08-21');
INSERT INTO project (pro_id, emp_id, com_id, pro_name, pro_desc, pro_status, start_date, end_date, actual_start_date, actual_end_date, created_at, updated_at) VALUES (11, 21, 12, '영업관리 시스템 11차', '영업관리 시스템 11차 관련 프로젝트입니다.', 'DOING', DATE '2022-12-26', DATE '2023-02-22', DATE '2022-12-31', NULL, DATE '2022-12-26', DATE '2022-12-26');
INSERT INTO project (pro_id, emp_id, com_id, pro_name, pro_desc, pro_status, start_date, end_date, actual_start_date, actual_end_date, created_at, updated_at) VALUES (12, 102, 13, '재고관리 자동화 12차', '재고관리 자동화 12차 관련 프로젝트입니다.', 'TODO', DATE '2023-01-09', DATE '2023-02-23', NULL, NULL, DATE '2023-01-09', DATE '2023-01-09');
INSERT INTO project (pro_id, emp_id, com_id, pro_name, pro_desc, pro_status, start_date, end_date, actual_start_date, actual_end_date, created_at, updated_at) VALUES (13, 123, 14, '클라우드 전환 13차', '클라우드 전환 13차 관련 프로젝트입니다.', 'DOING', DATE '2023-09-16', DATE '2024-01-25', DATE '2023-09-16', NULL, DATE '2023-09-16', DATE '2023-09-16');
INSERT INTO project (pro_id, emp_id, com_id, pro_name, pro_desc, pro_status, start_date, end_date, actual_start_date, actual_end_date, created_at, updated_at) VALUES (14, 24, 15, '모바일 앱 리뉴얼 14차', '모바일 앱 리뉴얼 14차 관련 프로젝트입니다.', 'TODO', DATE '2024-12-06', DATE '2025-05-10', NULL, NULL, DATE '2024-12-06', DATE '2024-12-06');
INSERT INTO project (pro_id, emp_id, com_id, pro_name, pro_desc, pro_status, start_date, end_date, actual_start_date, actual_end_date, created_at, updated_at) VALUES (15, 65, 16, '물류센터 자동화 15차', '물류센터 자동화 15차 관련 프로젝트입니다.', 'TODO', DATE '2025-07-11', DATE '2025-09-04', NULL, NULL, DATE '2025-07-11', DATE '2025-07-11');
INSERT INTO project (pro_id, emp_id, com_id, pro_name, pro_desc, pro_status, start_date, end_date, actual_start_date, actual_end_date, created_at, updated_at) VALUES (16, 46, 17, '차세대 ERP 구축 16차', '차세대 ERP 구축 16차 관련 프로젝트입니다.', 'TODO', DATE '2025-04-17', DATE '2025-06-30', NULL, NULL, DATE '2025-04-17', DATE '2025-04-17');
INSERT INTO project (pro_id, emp_id, com_id, pro_name, pro_desc, pro_status, start_date, end_date, actual_start_date, actual_end_date, created_at, updated_at) VALUES (17, 87, 18, '데이터 분석 플랫폼 17차', '데이터 분석 플랫폼 17차 관련 프로젝트입니다.', 'DOING', DATE '2025-12-28', DATE '2026-05-31', DATE '2025-12-28', NULL, DATE '2025-12-28', DATE '2025-12-28');
INSERT INTO project (pro_id, emp_id, com_id, pro_name, pro_desc, pro_status, start_date, end_date, actual_start_date, actual_end_date, created_at, updated_at) VALUES (18, 108, 19, '그룹웨어 고도화 18차', '그룹웨어 고도화 18차 관련 프로젝트입니다.', 'TODO', DATE '2024-12-29', DATE '2025-05-06', NULL, NULL, DATE '2024-12-29', DATE '2024-12-29');
INSERT INTO project (pro_id, emp_id, com_id, pro_name, pro_desc, pro_status, start_date, end_date, actual_start_date, actual_end_date, created_at, updated_at) VALUES (19, 129, 20, '차세대 ERP 구축 19차', '차세대 ERP 구축 19차 관련 프로젝트입니다.', 'DOING', DATE '2022-11-16', DATE '2023-02-15', DATE '2022-11-21', NULL, DATE '2022-11-16', DATE '2022-11-16');
INSERT INTO project (pro_id, emp_id, com_id, pro_name, pro_desc, pro_status, start_date, end_date, actual_start_date, actual_end_date, created_at, updated_at) VALUES (20, 70, 1, 'AI 챗봇 도입 20차', 'AI 챗봇 도입 20차 관련 프로젝트입니다.', 'DONE', DATE '2023-03-03', DATE '2023-06-17', DATE '2023-03-06', DATE '2023-06-13', DATE '2023-03-03', DATE '2023-03-03');
INSERT INTO project (pro_id, emp_id, com_id, pro_name, pro_desc, pro_status, start_date, end_date, actual_start_date, actual_end_date, created_at, updated_at) VALUES (21, 11, 2, 'AI 챗봇 도입 21차', 'AI 챗봇 도입 21차 관련 프로젝트입니다.', 'DOING', DATE '2025-01-16', DATE '2025-04-25', DATE '2025-01-21', NULL, DATE '2025-01-16', DATE '2025-01-16');
INSERT INTO project (pro_id, emp_id, com_id, pro_name, pro_desc, pro_status, start_date, end_date, actual_start_date, actual_end_date, created_at, updated_at) VALUES (22, 92, 3, '재고관리 자동화 22차', '재고관리 자동화 22차 관련 프로젝트입니다.', 'DOING', DATE '2024-10-21', DATE '2025-06-02', DATE '2024-10-23', NULL, DATE '2024-10-21', DATE '2024-10-21');
INSERT INTO project (pro_id, emp_id, com_id, pro_name, pro_desc, pro_status, start_date, end_date, actual_start_date, actual_end_date, created_at, updated_at) VALUES (23, 53, 4, '전자결재 시스템 개선 23차', '전자결재 시스템 개선 23차 관련 프로젝트입니다.', 'DONE', DATE '2024-08-09', DATE '2025-03-25', DATE '2024-08-14', DATE '2025-03-20', DATE '2024-08-09', DATE '2024-08-09');
INSERT INTO project (pro_id, emp_id, com_id, pro_name, pro_desc, pro_status, start_date, end_date, actual_start_date, actual_end_date, created_at, updated_at) VALUES (24, 74, 5, '차세대 ERP 구축 24차', '차세대 ERP 구축 24차 관련 프로젝트입니다.', 'DOING', DATE '2025-12-03', DATE '2026-04-30', DATE '2025-12-04', NULL, DATE '2025-12-03', DATE '2025-12-03');
INSERT INTO project (pro_id, emp_id, com_id, pro_name, pro_desc, pro_status, start_date, end_date, actual_start_date, actual_end_date, created_at, updated_at) VALUES (25, 75, 6, '고객포털 개편 25차', '고객포털 개편 25차 관련 프로젝트입니다.', 'DONE', DATE '2022-11-16', DATE '2023-03-23', DATE '2022-11-21', DATE '2023-03-23', DATE '2022-11-16', DATE '2022-11-16');
INSERT INTO project (pro_id, emp_id, com_id, pro_name, pro_desc, pro_status, start_date, end_date, actual_start_date, actual_end_date, created_at, updated_at) VALUES (26, 36, 7, 'AI 챗봇 도입 26차', 'AI 챗봇 도입 26차 관련 프로젝트입니다.', 'TODO', DATE '2023-10-15', DATE '2024-01-06', NULL, NULL, DATE '2023-10-15', DATE '2023-10-15');
INSERT INTO project (pro_id, emp_id, com_id, pro_name, pro_desc, pro_status, start_date, end_date, actual_start_date, actual_end_date, created_at, updated_at) VALUES (27, 97, 8, '차세대 ERP 구축 27차', '차세대 ERP 구축 27차 관련 프로젝트입니다.', 'DOING', DATE '2023-02-26', DATE '2023-07-15', DATE '2023-03-03', NULL, DATE '2023-02-26', DATE '2023-02-26');
INSERT INTO project (pro_id, emp_id, com_id, pro_name, pro_desc, pro_status, start_date, end_date, actual_start_date, actual_end_date, created_at, updated_at) VALUES (28, 18, 9, '고객포털 개편 28차', '고객포털 개편 28차 관련 프로젝트입니다.', 'DOING', DATE '2022-10-08', DATE '2022-12-11', DATE '2022-10-13', NULL, DATE '2022-10-08', DATE '2022-10-08');
INSERT INTO project (pro_id, emp_id, com_id, pro_name, pro_desc, pro_status, start_date, end_date, actual_start_date, actual_end_date, created_at, updated_at) VALUES (29, 119, 10, '데이터 분석 플랫폼 29차', '데이터 분석 플랫폼 29차 관련 프로젝트입니다.', 'TODO', DATE '2025-12-20', DATE '2026-02-24', NULL, NULL, DATE '2025-12-20', DATE '2025-12-20');
INSERT INTO project (pro_id, emp_id, com_id, pro_name, pro_desc, pro_status, start_date, end_date, actual_start_date, actual_end_date, created_at, updated_at) VALUES (30, 80, 11, '영업관리 시스템 30차', '영업관리 시스템 30차 관련 프로젝트입니다.', 'TODO', DATE '2025-11-14', DATE '2026-02-26', NULL, NULL, DATE '2025-11-14', DATE '2025-11-14');
INSERT INTO project (pro_id, emp_id, com_id, pro_name, pro_desc, pro_status, start_date, end_date, actual_start_date, actual_end_date, created_at, updated_at) VALUES (31, 41, 12, '모바일 앱 리뉴얼 31차', '모바일 앱 리뉴얼 31차 관련 프로젝트입니다.', 'DONE', DATE '2024-07-06', DATE '2024-09-02', DATE '2024-07-07', DATE '2024-08-31', DATE '2024-07-06', DATE '2024-07-06');
INSERT INTO project (pro_id, emp_id, com_id, pro_name, pro_desc, pro_status, start_date, end_date, actual_start_date, actual_end_date, created_at, updated_at) VALUES (32, 102, 13, '데이터 분석 플랫폼 32차', '데이터 분석 플랫폼 32차 관련 프로젝트입니다.', 'TODO', DATE '2024-09-28', DATE '2025-02-16', NULL, NULL, DATE '2024-09-28', DATE '2024-09-28');
INSERT INTO project (pro_id, emp_id, com_id, pro_name, pro_desc, pro_status, start_date, end_date, actual_start_date, actual_end_date, created_at, updated_at) VALUES (33, 23, 14, '물류센터 자동화 33차', '물류센터 자동화 33차 관련 프로젝트입니다.', 'DONE', DATE '2022-02-21', DATE '2022-10-07', DATE '2022-02-24', DATE '2022-10-06', DATE '2022-02-21', DATE '2022-02-21');
INSERT INTO project (pro_id, emp_id, com_id, pro_name, pro_desc, pro_status, start_date, end_date, actual_start_date, actual_end_date, created_at, updated_at) VALUES (34, 124, 15, '영업관리 시스템 34차', '영업관리 시스템 34차 관련 프로젝트입니다.', 'DOING', DATE '2023-04-17', DATE '2023-08-19', DATE '2023-04-18', NULL, DATE '2023-04-17', DATE '2023-04-17');
INSERT INTO project (pro_id, emp_id, com_id, pro_name, pro_desc, pro_status, start_date, end_date, actual_start_date, actual_end_date, created_at, updated_at) VALUES (35, 25, 16, '고객포털 개편 35차', '고객포털 개편 35차 관련 프로젝트입니다.', 'DOING', DATE '2024-10-20', DATE '2025-05-25', DATE '2024-10-21', NULL, DATE '2024-10-20', DATE '2024-10-20');
INSERT INTO project (pro_id, emp_id, com_id, pro_name, pro_desc, pro_status, start_date, end_date, actual_start_date, actual_end_date, created_at, updated_at) VALUES (36, 126, 17, '전자결재 시스템 개선 36차', '전자결재 시스템 개선 36차 관련 프로젝트입니다.', 'TODO', DATE '2022-03-23', DATE '2022-08-12', NULL, NULL, DATE '2022-03-23', DATE '2022-03-23');
INSERT INTO project (pro_id, emp_id, com_id, pro_name, pro_desc, pro_status, start_date, end_date, actual_start_date, actual_end_date, created_at, updated_at) VALUES (37, 27, 18, 'AI 챗봇 도입 37차', 'AI 챗봇 도입 37차 관련 프로젝트입니다.', 'TODO', DATE '2025-12-26', DATE '2026-05-12', NULL, NULL, DATE '2025-12-26', DATE '2025-12-26');
INSERT INTO project (pro_id, emp_id, com_id, pro_name, pro_desc, pro_status, start_date, end_date, actual_start_date, actual_end_date, created_at, updated_at) VALUES (38, 88, 19, '품질관리 시스템 38차', '품질관리 시스템 38차 관련 프로젝트입니다.', 'DOING', DATE '2023-12-14', DATE '2024-06-06', DATE '2023-12-15', NULL, DATE '2023-12-14', DATE '2023-12-14');
INSERT INTO project (pro_id, emp_id, com_id, pro_name, pro_desc, pro_status, start_date, end_date, actual_start_date, actual_end_date, created_at, updated_at) VALUES (39, 109, 20, 'AI 챗봇 도입 39차', 'AI 챗봇 도입 39차 관련 프로젝트입니다.', 'TODO', DATE '2025-03-15', DATE '2025-07-30', NULL, NULL, DATE '2025-03-15', DATE '2025-03-15');
INSERT INTO project (pro_id, emp_id, com_id, pro_name, pro_desc, pro_status, start_date, end_date, actual_start_date, actual_end_date, created_at, updated_at) VALUES (40, 50, 1, '회계시스템 통합 40차', '회계시스템 통합 40차 관련 프로젝트입니다.', 'TODO', DATE '2024-06-22', DATE '2024-10-31', NULL, NULL, DATE '2024-06-22', DATE '2024-06-22');
INSERT INTO project (pro_id, emp_id, com_id, pro_name, pro_desc, pro_status, start_date, end_date, actual_start_date, actual_end_date, created_at, updated_at) VALUES (41, 31, 2, '회계시스템 통합 41차', '회계시스템 통합 41차 관련 프로젝트입니다.', 'DOING', DATE '2025-12-23', DATE '2026-05-27', DATE '2025-12-24', NULL, DATE '2025-12-23', DATE '2025-12-23');
INSERT INTO project (pro_id, emp_id, com_id, pro_name, pro_desc, pro_status, start_date, end_date, actual_start_date, actual_end_date, created_at, updated_at) VALUES (42, 112, 3, '클라우드 전환 42차', '클라우드 전환 42차 관련 프로젝트입니다.', 'DOING', DATE '2024-07-31', DATE '2025-02-21', DATE '2024-08-03', NULL, DATE '2024-07-31', DATE '2024-07-31');
INSERT INTO project (pro_id, emp_id, com_id, pro_name, pro_desc, pro_status, start_date, end_date, actual_start_date, actual_end_date, created_at, updated_at) VALUES (43, 53, 4, '차세대 ERP 구축 43차', '차세대 ERP 구축 43차 관련 프로젝트입니다.', 'TODO', DATE '2025-05-02', DATE '2025-07-25', NULL, NULL, DATE '2025-05-02', DATE '2025-05-02');
INSERT INTO project (pro_id, emp_id, com_id, pro_name, pro_desc, pro_status, start_date, end_date, actual_start_date, actual_end_date, created_at, updated_at) VALUES (44, 54, 5, '모바일 앱 리뉴얼 44차', '모바일 앱 리뉴얼 44차 관련 프로젝트입니다.', 'TODO', DATE '2024-11-16', DATE '2025-06-22', NULL, NULL, DATE '2024-11-16', DATE '2024-11-16');
INSERT INTO project (pro_id, emp_id, com_id, pro_name, pro_desc, pro_status, start_date, end_date, actual_start_date, actual_end_date, created_at, updated_at) VALUES (45, 35, 6, '클라우드 전환 45차', '클라우드 전환 45차 관련 프로젝트입니다.', 'DOING', DATE '2025-04-05', DATE '2025-08-25', DATE '2025-04-05', NULL, DATE '2025-04-05', DATE '2025-04-05');
INSERT INTO project (pro_id, emp_id, com_id, pro_name, pro_desc, pro_status, start_date, end_date, actual_start_date, actual_end_date, created_at, updated_at) VALUES (46, 116, 7, 'AI 챗봇 도입 46차', 'AI 챗봇 도입 46차 관련 프로젝트입니다.', 'DOING', DATE '2022-10-23', DATE '2023-04-21', DATE '2022-10-25', NULL, DATE '2022-10-23', DATE '2022-10-23');
INSERT INTO project (pro_id, emp_id, com_id, pro_name, pro_desc, pro_status, start_date, end_date, actual_start_date, actual_end_date, created_at, updated_at) VALUES (47, 17, 8, '모바일 앱 리뉴얼 47차', '모바일 앱 리뉴얼 47차 관련 프로젝트입니다.', 'TODO', DATE '2025-08-13', DATE '2026-03-04', NULL, NULL, DATE '2025-08-13', DATE '2025-08-13');
INSERT INTO project (pro_id, emp_id, com_id, pro_name, pro_desc, pro_status, start_date, end_date, actual_start_date, actual_end_date, created_at, updated_at) VALUES (48, 38, 9, '보안 강화 프로젝트 48차', '보안 강화 프로젝트 48차 관련 프로젝트입니다.', 'DOING', DATE '2023-03-09', DATE '2023-05-21', DATE '2023-03-11', NULL, DATE '2023-03-09', DATE '2023-03-09');
INSERT INTO project (pro_id, emp_id, com_id, pro_name, pro_desc, pro_status, start_date, end_date, actual_start_date, actual_end_date, created_at, updated_at) VALUES (49, 99, 10, '차세대 ERP 구축 49차', '차세대 ERP 구축 49차 관련 프로젝트입니다.', 'DOING', DATE '2026-01-28', DATE '2026-08-17', DATE '2026-01-29', NULL, DATE '2026-01-28', DATE '2026-01-28');
INSERT INTO project (pro_id, emp_id, com_id, pro_name, pro_desc, pro_status, start_date, end_date, actual_start_date, actual_end_date, created_at, updated_at) VALUES (50, 20, 11, '영업관리 시스템 50차', '영업관리 시스템 50차 관련 프로젝트입니다.', 'TODO', DATE '2024-05-22', DATE '2024-11-30', NULL, NULL, DATE '2024-05-22', DATE '2024-05-22');
INSERT INTO project (pro_id, emp_id, com_id, pro_name, pro_desc, pro_status, start_date, end_date, actual_start_date, actual_end_date, created_at, updated_at) VALUES (51, 121, 12, '그룹웨어 고도화 51차', '그룹웨어 고도화 51차 관련 프로젝트입니다.', 'DOING', DATE '2025-07-24', DATE '2025-10-24', DATE '2025-07-26', NULL, DATE '2025-07-24', DATE '2025-07-24');
INSERT INTO project (pro_id, emp_id, com_id, pro_name, pro_desc, pro_status, start_date, end_date, actual_start_date, actual_end_date, created_at, updated_at) VALUES (52, 122, 13, '인사관리 시스템 구축 52차', '인사관리 시스템 구축 52차 관련 프로젝트입니다.', 'DOING', DATE '2024-03-22', DATE '2024-09-13', DATE '2024-03-24', NULL, DATE '2024-03-22', DATE '2024-03-22');
INSERT INTO project (pro_id, emp_id, com_id, pro_name, pro_desc, pro_status, start_date, end_date, actual_start_date, actual_end_date, created_at, updated_at) VALUES (53, 43, 14, '보안 강화 프로젝트 53차', '보안 강화 프로젝트 53차 관련 프로젝트입니다.', 'DONE', DATE '2025-04-12', DATE '2025-06-26', DATE '2025-04-14', DATE '2025-06-22', DATE '2025-04-12', DATE '2025-04-12');
INSERT INTO project (pro_id, emp_id, com_id, pro_name, pro_desc, pro_status, start_date, end_date, actual_start_date, actual_end_date, created_at, updated_at) VALUES (54, 104, 15, '차세대 ERP 구축 54차', '차세대 ERP 구축 54차 관련 프로젝트입니다.', 'DONE', DATE '2025-07-06', DATE '2025-10-12', DATE '2025-07-07', DATE '2025-10-07', DATE '2025-07-06', DATE '2025-07-06');
INSERT INTO project (pro_id, emp_id, com_id, pro_name, pro_desc, pro_status, start_date, end_date, actual_start_date, actual_end_date, created_at, updated_at) VALUES (55, 105, 16, '차세대 ERP 구축 55차', '차세대 ERP 구축 55차 관련 프로젝트입니다.', 'TODO', DATE '2025-03-24', DATE '2025-07-19', NULL, NULL, DATE '2025-03-24', DATE '2025-03-24');
INSERT INTO project (pro_id, emp_id, com_id, pro_name, pro_desc, pro_status, start_date, end_date, actual_start_date, actual_end_date, created_at, updated_at) VALUES (56, 126, 17, '인사관리 시스템 구축 56차', '인사관리 시스템 구축 56차 관련 프로젝트입니다.', 'DOING', DATE '2025-10-22', DATE '2026-06-13', DATE '2025-10-24', NULL, DATE '2025-10-22', DATE '2025-10-22');
INSERT INTO project (pro_id, emp_id, com_id, pro_name, pro_desc, pro_status, start_date, end_date, actual_start_date, actual_end_date, created_at, updated_at) VALUES (57, 107, 18, '전자결재 시스템 개선 57차', '전자결재 시스템 개선 57차 관련 프로젝트입니다.', 'TODO', DATE '2024-08-06', DATE '2024-09-08', NULL, NULL, DATE '2024-08-06', DATE '2024-08-06');
INSERT INTO project (pro_id, emp_id, com_id, pro_name, pro_desc, pro_status, start_date, end_date, actual_start_date, actual_end_date, created_at, updated_at) VALUES (58, 28, 19, '그룹웨어 고도화 58차', '그룹웨어 고도화 58차 관련 프로젝트입니다.', 'DONE', DATE '2024-05-16', DATE '2024-09-11', DATE '2024-05-20', DATE '2024-09-06', DATE '2024-05-16', DATE '2024-05-16');
INSERT INTO project (pro_id, emp_id, com_id, pro_name, pro_desc, pro_status, start_date, end_date, actual_start_date, actual_end_date, created_at, updated_at) VALUES (59, 29, 20, '회계시스템 통합 59차', '회계시스템 통합 59차 관련 프로젝트입니다.', 'DOING', DATE '2025-09-04', DATE '2026-04-29', DATE '2025-09-06', NULL, DATE '2025-09-04', DATE '2025-09-04');
INSERT INTO project (pro_id, emp_id, com_id, pro_name, pro_desc, pro_status, start_date, end_date, actual_start_date, actual_end_date, created_at, updated_at) VALUES (60, 5, 1, '재고관리 자동화 60차', '재고관리 자동화 60차 관련 프로젝트입니다.', 'TODO', DATE '2026-02-19', DATE '2026-10-06', NULL, NULL, DATE '2026-02-19', DATE '2026-02-19');
INSERT INTO project (pro_id, emp_id, com_id, pro_name, pro_desc, pro_status, start_date, end_date, actual_start_date, actual_end_date, created_at, updated_at) VALUES (61, 71, 2, '고객포털 개편 61차', '고객포털 개편 61차 관련 프로젝트입니다.', 'DOING', DATE '2022-02-24', DATE '2022-04-22', DATE '2022-03-01', NULL, DATE '2022-02-24', DATE '2022-02-24');
INSERT INTO project (pro_id, emp_id, com_id, pro_name, pro_desc, pro_status, start_date, end_date, actual_start_date, actual_end_date, created_at, updated_at) VALUES (62, 52, 3, '차세대 ERP 구축 62차', '차세대 ERP 구축 62차 관련 프로젝트입니다.', 'TODO', DATE '2024-06-07', DATE '2024-09-06', NULL, NULL, DATE '2024-06-07', DATE '2024-06-07');
INSERT INTO project (pro_id, emp_id, com_id, pro_name, pro_desc, pro_status, start_date, end_date, actual_start_date, actual_end_date, created_at, updated_at) VALUES (63, 53, 4, '데이터 분석 플랫폼 63차', '데이터 분석 플랫폼 63차 관련 프로젝트입니다.', 'TODO', DATE '2022-01-09', DATE '2022-06-12', NULL, NULL, DATE '2022-01-09', DATE '2022-01-09');
INSERT INTO project (pro_id, emp_id, com_id, pro_name, pro_desc, pro_status, start_date, end_date, actual_start_date, actual_end_date, created_at, updated_at) VALUES (64, 54, 5, 'AI 챗봇 도입 64차', 'AI 챗봇 도입 64차 관련 프로젝트입니다.', 'TODO', DATE '2022-08-17', DATE '2022-10-24', NULL, NULL, DATE '2022-08-17', DATE '2022-08-17');
INSERT INTO project (pro_id, emp_id, com_id, pro_name, pro_desc, pro_status, start_date, end_date, actual_start_date, actual_end_date, created_at, updated_at) VALUES (65, 115, 6, '전자결재 시스템 개선 65차', '전자결재 시스템 개선 65차 관련 프로젝트입니다.', 'TODO', DATE '2023-11-27', DATE '2024-06-08', NULL, NULL, DATE '2023-11-27', DATE '2023-11-27');
INSERT INTO project (pro_id, emp_id, com_id, pro_name, pro_desc, pro_status, start_date, end_date, actual_start_date, actual_end_date, created_at, updated_at) VALUES (66, 96, 7, '전자결재 시스템 개선 66차', '전자결재 시스템 개선 66차 관련 프로젝트입니다.', 'DOING', DATE '2026-01-31', DATE '2026-03-07', DATE '2026-01-31', NULL, DATE '2026-01-31', DATE '2026-01-31');
INSERT INTO project (pro_id, emp_id, com_id, pro_name, pro_desc, pro_status, start_date, end_date, actual_start_date, actual_end_date, created_at, updated_at) VALUES (67, 97, 8, '그룹웨어 고도화 67차', '그룹웨어 고도화 67차 관련 프로젝트입니다.', 'DONE', DATE '2022-06-08', DATE '2022-10-05', DATE '2022-06-09', DATE '2022-10-04', DATE '2022-06-08', DATE '2022-06-08');
INSERT INTO project (pro_id, emp_id, com_id, pro_name, pro_desc, pro_status, start_date, end_date, actual_start_date, actual_end_date, created_at, updated_at) VALUES (68, 18, 9, '그룹웨어 고도화 68차', '그룹웨어 고도화 68차 관련 프로젝트입니다.', 'DOING', DATE '2025-08-30', DATE '2026-01-23', DATE '2025-09-03', NULL, DATE '2025-08-30', DATE '2025-08-30');
INSERT INTO project (pro_id, emp_id, com_id, pro_name, pro_desc, pro_status, start_date, end_date, actual_start_date, actual_end_date, created_at, updated_at) VALUES (69, 119, 10, '차세대 ERP 구축 69차', '차세대 ERP 구축 69차 관련 프로젝트입니다.', 'TODO', DATE '2024-10-23', DATE '2025-01-26', NULL, NULL, DATE '2024-10-23', DATE '2024-10-23');
INSERT INTO project (pro_id, emp_id, com_id, pro_name, pro_desc, pro_status, start_date, end_date, actual_start_date, actual_end_date, created_at, updated_at) VALUES (70, 120, 11, '회계시스템 통합 70차', '회계시스템 통합 70차 관련 프로젝트입니다.', 'DOING', DATE '2025-08-16', DATE '2026-01-06', DATE '2025-08-20', NULL, DATE '2025-08-16', DATE '2025-08-16');
INSERT INTO project (pro_id, emp_id, com_id, pro_name, pro_desc, pro_status, start_date, end_date, actual_start_date, actual_end_date, created_at, updated_at) VALUES (71, 21, 12, 'AI 챗봇 도입 71차', 'AI 챗봇 도입 71차 관련 프로젝트입니다.', 'DONE', DATE '2025-09-22', DATE '2025-12-18', DATE '2025-09-26', DATE '2025-12-16', DATE '2025-09-22', DATE '2025-09-22');
INSERT INTO project (pro_id, emp_id, com_id, pro_name, pro_desc, pro_status, start_date, end_date, actual_start_date, actual_end_date, created_at, updated_at) VALUES (72, 102, 13, '고객포털 개편 72차', '고객포털 개편 72차 관련 프로젝트입니다.', 'DOING', DATE '2024-01-20', DATE '2024-04-20', DATE '2024-01-25', NULL, DATE '2024-01-20', DATE '2024-01-20');
INSERT INTO project (pro_id, emp_id, com_id, pro_name, pro_desc, pro_status, start_date, end_date, actual_start_date, actual_end_date, created_at, updated_at) VALUES (73, 23, 14, '전자결재 시스템 개선 73차', '전자결재 시스템 개선 73차 관련 프로젝트입니다.', 'TODO', DATE '2023-05-31', DATE '2023-10-04', NULL, NULL, DATE '2023-05-31', DATE '2023-05-31');
INSERT INTO project (pro_id, emp_id, com_id, pro_name, pro_desc, pro_status, start_date, end_date, actual_start_date, actual_end_date, created_at, updated_at) VALUES (74, 124, 15, '품질관리 시스템 74차', '품질관리 시스템 74차 관련 프로젝트입니다.', 'TODO', DATE '2024-11-25', DATE '2025-02-01', NULL, NULL, DATE '2024-11-25', DATE '2024-11-25');
INSERT INTO project (pro_id, emp_id, com_id, pro_name, pro_desc, pro_status, start_date, end_date, actual_start_date, actual_end_date, created_at, updated_at) VALUES (75, 105, 16, '데이터 분석 플랫폼 75차', '데이터 분석 플랫폼 75차 관련 프로젝트입니다.', 'TODO', DATE '2023-01-01', DATE '2023-04-19', NULL, NULL, DATE '2023-01-01', DATE '2023-01-01');
INSERT INTO project (pro_id, emp_id, com_id, pro_name, pro_desc, pro_status, start_date, end_date, actual_start_date, actual_end_date, created_at, updated_at) VALUES (76, 46, 17, '물류센터 자동화 76차', '물류센터 자동화 76차 관련 프로젝트입니다.', 'DOING', DATE '2023-08-18', DATE '2024-02-22', DATE '2023-08-20', NULL, DATE '2023-08-18', DATE '2023-08-18');
INSERT INTO project (pro_id, emp_id, com_id, pro_name, pro_desc, pro_status, start_date, end_date, actual_start_date, actual_end_date, created_at, updated_at) VALUES (77, 87, 18, '영업관리 시스템 77차', '영업관리 시스템 77차 관련 프로젝트입니다.', 'DOING', DATE '2025-06-20', DATE '2025-09-07', DATE '2025-06-25', NULL, DATE '2025-06-20', DATE '2025-06-20');
INSERT INTO project (pro_id, emp_id, com_id, pro_name, pro_desc, pro_status, start_date, end_date, actual_start_date, actual_end_date, created_at, updated_at) VALUES (78, 128, 19, '품질관리 시스템 78차', '품질관리 시스템 78차 관련 프로젝트입니다.', 'DONE', DATE '2022-08-09', DATE '2023-02-06', DATE '2022-08-13', DATE '2023-02-03', DATE '2022-08-09', DATE '2022-08-09');
INSERT INTO project (pro_id, emp_id, com_id, pro_name, pro_desc, pro_status, start_date, end_date, actual_start_date, actual_end_date, created_at, updated_at) VALUES (79, 89, 20, '회계시스템 통합 79차', '회계시스템 통합 79차 관련 프로젝트입니다.', 'TODO', DATE '2025-10-24', DATE '2026-02-06', NULL, NULL, DATE '2025-10-24', DATE '2025-10-24');
INSERT INTO project (pro_id, emp_id, com_id, pro_name, pro_desc, pro_status, start_date, end_date, actual_start_date, actual_end_date, created_at, updated_at) VALUES (80, 130, 1, '모바일 앱 리뉴얼 80차', '모바일 앱 리뉴얼 80차 관련 프로젝트입니다.', 'DONE', DATE '2023-03-18', DATE '2023-09-08', DATE '2023-03-21', DATE '2023-09-08', DATE '2023-03-18', DATE '2023-03-18');
INSERT INTO project (pro_id, emp_id, com_id, pro_name, pro_desc, pro_status, start_date, end_date, actual_start_date, actual_end_date, created_at, updated_at) VALUES (81, 51, 2, '그룹웨어 고도화 81차', '그룹웨어 고도화 81차 관련 프로젝트입니다.', 'TODO', DATE '2022-01-13', DATE '2022-03-31', NULL, NULL, DATE '2022-01-13', DATE '2022-01-13');
INSERT INTO project (pro_id, emp_id, com_id, pro_name, pro_desc, pro_status, start_date, end_date, actual_start_date, actual_end_date, created_at, updated_at) VALUES (82, 52, 3, '데이터 분석 플랫폼 82차', '데이터 분석 플랫폼 82차 관련 프로젝트입니다.', 'TODO', DATE '2024-02-18', DATE '2024-10-10', NULL, NULL, DATE '2024-02-18', DATE '2024-02-18');
INSERT INTO project (pro_id, emp_id, com_id, pro_name, pro_desc, pro_status, start_date, end_date, actual_start_date, actual_end_date, created_at, updated_at) VALUES (83, 53, 4, '재고관리 자동화 83차', '재고관리 자동화 83차 관련 프로젝트입니다.', 'DOING', DATE '2024-09-28', DATE '2025-04-27', DATE '2024-10-02', NULL, DATE '2024-09-28', DATE '2024-09-28');
INSERT INTO project (pro_id, emp_id, com_id, pro_name, pro_desc, pro_status, start_date, end_date, actual_start_date, actual_end_date, created_at, updated_at) VALUES (84, 14, 5, '회계시스템 통합 84차', '회계시스템 통합 84차 관련 프로젝트입니다.', 'TODO', DATE '2025-03-02', DATE '2025-10-28', NULL, NULL, DATE '2025-03-02', DATE '2025-03-02');
INSERT INTO project (pro_id, emp_id, com_id, pro_name, pro_desc, pro_status, start_date, end_date, actual_start_date, actual_end_date, created_at, updated_at) VALUES (85, 35, 6, '재고관리 자동화 85차', '재고관리 자동화 85차 관련 프로젝트입니다.', 'TODO', DATE '2023-01-04', DATE '2023-05-25', NULL, NULL, DATE '2023-01-04', DATE '2023-01-04');
INSERT INTO project (pro_id, emp_id, com_id, pro_name, pro_desc, pro_status, start_date, end_date, actual_start_date, actual_end_date, created_at, updated_at) VALUES (86, 36, 7, '회계시스템 통합 86차', '회계시스템 통합 86차 관련 프로젝트입니다.', 'DONE', DATE '2022-10-26', DATE '2023-06-12', DATE '2022-10-31', DATE '2023-06-11', DATE '2022-10-26', DATE '2022-10-26');
INSERT INTO project (pro_id, emp_id, com_id, pro_name, pro_desc, pro_status, start_date, end_date, actual_start_date, actual_end_date, created_at, updated_at) VALUES (87, 117, 8, '재고관리 자동화 87차', '재고관리 자동화 87차 관련 프로젝트입니다.', 'DOING', DATE '2024-05-19', DATE '2024-07-27', DATE '2024-05-19', NULL, DATE '2024-05-19', DATE '2024-05-19');
INSERT INTO project (pro_id, emp_id, com_id, pro_name, pro_desc, pro_status, start_date, end_date, actual_start_date, actual_end_date, created_at, updated_at) VALUES (88, 78, 9, '차세대 ERP 구축 88차', '차세대 ERP 구축 88차 관련 프로젝트입니다.', 'DOING', DATE '2022-11-16', DATE '2023-05-29', DATE '2022-11-18', NULL, DATE '2022-11-16', DATE '2022-11-16');
INSERT INTO project (pro_id, emp_id, com_id, pro_name, pro_desc, pro_status, start_date, end_date, actual_start_date, actual_end_date, created_at, updated_at) VALUES (89, 119, 10, '전자결재 시스템 개선 89차', '전자결재 시스템 개선 89차 관련 프로젝트입니다.', 'TODO', DATE '2023-12-22', DATE '2024-02-21', NULL, NULL, DATE '2023-12-22', DATE '2023-12-22');
INSERT INTO project (pro_id, emp_id, com_id, pro_name, pro_desc, pro_status, start_date, end_date, actual_start_date, actual_end_date, created_at, updated_at) VALUES (90, 40, 11, '물류센터 자동화 90차', '물류센터 자동화 90차 관련 프로젝트입니다.', 'DOING', DATE '2023-04-11', DATE '2023-10-06', DATE '2023-04-13', NULL, DATE '2023-04-11', DATE '2023-04-11');
INSERT INTO project (pro_id, emp_id, com_id, pro_name, pro_desc, pro_status, start_date, end_date, actual_start_date, actual_end_date, created_at, updated_at) VALUES (91, 21, 12, '물류센터 자동화 91차', '물류센터 자동화 91차 관련 프로젝트입니다.', 'DOING', DATE '2024-07-09', DATE '2024-12-09', DATE '2024-07-10', NULL, DATE '2024-07-09', DATE '2024-07-09');
INSERT INTO project (pro_id, emp_id, com_id, pro_name, pro_desc, pro_status, start_date, end_date, actual_start_date, actual_end_date, created_at, updated_at) VALUES (92, 42, 13, '보안 강화 프로젝트 92차', '보안 강화 프로젝트 92차 관련 프로젝트입니다.', 'DOING', DATE '2022-03-15', DATE '2022-04-22', DATE '2022-03-15', NULL, DATE '2022-03-15', DATE '2022-03-15');
INSERT INTO project (pro_id, emp_id, com_id, pro_name, pro_desc, pro_status, start_date, end_date, actual_start_date, actual_end_date, created_at, updated_at) VALUES (93, 123, 14, 'AI 챗봇 도입 93차', 'AI 챗봇 도입 93차 관련 프로젝트입니다.', 'DONE', DATE '2024-01-07', DATE '2024-03-20', DATE '2024-01-12', DATE '2024-03-20', DATE '2024-01-07', DATE '2024-01-07');
INSERT INTO project (pro_id, emp_id, com_id, pro_name, pro_desc, pro_status, start_date, end_date, actual_start_date, actual_end_date, created_at, updated_at) VALUES (94, 44, 15, '인사관리 시스템 구축 94차', '인사관리 시스템 구축 94차 관련 프로젝트입니다.', 'TODO', DATE '2025-01-13', DATE '2025-03-14', NULL, NULL, DATE '2025-01-13', DATE '2025-01-13');
INSERT INTO project (pro_id, emp_id, com_id, pro_name, pro_desc, pro_status, start_date, end_date, actual_start_date, actual_end_date, created_at, updated_at) VALUES (95, 85, 16, '회계시스템 통합 95차', '회계시스템 통합 95차 관련 프로젝트입니다.', 'TODO', DATE '2022-09-18', DATE '2022-12-18', NULL, NULL, DATE '2022-09-18', DATE '2022-09-18');
INSERT INTO project (pro_id, emp_id, com_id, pro_name, pro_desc, pro_status, start_date, end_date, actual_start_date, actual_end_date, created_at, updated_at) VALUES (96, 26, 17, '품질관리 시스템 96차', '품질관리 시스템 96차 관련 프로젝트입니다.', 'TODO', DATE '2023-06-26', DATE '2023-08-02', NULL, NULL, DATE '2023-06-26', DATE '2023-06-26');
INSERT INTO project (pro_id, emp_id, com_id, pro_name, pro_desc, pro_status, start_date, end_date, actual_start_date, actual_end_date, created_at, updated_at) VALUES (97, 47, 18, '모바일 앱 리뉴얼 97차', '모바일 앱 리뉴얼 97차 관련 프로젝트입니다.', 'DOING', DATE '2022-07-20', DATE '2022-08-29', DATE '2022-07-21', NULL, DATE '2022-07-20', DATE '2022-07-20');
INSERT INTO project (pro_id, emp_id, com_id, pro_name, pro_desc, pro_status, start_date, end_date, actual_start_date, actual_end_date, created_at, updated_at) VALUES (98, 88, 19, '품질관리 시스템 98차', '품질관리 시스템 98차 관련 프로젝트입니다.', 'DOING', DATE '2022-06-30', DATE '2023-02-16', DATE '2022-07-01', NULL, DATE '2022-06-30', DATE '2022-06-30');
INSERT INTO project (pro_id, emp_id, com_id, pro_name, pro_desc, pro_status, start_date, end_date, actual_start_date, actual_end_date, created_at, updated_at) VALUES (99, 129, 20, '그룹웨어 고도화 99차', '그룹웨어 고도화 99차 관련 프로젝트입니다.', 'DONE', DATE '2022-05-17', DATE '2022-06-16', DATE '2022-05-20', DATE '2022-06-16', DATE '2022-05-17', DATE '2022-05-17');
INSERT INTO project (pro_id, emp_id, com_id, pro_name, pro_desc, pro_status, start_date, end_date, actual_start_date, actual_end_date, created_at, updated_at) VALUES (100, 3, 1, 'AI 챗봇 도입 100차', 'AI 챗봇 도입 100차 관련 프로젝트입니다.', 'DONE', DATE '2023-12-17', DATE '2024-06-13', DATE '2023-12-18', DATE '2024-06-10', DATE '2023-12-17', DATE '2023-12-17');

--------------------------------------------------------------------------
-- 11. PROJECT_MEMBER (312건)
--------------------------------------------------------------------------
INSERT INTO project_member (pm_id, project_pro_id, emp_id, member_role, joined_at) VALUES (1, 1, 51, 'PM', DATE '2024-06-07');
INSERT INTO project_member (pm_id, project_pro_id, emp_id, member_role, joined_at) VALUES (2, 1, 91, 'PL', DATE '2024-06-07');
INSERT INTO project_member (pm_id, project_pro_id, emp_id, member_role, joined_at) VALUES (3, 1, 11, 'MEMBER', DATE '2024-06-07');
INSERT INTO project_member (pm_id, project_pro_id, emp_id, member_role, joined_at) VALUES (4, 2, 12, 'PM', DATE '2022-10-31');
INSERT INTO project_member (pm_id, project_pro_id, emp_id, member_role, joined_at) VALUES (5, 2, 72, 'PL', DATE '2022-10-31');
INSERT INTO project_member (pm_id, project_pro_id, emp_id, member_role, joined_at) VALUES (6, 2, 52, 'MEMBER', DATE '2022-10-31');
INSERT INTO project_member (pm_id, project_pro_id, emp_id, member_role, joined_at) VALUES (7, 2, 92, 'MEMBER', DATE '2022-10-31');
INSERT INTO project_member (pm_id, project_pro_id, emp_id, member_role, joined_at) VALUES (8, 3, 33, 'PM', DATE '2024-08-01');
INSERT INTO project_member (pm_id, project_pro_id, emp_id, member_role, joined_at) VALUES (9, 3, 13, 'PL', DATE '2024-08-01');
INSERT INTO project_member (pm_id, project_pro_id, emp_id, member_role, joined_at) VALUES (10, 3, 53, 'MEMBER', DATE '2024-08-01');
INSERT INTO project_member (pm_id, project_pro_id, emp_id, member_role, joined_at) VALUES (11, 4, 54, 'PM', DATE '2023-12-24');
INSERT INTO project_member (pm_id, project_pro_id, emp_id, member_role, joined_at) VALUES (12, 4, 74, 'PL', DATE '2023-12-24');
INSERT INTO project_member (pm_id, project_pro_id, emp_id, member_role, joined_at) VALUES (13, 4, 94, 'MEMBER', DATE '2023-12-24');
INSERT INTO project_member (pm_id, project_pro_id, emp_id, member_role, joined_at) VALUES (14, 5, 75, 'PM', DATE '2024-03-05');
INSERT INTO project_member (pm_id, project_pro_id, emp_id, member_role, joined_at) VALUES (15, 5, 115, 'PL', DATE '2024-03-05');
INSERT INTO project_member (pm_id, project_pro_id, emp_id, member_role, joined_at) VALUES (16, 5, 15, 'MEMBER', DATE '2024-03-05');
INSERT INTO project_member (pm_id, project_pro_id, emp_id, member_role, joined_at) VALUES (17, 6, 96, 'PM', DATE '2024-11-26');
INSERT INTO project_member (pm_id, project_pro_id, emp_id, member_role, joined_at) VALUES (18, 6, 36, 'PL', DATE '2024-11-26');
INSERT INTO project_member (pm_id, project_pro_id, emp_id, member_role, joined_at) VALUES (19, 6, 76, 'MEMBER', DATE '2024-11-26');
INSERT INTO project_member (pm_id, project_pro_id, emp_id, member_role, joined_at) VALUES (20, 7, 97, 'PM', DATE '2025-03-17');
INSERT INTO project_member (pm_id, project_pro_id, emp_id, member_role, joined_at) VALUES (21, 7, 37, 'PL', DATE '2025-03-17');
INSERT INTO project_member (pm_id, project_pro_id, emp_id, member_role, joined_at) VALUES (22, 7, 77, 'MEMBER', DATE '2025-03-17');
INSERT INTO project_member (pm_id, project_pro_id, emp_id, member_role, joined_at) VALUES (23, 7, 17, 'MEMBER', DATE '2025-03-17');
INSERT INTO project_member (pm_id, project_pro_id, emp_id, member_role, joined_at) VALUES (24, 8, 98, 'PM', DATE '2023-09-15');
INSERT INTO project_member (pm_id, project_pro_id, emp_id, member_role, joined_at) VALUES (25, 8, 78, 'PL', DATE '2023-09-15');
INSERT INTO project_member (pm_id, project_pro_id, emp_id, member_role, joined_at) VALUES (26, 9, 19, 'PM', DATE '2024-10-15');
INSERT INTO project_member (pm_id, project_pro_id, emp_id, member_role, joined_at) VALUES (27, 9, 79, 'PL', DATE '2024-10-15');
INSERT INTO project_member (pm_id, project_pro_id, emp_id, member_role, joined_at) VALUES (28, 9, 119, 'MEMBER', DATE '2024-10-15');
INSERT INTO project_member (pm_id, project_pro_id, emp_id, member_role, joined_at) VALUES (29, 10, 40, 'PM', DATE '2025-08-21');
INSERT INTO project_member (pm_id, project_pro_id, emp_id, member_role, joined_at) VALUES (30, 10, 80, 'PL', DATE '2025-08-21');
INSERT INTO project_member (pm_id, project_pro_id, emp_id, member_role, joined_at) VALUES (31, 11, 21, 'PM', DATE '2022-12-26');
INSERT INTO project_member (pm_id, project_pro_id, emp_id, member_role, joined_at) VALUES (32, 11, 121, 'PL', DATE '2022-12-26');
INSERT INTO project_member (pm_id, project_pro_id, emp_id, member_role, joined_at) VALUES (33, 11, 61, 'MEMBER', DATE '2022-12-26');
INSERT INTO project_member (pm_id, project_pro_id, emp_id, member_role, joined_at) VALUES (34, 12, 122, 'PM', DATE '2023-01-09');
INSERT INTO project_member (pm_id, project_pro_id, emp_id, member_role, joined_at) VALUES (35, 12, 42, 'PL', DATE '2023-01-09');
INSERT INTO project_member (pm_id, project_pro_id, emp_id, member_role, joined_at) VALUES (36, 12, 102, 'MEMBER', DATE '2023-01-09');
INSERT INTO project_member (pm_id, project_pro_id, emp_id, member_role, joined_at) VALUES (37, 12, 22, 'MEMBER', DATE '2023-01-09');
INSERT INTO project_member (pm_id, project_pro_id, emp_id, member_role, joined_at) VALUES (38, 13, 43, 'PM', DATE '2023-09-16');
INSERT INTO project_member (pm_id, project_pro_id, emp_id, member_role, joined_at) VALUES (39, 13, 123, 'PL', DATE '2023-09-16');
INSERT INTO project_member (pm_id, project_pro_id, emp_id, member_role, joined_at) VALUES (40, 13, 103, 'MEMBER', DATE '2023-09-16');
INSERT INTO project_member (pm_id, project_pro_id, emp_id, member_role, joined_at) VALUES (41, 13, 23, 'MEMBER', DATE '2023-09-16');
INSERT INTO project_member (pm_id, project_pro_id, emp_id, member_role, joined_at) VALUES (42, 14, 104, 'PM', DATE '2024-12-06');
INSERT INTO project_member (pm_id, project_pro_id, emp_id, member_role, joined_at) VALUES (43, 14, 24, 'PL', DATE '2024-12-06');
INSERT INTO project_member (pm_id, project_pro_id, emp_id, member_role, joined_at) VALUES (44, 14, 84, 'MEMBER', DATE '2024-12-06');
INSERT INTO project_member (pm_id, project_pro_id, emp_id, member_role, joined_at) VALUES (45, 15, 65, 'PM', DATE '2025-07-11');
INSERT INTO project_member (pm_id, project_pro_id, emp_id, member_role, joined_at) VALUES (46, 15, 25, 'PL', DATE '2025-07-11');
INSERT INTO project_member (pm_id, project_pro_id, emp_id, member_role, joined_at) VALUES (47, 15, 85, 'MEMBER', DATE '2025-07-11');
INSERT INTO project_member (pm_id, project_pro_id, emp_id, member_role, joined_at) VALUES (48, 15, 45, 'MEMBER', DATE '2025-07-11');
INSERT INTO project_member (pm_id, project_pro_id, emp_id, member_role, joined_at) VALUES (49, 16, 46, 'PM', DATE '2025-04-17');
INSERT INTO project_member (pm_id, project_pro_id, emp_id, member_role, joined_at) VALUES (50, 16, 66, 'PL', DATE '2025-04-17');
INSERT INTO project_member (pm_id, project_pro_id, emp_id, member_role, joined_at) VALUES (51, 16, 86, 'MEMBER', DATE '2025-04-17');
INSERT INTO project_member (pm_id, project_pro_id, emp_id, member_role, joined_at) VALUES (52, 17, 87, 'PM', DATE '2025-12-28');
INSERT INTO project_member (pm_id, project_pro_id, emp_id, member_role, joined_at) VALUES (53, 17, 47, 'PL', DATE '2025-12-28');
INSERT INTO project_member (pm_id, project_pro_id, emp_id, member_role, joined_at) VALUES (54, 18, 88, 'PM', DATE '2024-12-29');
INSERT INTO project_member (pm_id, project_pro_id, emp_id, member_role, joined_at) VALUES (55, 18, 108, 'PL', DATE '2024-12-29');
INSERT INTO project_member (pm_id, project_pro_id, emp_id, member_role, joined_at) VALUES (56, 18, 28, 'MEMBER', DATE '2024-12-29');
INSERT INTO project_member (pm_id, project_pro_id, emp_id, member_role, joined_at) VALUES (57, 19, 129, 'PM', DATE '2022-11-16');
INSERT INTO project_member (pm_id, project_pro_id, emp_id, member_role, joined_at) VALUES (58, 19, 29, 'PL', DATE '2022-11-16');
INSERT INTO project_member (pm_id, project_pro_id, emp_id, member_role, joined_at) VALUES (59, 20, 70, 'PM', DATE '2023-03-03');
INSERT INTO project_member (pm_id, project_pro_id, emp_id, member_role, joined_at) VALUES (60, 20, 90, 'PL', DATE '2023-03-03');
INSERT INTO project_member (pm_id, project_pro_id, emp_id, member_role, joined_at) VALUES (61, 21, 91, 'PM', DATE '2025-01-16');
INSERT INTO project_member (pm_id, project_pro_id, emp_id, member_role, joined_at) VALUES (62, 21, 11, 'PL', DATE '2025-01-16');
INSERT INTO project_member (pm_id, project_pro_id, emp_id, member_role, joined_at) VALUES (63, 21, 31, 'MEMBER', DATE '2025-01-16');
INSERT INTO project_member (pm_id, project_pro_id, emp_id, member_role, joined_at) VALUES (64, 22, 92, 'PM', DATE '2024-10-21');
INSERT INTO project_member (pm_id, project_pro_id, emp_id, member_role, joined_at) VALUES (65, 22, 52, 'PL', DATE '2024-10-21');
INSERT INTO project_member (pm_id, project_pro_id, emp_id, member_role, joined_at) VALUES (66, 23, 33, 'PM', DATE '2024-08-09');
INSERT INTO project_member (pm_id, project_pro_id, emp_id, member_role, joined_at) VALUES (67, 23, 53, 'PL', DATE '2024-08-09');
INSERT INTO project_member (pm_id, project_pro_id, emp_id, member_role, joined_at) VALUES (68, 24, 74, 'PM', DATE '2025-12-03');
INSERT INTO project_member (pm_id, project_pro_id, emp_id, member_role, joined_at) VALUES (69, 24, 54, 'PL', DATE '2025-12-03');
INSERT INTO project_member (pm_id, project_pro_id, emp_id, member_role, joined_at) VALUES (70, 24, 14, 'MEMBER', DATE '2025-12-03');
INSERT INTO project_member (pm_id, project_pro_id, emp_id, member_role, joined_at) VALUES (71, 25, 75, 'PM', DATE '2022-11-16');
INSERT INTO project_member (pm_id, project_pro_id, emp_id, member_role, joined_at) VALUES (72, 25, 35, 'PL', DATE '2022-11-16');
INSERT INTO project_member (pm_id, project_pro_id, emp_id, member_role, joined_at) VALUES (73, 25, 95, 'MEMBER', DATE '2022-11-16');
INSERT INTO project_member (pm_id, project_pro_id, emp_id, member_role, joined_at) VALUES (74, 25, 55, 'MEMBER', DATE '2022-11-16');
INSERT INTO project_member (pm_id, project_pro_id, emp_id, member_role, joined_at) VALUES (75, 26, 36, 'PM', DATE '2023-10-15');
INSERT INTO project_member (pm_id, project_pro_id, emp_id, member_role, joined_at) VALUES (76, 26, 116, 'PL', DATE '2023-10-15');
INSERT INTO project_member (pm_id, project_pro_id, emp_id, member_role, joined_at) VALUES (77, 26, 76, 'MEMBER', DATE '2023-10-15');
INSERT INTO project_member (pm_id, project_pro_id, emp_id, member_role, joined_at) VALUES (78, 27, 97, 'PM', DATE '2023-02-26');
INSERT INTO project_member (pm_id, project_pro_id, emp_id, member_role, joined_at) VALUES (79, 27, 117, 'PL', DATE '2023-02-26');
INSERT INTO project_member (pm_id, project_pro_id, emp_id, member_role, joined_at) VALUES (80, 27, 77, 'MEMBER', DATE '2023-02-26');
INSERT INTO project_member (pm_id, project_pro_id, emp_id, member_role, joined_at) VALUES (81, 27, 37, 'MEMBER', DATE '2023-02-26');
INSERT INTO project_member (pm_id, project_pro_id, emp_id, member_role, joined_at) VALUES (82, 28, 18, 'PM', DATE '2022-10-08');
INSERT INTO project_member (pm_id, project_pro_id, emp_id, member_role, joined_at) VALUES (83, 28, 118, 'PL', DATE '2022-10-08');
INSERT INTO project_member (pm_id, project_pro_id, emp_id, member_role, joined_at) VALUES (84, 28, 58, 'MEMBER', DATE '2022-10-08');
INSERT INTO project_member (pm_id, project_pro_id, emp_id, member_role, joined_at) VALUES (85, 28, 78, 'MEMBER', DATE '2022-10-08');
INSERT INTO project_member (pm_id, project_pro_id, emp_id, member_role, joined_at) VALUES (86, 29, 119, 'PM', DATE '2025-12-20');
INSERT INTO project_member (pm_id, project_pro_id, emp_id, member_role, joined_at) VALUES (87, 29, 99, 'PL', DATE '2025-12-20');
INSERT INTO project_member (pm_id, project_pro_id, emp_id, member_role, joined_at) VALUES (88, 29, 79, 'MEMBER', DATE '2025-12-20');
INSERT INTO project_member (pm_id, project_pro_id, emp_id, member_role, joined_at) VALUES (89, 29, 39, 'MEMBER', DATE '2025-12-20');
INSERT INTO project_member (pm_id, project_pro_id, emp_id, member_role, joined_at) VALUES (90, 30, 80, 'PM', DATE '2025-11-14');
INSERT INTO project_member (pm_id, project_pro_id, emp_id, member_role, joined_at) VALUES (91, 30, 60, 'PL', DATE '2025-11-14');
INSERT INTO project_member (pm_id, project_pro_id, emp_id, member_role, joined_at) VALUES (92, 31, 41, 'PM', DATE '2024-07-06');
INSERT INTO project_member (pm_id, project_pro_id, emp_id, member_role, joined_at) VALUES (93, 31, 61, 'PL', DATE '2024-07-06');
INSERT INTO project_member (pm_id, project_pro_id, emp_id, member_role, joined_at) VALUES (94, 31, 101, 'MEMBER', DATE '2024-07-06');
INSERT INTO project_member (pm_id, project_pro_id, emp_id, member_role, joined_at) VALUES (95, 32, 62, 'PM', DATE '2024-09-28');
INSERT INTO project_member (pm_id, project_pro_id, emp_id, member_role, joined_at) VALUES (96, 32, 42, 'PL', DATE '2024-09-28');
INSERT INTO project_member (pm_id, project_pro_id, emp_id, member_role, joined_at) VALUES (97, 32, 102, 'MEMBER', DATE '2024-09-28');
INSERT INTO project_member (pm_id, project_pro_id, emp_id, member_role, joined_at) VALUES (98, 33, 23, 'PM', DATE '2022-02-21');
INSERT INTO project_member (pm_id, project_pro_id, emp_id, member_role, joined_at) VALUES (99, 33, 103, 'PL', DATE '2022-02-21');
INSERT INTO project_member (pm_id, project_pro_id, emp_id, member_role, joined_at) VALUES (100, 33, 63, 'MEMBER', DATE '2022-02-21');
INSERT INTO project_member (pm_id, project_pro_id, emp_id, member_role, joined_at) VALUES (101, 34, 64, 'PM', DATE '2023-04-17');
INSERT INTO project_member (pm_id, project_pro_id, emp_id, member_role, joined_at) VALUES (102, 34, 24, 'PL', DATE '2023-04-17');
INSERT INTO project_member (pm_id, project_pro_id, emp_id, member_role, joined_at) VALUES (103, 34, 124, 'MEMBER', DATE '2023-04-17');
INSERT INTO project_member (pm_id, project_pro_id, emp_id, member_role, joined_at) VALUES (104, 34, 44, 'MEMBER', DATE '2023-04-17');
INSERT INTO project_member (pm_id, project_pro_id, emp_id, member_role, joined_at) VALUES (105, 35, 105, 'PM', DATE '2024-10-20');
INSERT INTO project_member (pm_id, project_pro_id, emp_id, member_role, joined_at) VALUES (106, 35, 125, 'PL', DATE '2024-10-20');
INSERT INTO project_member (pm_id, project_pro_id, emp_id, member_role, joined_at) VALUES (107, 35, 25, 'MEMBER', DATE '2024-10-20');
INSERT INTO project_member (pm_id, project_pro_id, emp_id, member_role, joined_at) VALUES (108, 36, 126, 'PM', DATE '2022-03-23');
INSERT INTO project_member (pm_id, project_pro_id, emp_id, member_role, joined_at) VALUES (109, 36, 66, 'PL', DATE '2022-03-23');
INSERT INTO project_member (pm_id, project_pro_id, emp_id, member_role, joined_at) VALUES (110, 36, 46, 'MEMBER', DATE '2022-03-23');
INSERT INTO project_member (pm_id, project_pro_id, emp_id, member_role, joined_at) VALUES (111, 37, 27, 'PM', DATE '2025-12-26');
INSERT INTO project_member (pm_id, project_pro_id, emp_id, member_role, joined_at) VALUES (112, 37, 127, 'PL', DATE '2025-12-26');
INSERT INTO project_member (pm_id, project_pro_id, emp_id, member_role, joined_at) VALUES (113, 37, 87, 'MEMBER', DATE '2025-12-26');
INSERT INTO project_member (pm_id, project_pro_id, emp_id, member_role, joined_at) VALUES (114, 38, 88, 'PM', DATE '2023-12-14');
INSERT INTO project_member (pm_id, project_pro_id, emp_id, member_role, joined_at) VALUES (115, 38, 28, 'PL', DATE '2023-12-14');
INSERT INTO project_member (pm_id, project_pro_id, emp_id, member_role, joined_at) VALUES (116, 38, 68, 'MEMBER', DATE '2023-12-14');
INSERT INTO project_member (pm_id, project_pro_id, emp_id, member_role, joined_at) VALUES (117, 39, 109, 'PM', DATE '2025-03-15');
INSERT INTO project_member (pm_id, project_pro_id, emp_id, member_role, joined_at) VALUES (118, 39, 69, 'PL', DATE '2025-03-15');
INSERT INTO project_member (pm_id, project_pro_id, emp_id, member_role, joined_at) VALUES (119, 39, 49, 'MEMBER', DATE '2025-03-15');
INSERT INTO project_member (pm_id, project_pro_id, emp_id, member_role, joined_at) VALUES (120, 40, 50, 'PM', DATE '2024-06-22');
INSERT INTO project_member (pm_id, project_pro_id, emp_id, member_role, joined_at) VALUES (121, 40, 3, 'PL', DATE '2024-06-22');
INSERT INTO project_member (pm_id, project_pro_id, emp_id, member_role, joined_at) VALUES (122, 40, 4, 'MEMBER', DATE '2024-06-22');
INSERT INTO project_member (pm_id, project_pro_id, emp_id, member_role, joined_at) VALUES (123, 41, 51, 'PM', DATE '2025-12-23');
INSERT INTO project_member (pm_id, project_pro_id, emp_id, member_role, joined_at) VALUES (124, 41, 11, 'PL', DATE '2025-12-23');
INSERT INTO project_member (pm_id, project_pro_id, emp_id, member_role, joined_at) VALUES (125, 41, 31, 'MEMBER', DATE '2025-12-23');
INSERT INTO project_member (pm_id, project_pro_id, emp_id, member_role, joined_at) VALUES (126, 41, 71, 'MEMBER', DATE '2025-12-23');
INSERT INTO project_member (pm_id, project_pro_id, emp_id, member_role, joined_at) VALUES (127, 42, 32, 'PM', DATE '2024-07-31');
INSERT INTO project_member (pm_id, project_pro_id, emp_id, member_role, joined_at) VALUES (128, 42, 72, 'PL', DATE '2024-07-31');
INSERT INTO project_member (pm_id, project_pro_id, emp_id, member_role, joined_at) VALUES (129, 42, 112, 'MEMBER', DATE '2024-07-31');
INSERT INTO project_member (pm_id, project_pro_id, emp_id, member_role, joined_at) VALUES (130, 42, 12, 'MEMBER', DATE '2024-07-31');
INSERT INTO project_member (pm_id, project_pro_id, emp_id, member_role, joined_at) VALUES (131, 43, 33, 'PM', DATE '2025-05-02');
INSERT INTO project_member (pm_id, project_pro_id, emp_id, member_role, joined_at) VALUES (132, 43, 13, 'PL', DATE '2025-05-02');
INSERT INTO project_member (pm_id, project_pro_id, emp_id, member_role, joined_at) VALUES (133, 43, 53, 'MEMBER', DATE '2025-05-02');
INSERT INTO project_member (pm_id, project_pro_id, emp_id, member_role, joined_at) VALUES (134, 44, 74, 'PM', DATE '2024-11-16');
INSERT INTO project_member (pm_id, project_pro_id, emp_id, member_role, joined_at) VALUES (135, 44, 114, 'PL', DATE '2024-11-16');
INSERT INTO project_member (pm_id, project_pro_id, emp_id, member_role, joined_at) VALUES (136, 44, 54, 'MEMBER', DATE '2024-11-16');
INSERT INTO project_member (pm_id, project_pro_id, emp_id, member_role, joined_at) VALUES (137, 44, 14, 'MEMBER', DATE '2024-11-16');
INSERT INTO project_member (pm_id, project_pro_id, emp_id, member_role, joined_at) VALUES (138, 45, 35, 'PM', DATE '2025-04-05');
INSERT INTO project_member (pm_id, project_pro_id, emp_id, member_role, joined_at) VALUES (139, 45, 15, 'PL', DATE '2025-04-05');
INSERT INTO project_member (pm_id, project_pro_id, emp_id, member_role, joined_at) VALUES (140, 46, 56, 'PM', DATE '2022-10-23');
INSERT INTO project_member (pm_id, project_pro_id, emp_id, member_role, joined_at) VALUES (141, 46, 16, 'PL', DATE '2022-10-23');
INSERT INTO project_member (pm_id, project_pro_id, emp_id, member_role, joined_at) VALUES (142, 46, 116, 'MEMBER', DATE '2022-10-23');
INSERT INTO project_member (pm_id, project_pro_id, emp_id, member_role, joined_at) VALUES (143, 46, 76, 'MEMBER', DATE '2022-10-23');
INSERT INTO project_member (pm_id, project_pro_id, emp_id, member_role, joined_at) VALUES (144, 47, 17, 'PM', DATE '2025-08-13');
INSERT INTO project_member (pm_id, project_pro_id, emp_id, member_role, joined_at) VALUES (145, 47, 117, 'PL', DATE '2025-08-13');
INSERT INTO project_member (pm_id, project_pro_id, emp_id, member_role, joined_at) VALUES (146, 47, 37, 'MEMBER', DATE '2025-08-13');
INSERT INTO project_member (pm_id, project_pro_id, emp_id, member_role, joined_at) VALUES (147, 47, 77, 'MEMBER', DATE '2025-08-13');
INSERT INTO project_member (pm_id, project_pro_id, emp_id, member_role, joined_at) VALUES (148, 48, 38, 'PM', DATE '2023-03-09');
INSERT INTO project_member (pm_id, project_pro_id, emp_id, member_role, joined_at) VALUES (149, 48, 58, 'PL', DATE '2023-03-09');
INSERT INTO project_member (pm_id, project_pro_id, emp_id, member_role, joined_at) VALUES (150, 48, 118, 'MEMBER', DATE '2023-03-09');
INSERT INTO project_member (pm_id, project_pro_id, emp_id, member_role, joined_at) VALUES (151, 48, 78, 'MEMBER', DATE '2023-03-09');
INSERT INTO project_member (pm_id, project_pro_id, emp_id, member_role, joined_at) VALUES (152, 49, 99, 'PM', DATE '2026-01-28');
INSERT INTO project_member (pm_id, project_pro_id, emp_id, member_role, joined_at) VALUES (153, 49, 59, 'PL', DATE '2026-01-28');
INSERT INTO project_member (pm_id, project_pro_id, emp_id, member_role, joined_at) VALUES (154, 49, 79, 'MEMBER', DATE '2026-01-28');
INSERT INTO project_member (pm_id, project_pro_id, emp_id, member_role, joined_at) VALUES (155, 50, 120, 'PM', DATE '2024-05-22');
INSERT INTO project_member (pm_id, project_pro_id, emp_id, member_role, joined_at) VALUES (156, 50, 40, 'PL', DATE '2024-05-22');
INSERT INTO project_member (pm_id, project_pro_id, emp_id, member_role, joined_at) VALUES (157, 50, 20, 'MEMBER', DATE '2024-05-22');
INSERT INTO project_member (pm_id, project_pro_id, emp_id, member_role, joined_at) VALUES (158, 50, 60, 'MEMBER', DATE '2024-05-22');
INSERT INTO project_member (pm_id, project_pro_id, emp_id, member_role, joined_at) VALUES (159, 51, 81, 'PM', DATE '2025-07-24');
INSERT INTO project_member (pm_id, project_pro_id, emp_id, member_role, joined_at) VALUES (160, 51, 121, 'PL', DATE '2025-07-24');
INSERT INTO project_member (pm_id, project_pro_id, emp_id, member_role, joined_at) VALUES (161, 51, 21, 'MEMBER', DATE '2025-07-24');
INSERT INTO project_member (pm_id, project_pro_id, emp_id, member_role, joined_at) VALUES (162, 51, 61, 'MEMBER', DATE '2025-07-24');
INSERT INTO project_member (pm_id, project_pro_id, emp_id, member_role, joined_at) VALUES (163, 52, 122, 'PM', DATE '2024-03-22');
INSERT INTO project_member (pm_id, project_pro_id, emp_id, member_role, joined_at) VALUES (164, 52, 22, 'PL', DATE '2024-03-22');
INSERT INTO project_member (pm_id, project_pro_id, emp_id, member_role, joined_at) VALUES (165, 53, 43, 'PM', DATE '2025-04-12');
INSERT INTO project_member (pm_id, project_pro_id, emp_id, member_role, joined_at) VALUES (166, 53, 83, 'PL', DATE '2025-04-12');
INSERT INTO project_member (pm_id, project_pro_id, emp_id, member_role, joined_at) VALUES (167, 53, 63, 'MEMBER', DATE '2025-04-12');
INSERT INTO project_member (pm_id, project_pro_id, emp_id, member_role, joined_at) VALUES (168, 54, 104, 'PM', DATE '2025-07-06');
INSERT INTO project_member (pm_id, project_pro_id, emp_id, member_role, joined_at) VALUES (169, 54, 44, 'PL', DATE '2025-07-06');
INSERT INTO project_member (pm_id, project_pro_id, emp_id, member_role, joined_at) VALUES (170, 55, 105, 'PM', DATE '2025-03-24');
INSERT INTO project_member (pm_id, project_pro_id, emp_id, member_role, joined_at) VALUES (171, 55, 125, 'PL', DATE '2025-03-24');
INSERT INTO project_member (pm_id, project_pro_id, emp_id, member_role, joined_at) VALUES (172, 55, 85, 'MEMBER', DATE '2025-03-24');
INSERT INTO project_member (pm_id, project_pro_id, emp_id, member_role, joined_at) VALUES (173, 55, 45, 'MEMBER', DATE '2025-03-24');
INSERT INTO project_member (pm_id, project_pro_id, emp_id, member_role, joined_at) VALUES (174, 56, 126, 'PM', DATE '2025-10-22');
INSERT INTO project_member (pm_id, project_pro_id, emp_id, member_role, joined_at) VALUES (175, 56, 86, 'PL', DATE '2025-10-22');
INSERT INTO project_member (pm_id, project_pro_id, emp_id, member_role, joined_at) VALUES (176, 57, 107, 'PM', DATE '2024-08-06');
INSERT INTO project_member (pm_id, project_pro_id, emp_id, member_role, joined_at) VALUES (177, 57, 67, 'PL', DATE '2024-08-06');
INSERT INTO project_member (pm_id, project_pro_id, emp_id, member_role, joined_at) VALUES (178, 58, 48, 'PM', DATE '2024-05-16');
INSERT INTO project_member (pm_id, project_pro_id, emp_id, member_role, joined_at) VALUES (179, 58, 108, 'PL', DATE '2024-05-16');
INSERT INTO project_member (pm_id, project_pro_id, emp_id, member_role, joined_at) VALUES (180, 58, 28, 'MEMBER', DATE '2024-05-16');
INSERT INTO project_member (pm_id, project_pro_id, emp_id, member_role, joined_at) VALUES (181, 58, 68, 'MEMBER', DATE '2024-05-16');
INSERT INTO project_member (pm_id, project_pro_id, emp_id, member_role, joined_at) VALUES (182, 59, 29, 'PM', DATE '2025-09-04');
INSERT INTO project_member (pm_id, project_pro_id, emp_id, member_role, joined_at) VALUES (183, 59, 49, 'PL', DATE '2025-09-04');
INSERT INTO project_member (pm_id, project_pro_id, emp_id, member_role, joined_at) VALUES (184, 60, 5, 'PM', DATE '2026-02-19');
INSERT INTO project_member (pm_id, project_pro_id, emp_id, member_role, joined_at) VALUES (185, 60, 6, 'PL', DATE '2026-02-19');
INSERT INTO project_member (pm_id, project_pro_id, emp_id, member_role, joined_at) VALUES (186, 61, 51, 'PM', DATE '2022-02-24');
INSERT INTO project_member (pm_id, project_pro_id, emp_id, member_role, joined_at) VALUES (187, 61, 11, 'PL', DATE '2022-02-24');
INSERT INTO project_member (pm_id, project_pro_id, emp_id, member_role, joined_at) VALUES (188, 61, 71, 'MEMBER', DATE '2022-02-24');
INSERT INTO project_member (pm_id, project_pro_id, emp_id, member_role, joined_at) VALUES (189, 61, 111, 'MEMBER', DATE '2022-02-24');
INSERT INTO project_member (pm_id, project_pro_id, emp_id, member_role, joined_at) VALUES (190, 62, 32, 'PM', DATE '2024-06-07');
INSERT INTO project_member (pm_id, project_pro_id, emp_id, member_role, joined_at) VALUES (191, 62, 52, 'PL', DATE '2024-06-07');
INSERT INTO project_member (pm_id, project_pro_id, emp_id, member_role, joined_at) VALUES (192, 63, 33, 'PM', DATE '2022-01-09');
INSERT INTO project_member (pm_id, project_pro_id, emp_id, member_role, joined_at) VALUES (193, 63, 53, 'PL', DATE '2022-01-09');
INSERT INTO project_member (pm_id, project_pro_id, emp_id, member_role, joined_at) VALUES (194, 64, 34, 'PM', DATE '2022-08-17');
INSERT INTO project_member (pm_id, project_pro_id, emp_id, member_role, joined_at) VALUES (195, 64, 54, 'PL', DATE '2022-08-17');
INSERT INTO project_member (pm_id, project_pro_id, emp_id, member_role, joined_at) VALUES (196, 65, 75, 'PM', DATE '2023-11-27');
INSERT INTO project_member (pm_id, project_pro_id, emp_id, member_role, joined_at) VALUES (197, 65, 115, 'PL', DATE '2023-11-27');
INSERT INTO project_member (pm_id, project_pro_id, emp_id, member_role, joined_at) VALUES (198, 65, 15, 'MEMBER', DATE '2023-11-27');
INSERT INTO project_member (pm_id, project_pro_id, emp_id, member_role, joined_at) VALUES (199, 65, 55, 'MEMBER', DATE '2023-11-27');
INSERT INTO project_member (pm_id, project_pro_id, emp_id, member_role, joined_at) VALUES (200, 66, 16, 'PM', DATE '2026-01-31');
INSERT INTO project_member (pm_id, project_pro_id, emp_id, member_role, joined_at) VALUES (201, 66, 116, 'PL', DATE '2026-01-31');
INSERT INTO project_member (pm_id, project_pro_id, emp_id, member_role, joined_at) VALUES (202, 66, 96, 'MEMBER', DATE '2026-01-31');
INSERT INTO project_member (pm_id, project_pro_id, emp_id, member_role, joined_at) VALUES (203, 67, 97, 'PM', DATE '2022-06-08');
INSERT INTO project_member (pm_id, project_pro_id, emp_id, member_role, joined_at) VALUES (204, 67, 117, 'PL', DATE '2022-06-08');
INSERT INTO project_member (pm_id, project_pro_id, emp_id, member_role, joined_at) VALUES (205, 67, 37, 'MEMBER', DATE '2022-06-08');
INSERT INTO project_member (pm_id, project_pro_id, emp_id, member_role, joined_at) VALUES (206, 67, 57, 'MEMBER', DATE '2022-06-08');
INSERT INTO project_member (pm_id, project_pro_id, emp_id, member_role, joined_at) VALUES (207, 68, 18, 'PM', DATE '2025-08-30');
INSERT INTO project_member (pm_id, project_pro_id, emp_id, member_role, joined_at) VALUES (208, 68, 58, 'PL', DATE '2025-08-30');
INSERT INTO project_member (pm_id, project_pro_id, emp_id, member_role, joined_at) VALUES (209, 68, 78, 'MEMBER', DATE '2025-08-30');
INSERT INTO project_member (pm_id, project_pro_id, emp_id, member_role, joined_at) VALUES (210, 69, 119, 'PM', DATE '2024-10-23');
INSERT INTO project_member (pm_id, project_pro_id, emp_id, member_role, joined_at) VALUES (211, 69, 99, 'PL', DATE '2024-10-23');
INSERT INTO project_member (pm_id, project_pro_id, emp_id, member_role, joined_at) VALUES (212, 69, 39, 'MEMBER', DATE '2024-10-23');
INSERT INTO project_member (pm_id, project_pro_id, emp_id, member_role, joined_at) VALUES (213, 69, 79, 'MEMBER', DATE '2024-10-23');
INSERT INTO project_member (pm_id, project_pro_id, emp_id, member_role, joined_at) VALUES (214, 70, 120, 'PM', DATE '2025-08-16');
INSERT INTO project_member (pm_id, project_pro_id, emp_id, member_role, joined_at) VALUES (215, 70, 40, 'PL', DATE '2025-08-16');
INSERT INTO project_member (pm_id, project_pro_id, emp_id, member_role, joined_at) VALUES (216, 70, 60, 'MEMBER', DATE '2025-08-16');
INSERT INTO project_member (pm_id, project_pro_id, emp_id, member_role, joined_at) VALUES (217, 70, 20, 'MEMBER', DATE '2025-08-16');
INSERT INTO project_member (pm_id, project_pro_id, emp_id, member_role, joined_at) VALUES (218, 71, 21, 'PM', DATE '2025-09-22');
INSERT INTO project_member (pm_id, project_pro_id, emp_id, member_role, joined_at) VALUES (219, 71, 61, 'PL', DATE '2025-09-22');
INSERT INTO project_member (pm_id, project_pro_id, emp_id, member_role, joined_at) VALUES (220, 71, 121, 'MEMBER', DATE '2025-09-22');
INSERT INTO project_member (pm_id, project_pro_id, emp_id, member_role, joined_at) VALUES (221, 72, 102, 'PM', DATE '2024-01-20');
INSERT INTO project_member (pm_id, project_pro_id, emp_id, member_role, joined_at) VALUES (222, 72, 82, 'PL', DATE '2024-01-20');
INSERT INTO project_member (pm_id, project_pro_id, emp_id, member_role, joined_at) VALUES (223, 73, 23, 'PM', DATE '2023-05-31');
INSERT INTO project_member (pm_id, project_pro_id, emp_id, member_role, joined_at) VALUES (224, 73, 63, 'PL', DATE '2023-05-31');
INSERT INTO project_member (pm_id, project_pro_id, emp_id, member_role, joined_at) VALUES (225, 74, 124, 'PM', DATE '2024-11-25');
INSERT INTO project_member (pm_id, project_pro_id, emp_id, member_role, joined_at) VALUES (226, 74, 44, 'PL', DATE '2024-11-25');
INSERT INTO project_member (pm_id, project_pro_id, emp_id, member_role, joined_at) VALUES (227, 75, 65, 'PM', DATE '2023-01-01');
INSERT INTO project_member (pm_id, project_pro_id, emp_id, member_role, joined_at) VALUES (228, 75, 105, 'PL', DATE '2023-01-01');
INSERT INTO project_member (pm_id, project_pro_id, emp_id, member_role, joined_at) VALUES (229, 75, 45, 'MEMBER', DATE '2023-01-01');
INSERT INTO project_member (pm_id, project_pro_id, emp_id, member_role, joined_at) VALUES (230, 75, 125, 'MEMBER', DATE '2023-01-01');
INSERT INTO project_member (pm_id, project_pro_id, emp_id, member_role, joined_at) VALUES (231, 76, 46, 'PM', DATE '2023-08-18');
INSERT INTO project_member (pm_id, project_pro_id, emp_id, member_role, joined_at) VALUES (232, 76, 126, 'PL', DATE '2023-08-18');
INSERT INTO project_member (pm_id, project_pro_id, emp_id, member_role, joined_at) VALUES (233, 77, 27, 'PM', DATE '2025-06-20');
INSERT INTO project_member (pm_id, project_pro_id, emp_id, member_role, joined_at) VALUES (234, 77, 67, 'PL', DATE '2025-06-20');
INSERT INTO project_member (pm_id, project_pro_id, emp_id, member_role, joined_at) VALUES (235, 77, 87, 'MEMBER', DATE '2025-06-20');
INSERT INTO project_member (pm_id, project_pro_id, emp_id, member_role, joined_at) VALUES (236, 77, 47, 'MEMBER', DATE '2025-06-20');
INSERT INTO project_member (pm_id, project_pro_id, emp_id, member_role, joined_at) VALUES (237, 78, 128, 'PM', DATE '2022-08-09');
INSERT INTO project_member (pm_id, project_pro_id, emp_id, member_role, joined_at) VALUES (238, 78, 88, 'PL', DATE '2022-08-09');
INSERT INTO project_member (pm_id, project_pro_id, emp_id, member_role, joined_at) VALUES (239, 78, 108, 'MEMBER', DATE '2022-08-09');
INSERT INTO project_member (pm_id, project_pro_id, emp_id, member_role, joined_at) VALUES (240, 79, 89, 'PM', DATE '2025-10-24');
INSERT INTO project_member (pm_id, project_pro_id, emp_id, member_role, joined_at) VALUES (241, 79, 109, 'PL', DATE '2025-10-24');
INSERT INTO project_member (pm_id, project_pro_id, emp_id, member_role, joined_at) VALUES (242, 79, 29, 'MEMBER', DATE '2025-10-24');
INSERT INTO project_member (pm_id, project_pro_id, emp_id, member_role, joined_at) VALUES (243, 79, 69, 'MEMBER', DATE '2025-10-24');
INSERT INTO project_member (pm_id, project_pro_id, emp_id, member_role, joined_at) VALUES (244, 80, 130, 'PM', DATE '2023-03-18');
INSERT INTO project_member (pm_id, project_pro_id, emp_id, member_role, joined_at) VALUES (245, 80, 50, 'PL', DATE '2023-03-18');
INSERT INTO project_member (pm_id, project_pro_id, emp_id, member_role, joined_at) VALUES (246, 80, 6, 'MEMBER', DATE '2023-03-18');
INSERT INTO project_member (pm_id, project_pro_id, emp_id, member_role, joined_at) VALUES (247, 80, 7, 'MEMBER', DATE '2023-03-18');
INSERT INTO project_member (pm_id, project_pro_id, emp_id, member_role, joined_at) VALUES (248, 81, 11, 'PM', DATE '2022-01-13');
INSERT INTO project_member (pm_id, project_pro_id, emp_id, member_role, joined_at) VALUES (249, 81, 91, 'PL', DATE '2022-01-13');
INSERT INTO project_member (pm_id, project_pro_id, emp_id, member_role, joined_at) VALUES (250, 81, 51, 'MEMBER', DATE '2022-01-13');
INSERT INTO project_member (pm_id, project_pro_id, emp_id, member_role, joined_at) VALUES (251, 81, 111, 'MEMBER', DATE '2022-01-13');
INSERT INTO project_member (pm_id, project_pro_id, emp_id, member_role, joined_at) VALUES (252, 82, 112, 'PM', DATE '2024-02-18');
INSERT INTO project_member (pm_id, project_pro_id, emp_id, member_role, joined_at) VALUES (253, 82, 92, 'PL', DATE '2024-02-18');
INSERT INTO project_member (pm_id, project_pro_id, emp_id, member_role, joined_at) VALUES (254, 82, 52, 'MEMBER', DATE '2024-02-18');
INSERT INTO project_member (pm_id, project_pro_id, emp_id, member_role, joined_at) VALUES (255, 83, 113, 'PM', DATE '2024-09-28');
INSERT INTO project_member (pm_id, project_pro_id, emp_id, member_role, joined_at) VALUES (256, 83, 53, 'PL', DATE '2024-09-28');
INSERT INTO project_member (pm_id, project_pro_id, emp_id, member_role, joined_at) VALUES (257, 84, 54, 'PM', DATE '2025-03-02');
INSERT INTO project_member (pm_id, project_pro_id, emp_id, member_role, joined_at) VALUES (258, 84, 34, 'PL', DATE '2025-03-02');
INSERT INTO project_member (pm_id, project_pro_id, emp_id, member_role, joined_at) VALUES (259, 84, 14, 'MEMBER', DATE '2025-03-02');
INSERT INTO project_member (pm_id, project_pro_id, emp_id, member_role, joined_at) VALUES (260, 85, 35, 'PM', DATE '2023-01-04');
INSERT INTO project_member (pm_id, project_pro_id, emp_id, member_role, joined_at) VALUES (261, 85, 115, 'PL', DATE '2023-01-04');
INSERT INTO project_member (pm_id, project_pro_id, emp_id, member_role, joined_at) VALUES (262, 85, 95, 'MEMBER', DATE '2023-01-04');
INSERT INTO project_member (pm_id, project_pro_id, emp_id, member_role, joined_at) VALUES (263, 85, 15, 'MEMBER', DATE '2023-01-04');
INSERT INTO project_member (pm_id, project_pro_id, emp_id, member_role, joined_at) VALUES (264, 86, 36, 'PM', DATE '2022-10-26');
INSERT INTO project_member (pm_id, project_pro_id, emp_id, member_role, joined_at) VALUES (265, 86, 116, 'PL', DATE '2022-10-26');
INSERT INTO project_member (pm_id, project_pro_id, emp_id, member_role, joined_at) VALUES (266, 86, 76, 'MEMBER', DATE '2022-10-26');
INSERT INTO project_member (pm_id, project_pro_id, emp_id, member_role, joined_at) VALUES (267, 86, 96, 'MEMBER', DATE '2022-10-26');
INSERT INTO project_member (pm_id, project_pro_id, emp_id, member_role, joined_at) VALUES (268, 87, 17, 'PM', DATE '2024-05-19');
INSERT INTO project_member (pm_id, project_pro_id, emp_id, member_role, joined_at) VALUES (269, 87, 117, 'PL', DATE '2024-05-19');
INSERT INTO project_member (pm_id, project_pro_id, emp_id, member_role, joined_at) VALUES (270, 87, 77, 'MEMBER', DATE '2024-05-19');
INSERT INTO project_member (pm_id, project_pro_id, emp_id, member_role, joined_at) VALUES (271, 87, 37, 'MEMBER', DATE '2024-05-19');
INSERT INTO project_member (pm_id, project_pro_id, emp_id, member_role, joined_at) VALUES (272, 88, 78, 'PM', DATE '2022-11-16');
INSERT INTO project_member (pm_id, project_pro_id, emp_id, member_role, joined_at) VALUES (273, 88, 118, 'PL', DATE '2022-11-16');
INSERT INTO project_member (pm_id, project_pro_id, emp_id, member_role, joined_at) VALUES (274, 89, 19, 'PM', DATE '2023-12-22');
INSERT INTO project_member (pm_id, project_pro_id, emp_id, member_role, joined_at) VALUES (275, 89, 99, 'PL', DATE '2023-12-22');
INSERT INTO project_member (pm_id, project_pro_id, emp_id, member_role, joined_at) VALUES (276, 89, 119, 'MEMBER', DATE '2023-12-22');
INSERT INTO project_member (pm_id, project_pro_id, emp_id, member_role, joined_at) VALUES (277, 89, 39, 'MEMBER', DATE '2023-12-22');
INSERT INTO project_member (pm_id, project_pro_id, emp_id, member_role, joined_at) VALUES (278, 90, 40, 'PM', DATE '2023-04-11');
INSERT INTO project_member (pm_id, project_pro_id, emp_id, member_role, joined_at) VALUES (279, 90, 100, 'PL', DATE '2023-04-11');
INSERT INTO project_member (pm_id, project_pro_id, emp_id, member_role, joined_at) VALUES (280, 91, 21, 'PM', DATE '2024-07-09');
INSERT INTO project_member (pm_id, project_pro_id, emp_id, member_role, joined_at) VALUES (281, 91, 61, 'PL', DATE '2024-07-09');
INSERT INTO project_member (pm_id, project_pro_id, emp_id, member_role, joined_at) VALUES (282, 91, 41, 'MEMBER', DATE '2024-07-09');
INSERT INTO project_member (pm_id, project_pro_id, emp_id, member_role, joined_at) VALUES (283, 92, 42, 'PM', DATE '2022-03-15');
INSERT INTO project_member (pm_id, project_pro_id, emp_id, member_role, joined_at) VALUES (284, 92, 82, 'PL', DATE '2022-03-15');
INSERT INTO project_member (pm_id, project_pro_id, emp_id, member_role, joined_at) VALUES (285, 92, 102, 'MEMBER', DATE '2022-03-15');
INSERT INTO project_member (pm_id, project_pro_id, emp_id, member_role, joined_at) VALUES (286, 92, 22, 'MEMBER', DATE '2022-03-15');
INSERT INTO project_member (pm_id, project_pro_id, emp_id, member_role, joined_at) VALUES (287, 93, 123, 'PM', DATE '2024-01-07');
INSERT INTO project_member (pm_id, project_pro_id, emp_id, member_role, joined_at) VALUES (288, 93, 63, 'PL', DATE '2024-01-07');
INSERT INTO project_member (pm_id, project_pro_id, emp_id, member_role, joined_at) VALUES (289, 93, 23, 'MEMBER', DATE '2024-01-07');
INSERT INTO project_member (pm_id, project_pro_id, emp_id, member_role, joined_at) VALUES (290, 94, 104, 'PM', DATE '2025-01-13');
INSERT INTO project_member (pm_id, project_pro_id, emp_id, member_role, joined_at) VALUES (291, 94, 84, 'PL', DATE '2025-01-13');
INSERT INTO project_member (pm_id, project_pro_id, emp_id, member_role, joined_at) VALUES (292, 94, 44, 'MEMBER', DATE '2025-01-13');
INSERT INTO project_member (pm_id, project_pro_id, emp_id, member_role, joined_at) VALUES (293, 95, 85, 'PM', DATE '2022-09-18');
INSERT INTO project_member (pm_id, project_pro_id, emp_id, member_role, joined_at) VALUES (294, 95, 45, 'PL', DATE '2022-09-18');
INSERT INTO project_member (pm_id, project_pro_id, emp_id, member_role, joined_at) VALUES (295, 95, 125, 'MEMBER', DATE '2022-09-18');
INSERT INTO project_member (pm_id, project_pro_id, emp_id, member_role, joined_at) VALUES (296, 95, 25, 'MEMBER', DATE '2022-09-18');
INSERT INTO project_member (pm_id, project_pro_id, emp_id, member_role, joined_at) VALUES (297, 96, 106, 'PM', DATE '2023-06-26');
INSERT INTO project_member (pm_id, project_pro_id, emp_id, member_role, joined_at) VALUES (298, 96, 26, 'PL', DATE '2023-06-26');
INSERT INTO project_member (pm_id, project_pro_id, emp_id, member_role, joined_at) VALUES (299, 96, 86, 'MEMBER', DATE '2023-06-26');
INSERT INTO project_member (pm_id, project_pro_id, emp_id, member_role, joined_at) VALUES (300, 97, 107, 'PM', DATE '2022-07-20');
INSERT INTO project_member (pm_id, project_pro_id, emp_id, member_role, joined_at) VALUES (301, 97, 67, 'PL', DATE '2022-07-20');
INSERT INTO project_member (pm_id, project_pro_id, emp_id, member_role, joined_at) VALUES (302, 97, 47, 'MEMBER', DATE '2022-07-20');
INSERT INTO project_member (pm_id, project_pro_id, emp_id, member_role, joined_at) VALUES (303, 97, 127, 'MEMBER', DATE '2022-07-20');
INSERT INTO project_member (pm_id, project_pro_id, emp_id, member_role, joined_at) VALUES (304, 98, 88, 'PM', DATE '2022-06-30');
INSERT INTO project_member (pm_id, project_pro_id, emp_id, member_role, joined_at) VALUES (305, 98, 108, 'PL', DATE '2022-06-30');
INSERT INTO project_member (pm_id, project_pro_id, emp_id, member_role, joined_at) VALUES (306, 99, 129, 'PM', DATE '2022-05-17');
INSERT INTO project_member (pm_id, project_pro_id, emp_id, member_role, joined_at) VALUES (307, 99, 69, 'PL', DATE '2022-05-17');
INSERT INTO project_member (pm_id, project_pro_id, emp_id, member_role, joined_at) VALUES (308, 99, 109, 'MEMBER', DATE '2022-05-17');
INSERT INTO project_member (pm_id, project_pro_id, emp_id, member_role, joined_at) VALUES (309, 100, 130, 'PM', DATE '2023-12-17');
INSERT INTO project_member (pm_id, project_pro_id, emp_id, member_role, joined_at) VALUES (310, 100, 3, 'PL', DATE '2023-12-17');
INSERT INTO project_member (pm_id, project_pro_id, emp_id, member_role, joined_at) VALUES (311, 100, 50, 'MEMBER', DATE '2023-12-17');
INSERT INTO project_member (pm_id, project_pro_id, emp_id, member_role, joined_at) VALUES (312, 100, 5, 'MEMBER', DATE '2023-12-17');

--------------------------------------------------------------------------
-- 12. TASK (148건) - actual_start_date/actual_end_date, 예정일 NOT NULL 반영
--------------------------------------------------------------------------
INSERT INTO task (task_id, pro_id, pm_id, com_id, task_name, task_desc, task_status, task_start_date, task_end_date, actual_start_date, actual_end_date, created_at, updated_at) VALUES (1, 1, 1, 2, '모바일 앱 리뉴얼 1차 - Task 1', '세부 작업 내용입니다.', 'TODO', DATE '2024-06-15', DATE '2024-07-07', NULL, NULL, DATE '2024-06-15', DATE '2024-06-15');
INSERT INTO task (task_id, pro_id, pm_id, com_id, task_name, task_desc, task_status, task_start_date, task_end_date, actual_start_date, actual_end_date, created_at, updated_at) VALUES (2, 2, 6, 3, '인사관리 시스템 구축 2차 - Task 1', '세부 작업 내용입니다.', 'TODO', DATE '2022-11-01', DATE '2022-12-23', NULL, NULL, DATE '2022-11-01', DATE '2022-11-01');
INSERT INTO task (task_id, pro_id, pm_id, com_id, task_name, task_desc, task_status, task_start_date, task_end_date, actual_start_date, actual_end_date, created_at, updated_at) VALUES (3, 2, 6, 3, '인사관리 시스템 구축 2차 - Task 2', '세부 작업 내용입니다.', 'DONE', DATE '2022-11-09', DATE '2022-12-28', DATE '2022-11-10', DATE '2022-12-25', DATE '2022-11-09', DATE '2022-11-09');
INSERT INTO task (task_id, pro_id, pm_id, com_id, task_name, task_desc, task_status, task_start_date, task_end_date, actual_start_date, actual_end_date, created_at, updated_at) VALUES (4, 3, 9, 4, '회계시스템 통합 3차 - Task 1', '세부 작업 내용입니다.', 'TODO', DATE '2024-08-09', DATE '2024-09-17', NULL, NULL, DATE '2024-08-09', DATE '2024-08-09');
INSERT INTO task (task_id, pro_id, pm_id, com_id, task_name, task_desc, task_status, task_start_date, task_end_date, actual_start_date, actual_end_date, created_at, updated_at) VALUES (5, 4, 12, 5, '보안 강화 프로젝트 4차 - Task 1', '세부 작업 내용입니다.', 'DONE', DATE '2023-12-27', DATE '2024-01-19', DATE '2023-12-27', DATE '2024-01-19', DATE '2023-12-27', DATE '2023-12-27');
INSERT INTO task (task_id, pro_id, pm_id, com_id, task_name, task_desc, task_status, task_start_date, task_end_date, actual_start_date, actual_end_date, created_at, updated_at) VALUES (6, 4, 11, 5, '보안 강화 프로젝트 4차 - Task 2', '세부 작업 내용입니다.', 'DOING', DATE '2024-01-02', DATE '2024-03-02', DATE '2024-01-04', NULL, DATE '2024-01-02', DATE '2024-01-02');
INSERT INTO task (task_id, pro_id, pm_id, com_id, task_name, task_desc, task_status, task_start_date, task_end_date, actual_start_date, actual_end_date, created_at, updated_at) VALUES (7, 5, 15, 6, 'AI 챗봇 도입 5차 - Task 1', '세부 작업 내용입니다.', 'DOING', DATE '2024-03-10', DATE '2024-03-23', DATE '2024-03-11', NULL, DATE '2024-03-10', DATE '2024-03-10');
INSERT INTO task (task_id, pro_id, pm_id, com_id, task_name, task_desc, task_status, task_start_date, task_end_date, actual_start_date, actual_end_date, created_at, updated_at) VALUES (8, 6, 17, 7, '보안 강화 프로젝트 6차 - Task 1', '세부 작업 내용입니다.', 'DOING', DATE '2024-12-04', DATE '2025-01-15', DATE '2024-12-04', NULL, DATE '2024-12-04', DATE '2024-12-04');
INSERT INTO task (task_id, pro_id, pm_id, com_id, task_name, task_desc, task_status, task_start_date, task_end_date, actual_start_date, actual_end_date, created_at, updated_at) VALUES (9, 7, 22, 8, '전자결재 시스템 개선 7차 - Task 1', '세부 작업 내용입니다.', 'DONE', DATE '2025-03-21', DATE '2025-04-17', DATE '2025-03-24', DATE '2025-04-14', DATE '2025-03-21', DATE '2025-03-21');
INSERT INTO task (task_id, pro_id, pm_id, com_id, task_name, task_desc, task_status, task_start_date, task_end_date, actual_start_date, actual_end_date, created_at, updated_at) VALUES (10, 7, 22, 8, '전자결재 시스템 개선 7차 - Task 2', '세부 작업 내용입니다.', 'TODO', DATE '2025-03-24', DATE '2025-04-22', NULL, NULL, DATE '2025-03-24', DATE '2025-03-24');
INSERT INTO task (task_id, pro_id, pm_id, com_id, task_name, task_desc, task_status, task_start_date, task_end_date, actual_start_date, actual_end_date, created_at, updated_at) VALUES (11, 8, 24, 9, '데이터 분석 플랫폼 8차 - Task 1', '세부 작업 내용입니다.', 'TODO', DATE '2023-09-20', DATE '2023-10-15', NULL, NULL, DATE '2023-09-20', DATE '2023-09-20');
INSERT INTO task (task_id, pro_id, pm_id, com_id, task_name, task_desc, task_status, task_start_date, task_end_date, actual_start_date, actual_end_date, created_at, updated_at) VALUES (12, 8, 24, 9, '데이터 분석 플랫폼 8차 - Task 2', '세부 작업 내용입니다.', 'DONE', DATE '2023-09-18', DATE '2023-10-20', DATE '2023-09-18', DATE '2023-10-20', DATE '2023-09-18', DATE '2023-09-18');
INSERT INTO task (task_id, pro_id, pm_id, com_id, task_name, task_desc, task_status, task_start_date, task_end_date, actual_start_date, actual_end_date, created_at, updated_at) VALUES (13, 9, 27, 10, '데이터 분석 플랫폼 9차 - Task 1', '세부 작업 내용입니다.', 'DOING', DATE '2024-10-15', DATE '2024-11-27', DATE '2024-10-17', NULL, DATE '2024-10-15', DATE '2024-10-15');
INSERT INTO task (task_id, pro_id, pm_id, com_id, task_name, task_desc, task_status, task_start_date, task_end_date, actual_start_date, actual_end_date, created_at, updated_at) VALUES (14, 9, 27, 10, '데이터 분석 플랫폼 9차 - Task 2', '세부 작업 내용입니다.', 'DONE', DATE '2024-10-25', DATE '2024-11-03', DATE '2024-10-26', DATE '2024-11-03', DATE '2024-10-25', DATE '2024-10-25');
INSERT INTO task (task_id, pro_id, pm_id, com_id, task_name, task_desc, task_status, task_start_date, task_end_date, actual_start_date, actual_end_date, created_at, updated_at) VALUES (15, 10, 30, 11, '그룹웨어 고도화 10차 - Task 1', '세부 작업 내용입니다.', 'DOING', DATE '2025-08-30', DATE '2025-10-11', DATE '2025-09-01', NULL, DATE '2025-08-30', DATE '2025-08-30');
INSERT INTO task (task_id, pro_id, pm_id, com_id, task_name, task_desc, task_status, task_start_date, task_end_date, actual_start_date, actual_end_date, created_at, updated_at) VALUES (16, 10, 29, 11, '그룹웨어 고도화 10차 - Task 2', '세부 작업 내용입니다.', 'TODO', DATE '2025-08-26', DATE '2025-09-23', NULL, NULL, DATE '2025-08-26', DATE '2025-08-26');
INSERT INTO task (task_id, pro_id, pm_id, com_id, task_name, task_desc, task_status, task_start_date, task_end_date, actual_start_date, actual_end_date, created_at, updated_at) VALUES (17, 11, 33, 12, '영업관리 시스템 11차 - Task 1', '세부 작업 내용입니다.', 'TODO', DATE '2023-01-03', DATE '2023-01-21', NULL, NULL, DATE '2023-01-03', DATE '2023-01-03');
INSERT INTO task (task_id, pro_id, pm_id, com_id, task_name, task_desc, task_status, task_start_date, task_end_date, actual_start_date, actual_end_date, created_at, updated_at) VALUES (18, 12, 37, 13, '재고관리 자동화 12차 - Task 1', '세부 작업 내용입니다.', 'TODO', DATE '2023-01-09', DATE '2023-02-02', NULL, NULL, DATE '2023-01-09', DATE '2023-01-09');
INSERT INTO task (task_id, pro_id, pm_id, com_id, task_name, task_desc, task_status, task_start_date, task_end_date, actual_start_date, actual_end_date, created_at, updated_at) VALUES (19, 13, 40, 14, '클라우드 전환 13차 - Task 1', '세부 작업 내용입니다.', 'DONE', DATE '2023-09-24', DATE '2023-10-31', DATE '2023-09-25', DATE '2023-10-30', DATE '2023-09-24', DATE '2023-09-24');
INSERT INTO task (task_id, pro_id, pm_id, com_id, task_name, task_desc, task_status, task_start_date, task_end_date, actual_start_date, actual_end_date, created_at, updated_at) VALUES (20, 13, 41, 14, '클라우드 전환 13차 - Task 2', '세부 작업 내용입니다.', 'DOING', DATE '2023-09-18', DATE '2023-10-03', DATE '2023-09-18', NULL, DATE '2023-09-18', DATE '2023-09-18');
INSERT INTO task (task_id, pro_id, pm_id, com_id, task_name, task_desc, task_status, task_start_date, task_end_date, actual_start_date, actual_end_date, created_at, updated_at) VALUES (21, 14, 44, 15, '모바일 앱 리뉴얼 14차 - Task 1', '세부 작업 내용입니다.', 'DONE', DATE '2024-12-11', DATE '2024-12-25', DATE '2024-12-12', DATE '2024-12-23', DATE '2024-12-11', DATE '2024-12-11');
INSERT INTO task (task_id, pro_id, pm_id, com_id, task_name, task_desc, task_status, task_start_date, task_end_date, actual_start_date, actual_end_date, created_at, updated_at) VALUES (22, 15, 45, 16, '물류센터 자동화 15차 - Task 1', '세부 작업 내용입니다.', 'TODO', DATE '2025-07-17', DATE '2025-08-28', NULL, NULL, DATE '2025-07-17', DATE '2025-07-17');
INSERT INTO task (task_id, pro_id, pm_id, com_id, task_name, task_desc, task_status, task_start_date, task_end_date, actual_start_date, actual_end_date, created_at, updated_at) VALUES (23, 15, 45, 16, '물류센터 자동화 15차 - Task 2', '세부 작업 내용입니다.', 'DOING', DATE '2025-07-20', DATE '2025-08-09', DATE '2025-07-21', NULL, DATE '2025-07-20', DATE '2025-07-20');
INSERT INTO task (task_id, pro_id, pm_id, com_id, task_name, task_desc, task_status, task_start_date, task_end_date, actual_start_date, actual_end_date, created_at, updated_at) VALUES (24, 16, 51, 17, '차세대 ERP 구축 16차 - Task 1', '세부 작업 내용입니다.', 'TODO', DATE '2025-04-24', DATE '2025-05-03', NULL, NULL, DATE '2025-04-24', DATE '2025-04-24');
INSERT INTO task (task_id, pro_id, pm_id, com_id, task_name, task_desc, task_status, task_start_date, task_end_date, actual_start_date, actual_end_date, created_at, updated_at) VALUES (25, 16, 49, 17, '차세대 ERP 구축 16차 - Task 2', '세부 작업 내용입니다.', 'DOING', DATE '2025-04-27', DATE '2025-06-16', DATE '2025-04-28', NULL, DATE '2025-04-27', DATE '2025-04-27');
INSERT INTO task (task_id, pro_id, pm_id, com_id, task_name, task_desc, task_status, task_start_date, task_end_date, actual_start_date, actual_end_date, created_at, updated_at) VALUES (26, 17, 53, 18, '데이터 분석 플랫폼 17차 - Task 1', '세부 작업 내용입니다.', 'DOING', DATE '2025-12-28', DATE '2026-01-20', DATE '2025-12-31', NULL, DATE '2025-12-28', DATE '2025-12-28');
INSERT INTO task (task_id, pro_id, pm_id, com_id, task_name, task_desc, task_status, task_start_date, task_end_date, actual_start_date, actual_end_date, created_at, updated_at) VALUES (27, 18, 55, 19, '그룹웨어 고도화 18차 - Task 1', '세부 작업 내용입니다.', 'DOING', DATE '2025-01-04', DATE '2025-01-21', DATE '2025-01-07', NULL, DATE '2025-01-04', DATE '2025-01-04');
INSERT INTO task (task_id, pro_id, pm_id, com_id, task_name, task_desc, task_status, task_start_date, task_end_date, actual_start_date, actual_end_date, created_at, updated_at) VALUES (28, 18, 55, 19, '그룹웨어 고도화 18차 - Task 2', '세부 작업 내용입니다.', 'DOING', DATE '2025-01-04', DATE '2025-01-11', DATE '2025-01-06', NULL, DATE '2025-01-04', DATE '2025-01-04');
INSERT INTO task (task_id, pro_id, pm_id, com_id, task_name, task_desc, task_status, task_start_date, task_end_date, actual_start_date, actual_end_date, created_at, updated_at) VALUES (29, 19, 57, 20, '차세대 ERP 구축 19차 - Task 1', '세부 작업 내용입니다.', 'DOING', DATE '2022-11-23', DATE '2023-01-20', DATE '2022-11-24', NULL, DATE '2022-11-23', DATE '2022-11-23');
INSERT INTO task (task_id, pro_id, pm_id, com_id, task_name, task_desc, task_status, task_start_date, task_end_date, actual_start_date, actual_end_date, created_at, updated_at) VALUES (30, 19, 57, 20, '차세대 ERP 구축 19차 - Task 2', '세부 작업 내용입니다.', 'DOING', DATE '2022-11-19', DATE '2023-01-09', DATE '2022-11-22', NULL, DATE '2022-11-19', DATE '2022-11-19');
INSERT INTO task (task_id, pro_id, pm_id, com_id, task_name, task_desc, task_status, task_start_date, task_end_date, actual_start_date, actual_end_date, created_at, updated_at) VALUES (31, 20, 59, 1, 'AI 챗봇 도입 20차 - Task 1', '세부 작업 내용입니다.', 'DONE', DATE '2023-03-07', DATE '2023-04-19', DATE '2023-03-10', DATE '2023-04-17', DATE '2023-03-07', DATE '2023-03-07');
INSERT INTO task (task_id, pro_id, pm_id, com_id, task_name, task_desc, task_status, task_start_date, task_end_date, actual_start_date, actual_end_date, created_at, updated_at) VALUES (32, 20, 59, 1, 'AI 챗봇 도입 20차 - Task 2', '세부 작업 내용입니다.', 'DOING', DATE '2023-03-11', DATE '2023-03-29', DATE '2023-03-12', NULL, DATE '2023-03-11', DATE '2023-03-11');
INSERT INTO task (task_id, pro_id, pm_id, com_id, task_name, task_desc, task_status, task_start_date, task_end_date, actual_start_date, actual_end_date, created_at, updated_at) VALUES (33, 21, 61, 2, 'AI 챗봇 도입 21차 - Task 1', '세부 작업 내용입니다.', 'DOING', DATE '2025-01-17', DATE '2025-03-07', DATE '2025-01-18', NULL, DATE '2025-01-17', DATE '2025-01-17');
INSERT INTO task (task_id, pro_id, pm_id, com_id, task_name, task_desc, task_status, task_start_date, task_end_date, actual_start_date, actual_end_date, created_at, updated_at) VALUES (34, 21, 61, 2, 'AI 챗봇 도입 21차 - Task 2', '세부 작업 내용입니다.', 'DOING', DATE '2025-01-26', DATE '2025-02-06', DATE '2025-01-26', NULL, DATE '2025-01-26', DATE '2025-01-26');
INSERT INTO task (task_id, pro_id, pm_id, com_id, task_name, task_desc, task_status, task_start_date, task_end_date, actual_start_date, actual_end_date, created_at, updated_at) VALUES (35, 22, 64, 3, '재고관리 자동화 22차 - Task 1', '세부 작업 내용입니다.', 'TODO', DATE '2024-10-27', DATE '2024-11-19', NULL, NULL, DATE '2024-10-27', DATE '2024-10-27');
INSERT INTO task (task_id, pro_id, pm_id, com_id, task_name, task_desc, task_status, task_start_date, task_end_date, actual_start_date, actual_end_date, created_at, updated_at) VALUES (36, 23, 67, 4, '전자결재 시스템 개선 23차 - Task 1', '세부 작업 내용입니다.', 'DOING', DATE '2024-08-19', DATE '2024-10-07', DATE '2024-08-21', NULL, DATE '2024-08-19', DATE '2024-08-19');
INSERT INTO task (task_id, pro_id, pm_id, com_id, task_name, task_desc, task_status, task_start_date, task_end_date, actual_start_date, actual_end_date, created_at, updated_at) VALUES (37, 24, 68, 5, '차세대 ERP 구축 24차 - Task 1', '세부 작업 내용입니다.', 'TODO', DATE '2025-12-12', DATE '2026-02-01', NULL, NULL, DATE '2025-12-12', DATE '2025-12-12');
INSERT INTO task (task_id, pro_id, pm_id, com_id, task_name, task_desc, task_status, task_start_date, task_end_date, actual_start_date, actual_end_date, created_at, updated_at) VALUES (38, 24, 68, 5, '차세대 ERP 구축 24차 - Task 2', '세부 작업 내용입니다.', 'DONE', DATE '2025-12-03', DATE '2026-01-02', DATE '2025-12-03', DATE '2026-01-01', DATE '2025-12-03', DATE '2025-12-03');
INSERT INTO task (task_id, pro_id, pm_id, com_id, task_name, task_desc, task_status, task_start_date, task_end_date, actual_start_date, actual_end_date, created_at, updated_at) VALUES (39, 25, 73, 6, '고객포털 개편 25차 - Task 1', '세부 작업 내용입니다.', 'DONE', DATE '2022-11-26', DATE '2023-01-13', DATE '2022-11-28', DATE '2023-01-13', DATE '2022-11-26', DATE '2022-11-26');
INSERT INTO task (task_id, pro_id, pm_id, com_id, task_name, task_desc, task_status, task_start_date, task_end_date, actual_start_date, actual_end_date, created_at, updated_at) VALUES (40, 25, 71, 6, '고객포털 개편 25차 - Task 2', '세부 작업 내용입니다.', 'DONE', DATE '2022-11-26', DATE '2022-12-19', DATE '2022-11-26', DATE '2022-12-19', DATE '2022-11-26', DATE '2022-11-26');
INSERT INTO task (task_id, pro_id, pm_id, com_id, task_name, task_desc, task_status, task_start_date, task_end_date, actual_start_date, actual_end_date, created_at, updated_at) VALUES (41, 26, 77, 7, 'AI 챗봇 도입 26차 - Task 1', '세부 작업 내용입니다.', 'DOING', DATE '2023-10-18', DATE '2023-11-09', DATE '2023-10-18', NULL, DATE '2023-10-18', DATE '2023-10-18');
INSERT INTO task (task_id, pro_id, pm_id, com_id, task_name, task_desc, task_status, task_start_date, task_end_date, actual_start_date, actual_end_date, created_at, updated_at) VALUES (42, 26, 76, 7, 'AI 챗봇 도입 26차 - Task 2', '세부 작업 내용입니다.', 'DONE', DATE '2023-10-21', DATE '2023-11-23', DATE '2023-10-23', DATE '2023-11-20', DATE '2023-10-21', DATE '2023-10-21');
INSERT INTO task (task_id, pro_id, pm_id, com_id, task_name, task_desc, task_status, task_start_date, task_end_date, actual_start_date, actual_end_date, created_at, updated_at) VALUES (43, 27, 79, 8, '차세대 ERP 구축 27차 - Task 1', '세부 작업 내용입니다.', 'DOING', DATE '2023-03-08', DATE '2023-03-28', DATE '2023-03-10', NULL, DATE '2023-03-08', DATE '2023-03-08');
INSERT INTO task (task_id, pro_id, pm_id, com_id, task_name, task_desc, task_status, task_start_date, task_end_date, actual_start_date, actual_end_date, created_at, updated_at) VALUES (44, 27, 79, 8, '차세대 ERP 구축 27차 - Task 2', '세부 작업 내용입니다.', 'DONE', DATE '2023-02-28', DATE '2023-03-27', DATE '2023-03-02', DATE '2023-03-24', DATE '2023-02-28', DATE '2023-02-28');
INSERT INTO task (task_id, pro_id, pm_id, com_id, task_name, task_desc, task_status, task_start_date, task_end_date, actual_start_date, actual_end_date, created_at, updated_at) VALUES (45, 28, 82, 9, '고객포털 개편 28차 - Task 1', '세부 작업 내용입니다.', 'DOING', DATE '2022-10-15', DATE '2022-10-28', DATE '2022-10-17', NULL, DATE '2022-10-15', DATE '2022-10-15');
INSERT INTO task (task_id, pro_id, pm_id, com_id, task_name, task_desc, task_status, task_start_date, task_end_date, actual_start_date, actual_end_date, created_at, updated_at) VALUES (46, 29, 89, 10, '데이터 분석 플랫폼 29차 - Task 1', '세부 작업 내용입니다.', 'DONE', DATE '2025-12-22', DATE '2026-02-08', DATE '2025-12-23', DATE '2026-02-05', DATE '2025-12-22', DATE '2025-12-22');
INSERT INTO task (task_id, pro_id, pm_id, com_id, task_name, task_desc, task_status, task_start_date, task_end_date, actual_start_date, actual_end_date, created_at, updated_at) VALUES (47, 30, 90, 11, '영업관리 시스템 30차 - Task 1', '세부 작업 내용입니다.', 'TODO', DATE '2025-11-18', DATE '2025-12-12', NULL, NULL, DATE '2025-11-18', DATE '2025-11-18');
INSERT INTO task (task_id, pro_id, pm_id, com_id, task_name, task_desc, task_status, task_start_date, task_end_date, actual_start_date, actual_end_date, created_at, updated_at) VALUES (48, 31, 92, 12, '모바일 앱 리뉴얼 31차 - Task 1', '세부 작업 내용입니다.', 'DOING', DATE '2024-07-06', DATE '2024-07-11', DATE '2024-07-09', NULL, DATE '2024-07-06', DATE '2024-07-06');
INSERT INTO task (task_id, pro_id, pm_id, com_id, task_name, task_desc, task_status, task_start_date, task_end_date, actual_start_date, actual_end_date, created_at, updated_at) VALUES (49, 31, 93, 12, '모바일 앱 리뉴얼 31차 - Task 2', '세부 작업 내용입니다.', 'TODO', DATE '2024-07-11', DATE '2024-09-01', NULL, NULL, DATE '2024-07-11', DATE '2024-07-11');
INSERT INTO task (task_id, pro_id, pm_id, com_id, task_name, task_desc, task_status, task_start_date, task_end_date, actual_start_date, actual_end_date, created_at, updated_at) VALUES (50, 32, 96, 13, '데이터 분석 플랫폼 32차 - Task 1', '세부 작업 내용입니다.', 'DONE', DATE '2024-10-08', DATE '2024-10-31', DATE '2024-10-10', DATE '2024-10-30', DATE '2024-10-08', DATE '2024-10-08');
INSERT INTO task (task_id, pro_id, pm_id, com_id, task_name, task_desc, task_status, task_start_date, task_end_date, actual_start_date, actual_end_date, created_at, updated_at) VALUES (51, 33, 100, 14, '물류센터 자동화 33차 - Task 1', '세부 작업 내용입니다.', 'DONE', DATE '2022-03-02', DATE '2022-03-27', DATE '2022-03-05', DATE '2022-03-26', DATE '2022-03-02', DATE '2022-03-02');
INSERT INTO task (task_id, pro_id, pm_id, com_id, task_name, task_desc, task_status, task_start_date, task_end_date, actual_start_date, actual_end_date, created_at, updated_at) VALUES (52, 34, 101, 15, '영업관리 시스템 34차 - Task 1', '세부 작업 내용입니다.', 'DOING', DATE '2023-04-27', DATE '2023-06-23', DATE '2023-04-30', NULL, DATE '2023-04-27', DATE '2023-04-27');
INSERT INTO task (task_id, pro_id, pm_id, com_id, task_name, task_desc, task_status, task_start_date, task_end_date, actual_start_date, actual_end_date, created_at, updated_at) VALUES (53, 35, 107, 16, '고객포털 개편 35차 - Task 1', '세부 작업 내용입니다.', 'TODO', DATE '2024-10-22', DATE '2024-11-24', NULL, NULL, DATE '2024-10-22', DATE '2024-10-22');
INSERT INTO task (task_id, pro_id, pm_id, com_id, task_name, task_desc, task_status, task_start_date, task_end_date, actual_start_date, actual_end_date, created_at, updated_at) VALUES (54, 36, 108, 17, '전자결재 시스템 개선 36차 - Task 1', '세부 작업 내용입니다.', 'DONE', DATE '2022-03-31', DATE '2022-05-02', DATE '2022-04-01', DATE '2022-04-30', DATE '2022-03-31', DATE '2022-03-31');
INSERT INTO task (task_id, pro_id, pm_id, com_id, task_name, task_desc, task_status, task_start_date, task_end_date, actual_start_date, actual_end_date, created_at, updated_at) VALUES (55, 37, 113, 18, 'AI 챗봇 도입 37차 - Task 1', '세부 작업 내용입니다.', 'TODO', DATE '2025-12-30', DATE '2026-01-04', NULL, NULL, DATE '2025-12-30', DATE '2025-12-30');
INSERT INTO task (task_id, pro_id, pm_id, com_id, task_name, task_desc, task_status, task_start_date, task_end_date, actual_start_date, actual_end_date, created_at, updated_at) VALUES (56, 38, 115, 19, '품질관리 시스템 38차 - Task 1', '세부 작업 내용입니다.', 'DONE', DATE '2023-12-24', DATE '2024-02-22', DATE '2023-12-25', DATE '2024-02-19', DATE '2023-12-24', DATE '2023-12-24');
INSERT INTO task (task_id, pro_id, pm_id, com_id, task_name, task_desc, task_status, task_start_date, task_end_date, actual_start_date, actual_end_date, created_at, updated_at) VALUES (57, 38, 116, 19, '품질관리 시스템 38차 - Task 2', '세부 작업 내용입니다.', 'DOING', DATE '2023-12-14', DATE '2024-02-03', DATE '2023-12-16', NULL, DATE '2023-12-14', DATE '2023-12-14');
INSERT INTO task (task_id, pro_id, pm_id, com_id, task_name, task_desc, task_status, task_start_date, task_end_date, actual_start_date, actual_end_date, created_at, updated_at) VALUES (58, 39, 119, 20, 'AI 챗봇 도입 39차 - Task 1', '세부 작업 내용입니다.', 'DONE', DATE '2025-03-15', DATE '2025-05-13', DATE '2025-03-16', DATE '2025-05-12', DATE '2025-03-15', DATE '2025-03-15');
INSERT INTO task (task_id, pro_id, pm_id, com_id, task_name, task_desc, task_status, task_start_date, task_end_date, actual_start_date, actual_end_date, created_at, updated_at) VALUES (59, 39, 119, 20, 'AI 챗봇 도입 39차 - Task 2', '세부 작업 내용입니다.', 'DONE', DATE '2025-03-16', DATE '2025-03-30', DATE '2025-03-18', DATE '2025-03-27', DATE '2025-03-16', DATE '2025-03-16');
INSERT INTO task (task_id, pro_id, pm_id, com_id, task_name, task_desc, task_status, task_start_date, task_end_date, actual_start_date, actual_end_date, created_at, updated_at) VALUES (60, 40, 122, 1, '회계시스템 통합 40차 - Task 1', '세부 작업 내용입니다.', 'DONE', DATE '2024-06-25', DATE '2024-08-24', DATE '2024-06-27', DATE '2024-08-24', DATE '2024-06-25', DATE '2024-06-25');
INSERT INTO task (task_id, pro_id, pm_id, com_id, task_name, task_desc, task_status, task_start_date, task_end_date, actual_start_date, actual_end_date, created_at, updated_at) VALUES (61, 41, 126, 2, '회계시스템 통합 41차 - Task 1', '세부 작업 내용입니다.', 'DOING', DATE '2025-12-30', DATE '2026-01-12', DATE '2025-12-30', NULL, DATE '2025-12-30', DATE '2025-12-30');
INSERT INTO task (task_id, pro_id, pm_id, com_id, task_name, task_desc, task_status, task_start_date, task_end_date, actual_start_date, actual_end_date, created_at, updated_at) VALUES (62, 42, 129, 3, '클라우드 전환 42차 - Task 1', '세부 작업 내용입니다.', 'DONE', DATE '2024-07-31', DATE '2024-08-30', DATE '2024-08-01', DATE '2024-08-30', DATE '2024-07-31', DATE '2024-07-31');
INSERT INTO task (task_id, pro_id, pm_id, com_id, task_name, task_desc, task_status, task_start_date, task_end_date, actual_start_date, actual_end_date, created_at, updated_at) VALUES (63, 43, 131, 4, '차세대 ERP 구축 43차 - Task 1', '세부 작업 내용입니다.', 'DOING', DATE '2025-05-05', DATE '2025-06-15', DATE '2025-05-05', NULL, DATE '2025-05-05', DATE '2025-05-05');
INSERT INTO task (task_id, pro_id, pm_id, com_id, task_name, task_desc, task_status, task_start_date, task_end_date, actual_start_date, actual_end_date, created_at, updated_at) VALUES (64, 43, 133, 4, '차세대 ERP 구축 43차 - Task 2', '세부 작업 내용입니다.', 'DONE', DATE '2025-05-04', DATE '2025-06-01', DATE '2025-05-06', DATE '2025-06-01', DATE '2025-05-04', DATE '2025-05-04');
INSERT INTO task (task_id, pro_id, pm_id, com_id, task_name, task_desc, task_status, task_start_date, task_end_date, actual_start_date, actual_end_date, created_at, updated_at) VALUES (65, 44, 134, 5, '모바일 앱 리뉴얼 44차 - Task 1', '세부 작업 내용입니다.', 'DOING', DATE '2024-11-21', DATE '2025-01-16', DATE '2024-11-21', NULL, DATE '2024-11-21', DATE '2024-11-21');
INSERT INTO task (task_id, pro_id, pm_id, com_id, task_name, task_desc, task_status, task_start_date, task_end_date, actual_start_date, actual_end_date, created_at, updated_at) VALUES (66, 44, 134, 5, '모바일 앱 리뉴얼 44차 - Task 2', '세부 작업 내용입니다.', 'DONE', DATE '2024-11-26', DATE '2024-12-16', DATE '2024-11-28', DATE '2024-12-14', DATE '2024-11-26', DATE '2024-11-26');
INSERT INTO task (task_id, pro_id, pm_id, com_id, task_name, task_desc, task_status, task_start_date, task_end_date, actual_start_date, actual_end_date, created_at, updated_at) VALUES (67, 45, 139, 6, '클라우드 전환 45차 - Task 1', '세부 작업 내용입니다.', 'TODO', DATE '2025-04-13', DATE '2025-05-06', NULL, NULL, DATE '2025-04-13', DATE '2025-04-13');
INSERT INTO task (task_id, pro_id, pm_id, com_id, task_name, task_desc, task_status, task_start_date, task_end_date, actual_start_date, actual_end_date, created_at, updated_at) VALUES (68, 46, 142, 7, 'AI 챗봇 도입 46차 - Task 1', '세부 작업 내용입니다.', 'DONE', DATE '2022-10-30', DATE '2022-12-06', DATE '2022-11-02', DATE '2022-12-06', DATE '2022-10-30', DATE '2022-10-30');
INSERT INTO task (task_id, pro_id, pm_id, com_id, task_name, task_desc, task_status, task_start_date, task_end_date, actual_start_date, actual_end_date, created_at, updated_at) VALUES (69, 47, 147, 8, '모바일 앱 리뉴얼 47차 - Task 1', '세부 작업 내용입니다.', 'TODO', DATE '2025-08-22', DATE '2025-09-29', NULL, NULL, DATE '2025-08-22', DATE '2025-08-22');
INSERT INTO task (task_id, pro_id, pm_id, com_id, task_name, task_desc, task_status, task_start_date, task_end_date, actual_start_date, actual_end_date, created_at, updated_at) VALUES (70, 47, 144, 8, '모바일 앱 리뉴얼 47차 - Task 2', '세부 작업 내용입니다.', 'DOING', DATE '2025-08-21', DATE '2025-09-08', DATE '2025-08-23', NULL, DATE '2025-08-21', DATE '2025-08-21');
INSERT INTO task (task_id, pro_id, pm_id, com_id, task_name, task_desc, task_status, task_start_date, task_end_date, actual_start_date, actual_end_date, created_at, updated_at) VALUES (71, 48, 150, 9, '보안 강화 프로젝트 48차 - Task 1', '세부 작업 내용입니다.', 'TODO', DATE '2023-03-18', DATE '2023-04-22', NULL, NULL, DATE '2023-03-18', DATE '2023-03-18');
INSERT INTO task (task_id, pro_id, pm_id, com_id, task_name, task_desc, task_status, task_start_date, task_end_date, actual_start_date, actual_end_date, created_at, updated_at) VALUES (72, 48, 150, 9, '보안 강화 프로젝트 48차 - Task 2', '세부 작업 내용입니다.', 'TODO', DATE '2023-03-12', DATE '2023-04-15', NULL, NULL, DATE '2023-03-12', DATE '2023-03-12');
INSERT INTO task (task_id, pro_id, pm_id, com_id, task_name, task_desc, task_status, task_start_date, task_end_date, actual_start_date, actual_end_date, created_at, updated_at) VALUES (73, 49, 153, 10, '차세대 ERP 구축 49차 - Task 1', '세부 작업 내용입니다.', 'DOING', DATE '2026-02-05', DATE '2026-03-19', DATE '2026-02-06', NULL, DATE '2026-02-05', DATE '2026-02-05');
INSERT INTO task (task_id, pro_id, pm_id, com_id, task_name, task_desc, task_status, task_start_date, task_end_date, actual_start_date, actual_end_date, created_at, updated_at) VALUES (74, 49, 154, 10, '차세대 ERP 구축 49차 - Task 2', '세부 작업 내용입니다.', 'TODO', DATE '2026-02-05', DATE '2026-03-31', NULL, NULL, DATE '2026-02-05', DATE '2026-02-05');
INSERT INTO task (task_id, pro_id, pm_id, com_id, task_name, task_desc, task_status, task_start_date, task_end_date, actual_start_date, actual_end_date, created_at, updated_at) VALUES (75, 50, 156, 11, '영업관리 시스템 50차 - Task 1', '세부 작업 내용입니다.', 'DOING', DATE '2024-05-26', DATE '2024-07-18', DATE '2024-05-28', NULL, DATE '2024-05-26', DATE '2024-05-26');
INSERT INTO task (task_id, pro_id, pm_id, com_id, task_name, task_desc, task_status, task_start_date, task_end_date, actual_start_date, actual_end_date, created_at, updated_at) VALUES (76, 51, 161, 12, '그룹웨어 고도화 51차 - Task 1', '세부 작업 내용입니다.', 'DONE', DATE '2025-07-31', DATE '2025-09-06', DATE '2025-08-02', DATE '2025-09-05', DATE '2025-07-31', DATE '2025-07-31');
INSERT INTO task (task_id, pro_id, pm_id, com_id, task_name, task_desc, task_status, task_start_date, task_end_date, actual_start_date, actual_end_date, created_at, updated_at) VALUES (77, 51, 160, 12, '그룹웨어 고도화 51차 - Task 2', '세부 작업 내용입니다.', 'DONE', DATE '2025-07-26', DATE '2025-08-08', DATE '2025-07-27', DATE '2025-08-08', DATE '2025-07-26', DATE '2025-07-26');
INSERT INTO task (task_id, pro_id, pm_id, com_id, task_name, task_desc, task_status, task_start_date, task_end_date, actual_start_date, actual_end_date, created_at, updated_at) VALUES (78, 52, 164, 13, '인사관리 시스템 구축 52차 - Task 1', '세부 작업 내용입니다.', 'DONE', DATE '2024-03-26', DATE '2024-05-16', DATE '2024-03-28', DATE '2024-05-16', DATE '2024-03-26', DATE '2024-03-26');
INSERT INTO task (task_id, pro_id, pm_id, com_id, task_name, task_desc, task_status, task_start_date, task_end_date, actual_start_date, actual_end_date, created_at, updated_at) VALUES (79, 53, 166, 14, '보안 강화 프로젝트 53차 - Task 1', '세부 작업 내용입니다.', 'DOING', DATE '2025-04-14', DATE '2025-05-06', DATE '2025-04-16', NULL, DATE '2025-04-14', DATE '2025-04-14');
INSERT INTO task (task_id, pro_id, pm_id, com_id, task_name, task_desc, task_status, task_start_date, task_end_date, actual_start_date, actual_end_date, created_at, updated_at) VALUES (80, 54, 169, 15, '차세대 ERP 구축 54차 - Task 1', '세부 작업 내용입니다.', 'TODO', DATE '2025-07-15', DATE '2025-08-07', NULL, NULL, DATE '2025-07-15', DATE '2025-07-15');
INSERT INTO task (task_id, pro_id, pm_id, com_id, task_name, task_desc, task_status, task_start_date, task_end_date, actual_start_date, actual_end_date, created_at, updated_at) VALUES (81, 54, 168, 15, '차세대 ERP 구축 54차 - Task 2', '세부 작업 내용입니다.', 'TODO', DATE '2025-07-06', DATE '2025-07-19', NULL, NULL, DATE '2025-07-06', DATE '2025-07-06');
INSERT INTO task (task_id, pro_id, pm_id, com_id, task_name, task_desc, task_status, task_start_date, task_end_date, actual_start_date, actual_end_date, created_at, updated_at) VALUES (82, 55, 172, 16, '차세대 ERP 구축 55차 - Task 1', '세부 작업 내용입니다.', 'DONE', DATE '2025-03-27', DATE '2025-04-21', DATE '2025-03-29', DATE '2025-04-21', DATE '2025-03-27', DATE '2025-03-27');
INSERT INTO task (task_id, pro_id, pm_id, com_id, task_name, task_desc, task_status, task_start_date, task_end_date, actual_start_date, actual_end_date, created_at, updated_at) VALUES (83, 56, 174, 17, '인사관리 시스템 구축 56차 - Task 1', '세부 작업 내용입니다.', 'DOING', DATE '2025-10-27', DATE '2025-12-20', DATE '2025-10-30', NULL, DATE '2025-10-27', DATE '2025-10-27');
INSERT INTO task (task_id, pro_id, pm_id, com_id, task_name, task_desc, task_status, task_start_date, task_end_date, actual_start_date, actual_end_date, created_at, updated_at) VALUES (84, 57, 176, 18, '전자결재 시스템 개선 57차 - Task 1', '세부 작업 내용입니다.', 'DOING', DATE '2024-08-11', DATE '2024-08-26', DATE '2024-08-11', NULL, DATE '2024-08-11', DATE '2024-08-11');
INSERT INTO task (task_id, pro_id, pm_id, com_id, task_name, task_desc, task_status, task_start_date, task_end_date, actual_start_date, actual_end_date, created_at, updated_at) VALUES (85, 57, 176, 18, '전자결재 시스템 개선 57차 - Task 2', '세부 작업 내용입니다.', 'TODO', DATE '2024-08-08', DATE '2024-09-15', NULL, NULL, DATE '2024-08-08', DATE '2024-08-08');
INSERT INTO task (task_id, pro_id, pm_id, com_id, task_name, task_desc, task_status, task_start_date, task_end_date, actual_start_date, actual_end_date, created_at, updated_at) VALUES (86, 58, 181, 19, '그룹웨어 고도화 58차 - Task 1', '세부 작업 내용입니다.', 'DONE', DATE '2024-05-26', DATE '2024-06-19', DATE '2024-05-29', DATE '2024-06-17', DATE '2024-05-26', DATE '2024-05-26');
INSERT INTO task (task_id, pro_id, pm_id, com_id, task_name, task_desc, task_status, task_start_date, task_end_date, actual_start_date, actual_end_date, created_at, updated_at) VALUES (87, 58, 180, 19, '그룹웨어 고도화 58차 - Task 2', '세부 작업 내용입니다.', 'DOING', DATE '2024-05-20', DATE '2024-06-02', DATE '2024-05-22', NULL, DATE '2024-05-20', DATE '2024-05-20');
INSERT INTO task (task_id, pro_id, pm_id, com_id, task_name, task_desc, task_status, task_start_date, task_end_date, actual_start_date, actual_end_date, created_at, updated_at) VALUES (88, 59, 182, 20, '회계시스템 통합 59차 - Task 1', '세부 작업 내용입니다.', 'DONE', DATE '2025-09-13', DATE '2025-09-26', DATE '2025-09-13', DATE '2025-09-26', DATE '2025-09-13', DATE '2025-09-13');
INSERT INTO task (task_id, pro_id, pm_id, com_id, task_name, task_desc, task_status, task_start_date, task_end_date, actual_start_date, actual_end_date, created_at, updated_at) VALUES (89, 59, 182, 20, '회계시스템 통합 59차 - Task 2', '세부 작업 내용입니다.', 'DOING', DATE '2025-09-06', DATE '2025-09-27', DATE '2025-09-08', NULL, DATE '2025-09-06', DATE '2025-09-06');
INSERT INTO task (task_id, pro_id, pm_id, com_id, task_name, task_desc, task_status, task_start_date, task_end_date, actual_start_date, actual_end_date, created_at, updated_at) VALUES (90, 60, 185, 1, '재고관리 자동화 60차 - Task 1', '세부 작업 내용입니다.', 'DONE', DATE '2026-02-26', DATE '2026-03-16', DATE '2026-02-28', DATE '2026-03-13', DATE '2026-02-26', DATE '2026-02-26');
INSERT INTO task (task_id, pro_id, pm_id, com_id, task_name, task_desc, task_status, task_start_date, task_end_date, actual_start_date, actual_end_date, created_at, updated_at) VALUES (91, 61, 186, 2, '고객포털 개편 61차 - Task 1', '세부 작업 내용입니다.', 'TODO', DATE '2022-03-02', DATE '2022-04-02', NULL, NULL, DATE '2022-03-02', DATE '2022-03-02');
INSERT INTO task (task_id, pro_id, pm_id, com_id, task_name, task_desc, task_status, task_start_date, task_end_date, actual_start_date, actual_end_date, created_at, updated_at) VALUES (92, 61, 189, 2, '고객포털 개편 61차 - Task 2', '세부 작업 내용입니다.', 'DONE', DATE '2022-03-06', DATE '2022-05-05', DATE '2022-03-07', DATE '2022-05-05', DATE '2022-03-06', DATE '2022-03-06');
INSERT INTO task (task_id, pro_id, pm_id, com_id, task_name, task_desc, task_status, task_start_date, task_end_date, actual_start_date, actual_end_date, created_at, updated_at) VALUES (93, 62, 191, 3, '차세대 ERP 구축 62차 - Task 1', '세부 작업 내용입니다.', 'DOING', DATE '2024-06-11', DATE '2024-07-17', DATE '2024-06-12', NULL, DATE '2024-06-11', DATE '2024-06-11');
INSERT INTO task (task_id, pro_id, pm_id, com_id, task_name, task_desc, task_status, task_start_date, task_end_date, actual_start_date, actual_end_date, created_at, updated_at) VALUES (94, 62, 190, 3, '차세대 ERP 구축 62차 - Task 2', '세부 작업 내용입니다.', 'DOING', DATE '2024-06-11', DATE '2024-08-03', DATE '2024-06-12', NULL, DATE '2024-06-11', DATE '2024-06-11');
INSERT INTO task (task_id, pro_id, pm_id, com_id, task_name, task_desc, task_status, task_start_date, task_end_date, actual_start_date, actual_end_date, created_at, updated_at) VALUES (95, 63, 192, 4, '데이터 분석 플랫폼 63차 - Task 1', '세부 작업 내용입니다.', 'DOING', DATE '2022-01-12', DATE '2022-03-12', DATE '2022-01-14', NULL, DATE '2022-01-12', DATE '2022-01-12');
INSERT INTO task (task_id, pro_id, pm_id, com_id, task_name, task_desc, task_status, task_start_date, task_end_date, actual_start_date, actual_end_date, created_at, updated_at) VALUES (96, 63, 192, 4, '데이터 분석 플랫폼 63차 - Task 2', '세부 작업 내용입니다.', 'DONE', DATE '2022-01-16', DATE '2022-02-01', DATE '2022-01-19', DATE '2022-01-31', DATE '2022-01-16', DATE '2022-01-16');
INSERT INTO task (task_id, pro_id, pm_id, com_id, task_name, task_desc, task_status, task_start_date, task_end_date, actual_start_date, actual_end_date, created_at, updated_at) VALUES (97, 64, 195, 5, 'AI 챗봇 도입 64차 - Task 1', '세부 작업 내용입니다.', 'TODO', DATE '2022-08-19', DATE '2022-09-22', NULL, NULL, DATE '2022-08-19', DATE '2022-08-19');
INSERT INTO task (task_id, pro_id, pm_id, com_id, task_name, task_desc, task_status, task_start_date, task_end_date, actual_start_date, actual_end_date, created_at, updated_at) VALUES (98, 65, 197, 6, '전자결재 시스템 개선 65차 - Task 1', '세부 작업 내용입니다.', 'DONE', DATE '2023-11-27', DATE '2023-12-04', DATE '2023-11-28', DATE '2023-12-03', DATE '2023-11-27', DATE '2023-11-27');
INSERT INTO task (task_id, pro_id, pm_id, com_id, task_name, task_desc, task_status, task_start_date, task_end_date, actual_start_date, actual_end_date, created_at, updated_at) VALUES (99, 66, 200, 7, '전자결재 시스템 개선 66차 - Task 1', '세부 작업 내용입니다.', 'DOING', DATE '2026-01-31', DATE '2026-02-16', DATE '2026-02-01', NULL, DATE '2026-01-31', DATE '2026-01-31');
INSERT INTO task (task_id, pro_id, pm_id, com_id, task_name, task_desc, task_status, task_start_date, task_end_date, actual_start_date, actual_end_date, created_at, updated_at) VALUES (100, 66, 202, 7, '전자결재 시스템 개선 66차 - Task 2', '세부 작업 내용입니다.', 'DOING', DATE '2026-02-10', DATE '2026-04-03', DATE '2026-02-10', NULL, DATE '2026-02-10', DATE '2026-02-10');
INSERT INTO task (task_id, pro_id, pm_id, com_id, task_name, task_desc, task_status, task_start_date, task_end_date, actual_start_date, actual_end_date, created_at, updated_at) VALUES (101, 67, 205, 8, '그룹웨어 고도화 67차 - Task 1', '세부 작업 내용입니다.', 'TODO', DATE '2022-06-08', DATE '2022-06-25', NULL, NULL, DATE '2022-06-08', DATE '2022-06-08');
INSERT INTO task (task_id, pro_id, pm_id, com_id, task_name, task_desc, task_status, task_start_date, task_end_date, actual_start_date, actual_end_date, created_at, updated_at) VALUES (102, 67, 203, 8, '그룹웨어 고도화 67차 - Task 2', '세부 작업 내용입니다.', 'DOING', DATE '2022-06-16', DATE '2022-07-14', DATE '2022-06-18', NULL, DATE '2022-06-16', DATE '2022-06-16');
INSERT INTO task (task_id, pro_id, pm_id, com_id, task_name, task_desc, task_status, task_start_date, task_end_date, actual_start_date, actual_end_date, created_at, updated_at) VALUES (103, 68, 208, 9, '그룹웨어 고도화 68차 - Task 1', '세부 작업 내용입니다.', 'DOING', DATE '2025-09-07', DATE '2025-10-08', DATE '2025-09-10', NULL, DATE '2025-09-07', DATE '2025-09-07');
INSERT INTO task (task_id, pro_id, pm_id, com_id, task_name, task_desc, task_status, task_start_date, task_end_date, actual_start_date, actual_end_date, created_at, updated_at) VALUES (104, 68, 207, 9, '그룹웨어 고도화 68차 - Task 2', '세부 작업 내용입니다.', 'DOING', DATE '2025-09-05', DATE '2025-10-06', DATE '2025-09-06', NULL, DATE '2025-09-05', DATE '2025-09-05');
INSERT INTO task (task_id, pro_id, pm_id, com_id, task_name, task_desc, task_status, task_start_date, task_end_date, actual_start_date, actual_end_date, created_at, updated_at) VALUES (105, 69, 210, 10, '차세대 ERP 구축 69차 - Task 1', '세부 작업 내용입니다.', 'DONE', DATE '2024-10-23', DATE '2024-12-12', DATE '2024-10-23', DATE '2024-12-09', DATE '2024-10-23', DATE '2024-10-23');
INSERT INTO task (task_id, pro_id, pm_id, com_id, task_name, task_desc, task_status, task_start_date, task_end_date, actual_start_date, actual_end_date, created_at, updated_at) VALUES (106, 70, 216, 11, '회계시스템 통합 70차 - Task 1', '세부 작업 내용입니다.', 'DOING', DATE '2025-08-22', DATE '2025-09-11', DATE '2025-08-25', NULL, DATE '2025-08-22', DATE '2025-08-22');
INSERT INTO task (task_id, pro_id, pm_id, com_id, task_name, task_desc, task_status, task_start_date, task_end_date, actual_start_date, actual_end_date, created_at, updated_at) VALUES (107, 70, 216, 11, '회계시스템 통합 70차 - Task 2', '세부 작업 내용입니다.', 'DONE', DATE '2025-08-22', DATE '2025-09-29', DATE '2025-08-24', DATE '2025-09-27', DATE '2025-08-22', DATE '2025-08-22');
INSERT INTO task (task_id, pro_id, pm_id, com_id, task_name, task_desc, task_status, task_start_date, task_end_date, actual_start_date, actual_end_date, created_at, updated_at) VALUES (108, 71, 218, 12, 'AI 챗봇 도입 71차 - Task 1', '세부 작업 내용입니다.', 'TODO', DATE '2025-09-30', DATE '2025-10-28', NULL, NULL, DATE '2025-09-30', DATE '2025-09-30');
INSERT INTO task (task_id, pro_id, pm_id, com_id, task_name, task_desc, task_status, task_start_date, task_end_date, actual_start_date, actual_end_date, created_at, updated_at) VALUES (109, 72, 221, 13, '고객포털 개편 72차 - Task 1', '세부 작업 내용입니다.', 'DOING', DATE '2024-01-25', DATE '2024-03-23', DATE '2024-01-28', NULL, DATE '2024-01-25', DATE '2024-01-25');
INSERT INTO task (task_id, pro_id, pm_id, com_id, task_name, task_desc, task_status, task_start_date, task_end_date, actual_start_date, actual_end_date, created_at, updated_at) VALUES (110, 73, 224, 14, '전자결재 시스템 개선 73차 - Task 1', '세부 작업 내용입니다.', 'DOING', DATE '2023-06-04', DATE '2023-07-04', DATE '2023-06-06', NULL, DATE '2023-06-04', DATE '2023-06-04');
INSERT INTO task (task_id, pro_id, pm_id, com_id, task_name, task_desc, task_status, task_start_date, task_end_date, actual_start_date, actual_end_date, created_at, updated_at) VALUES (111, 73, 224, 14, '전자결재 시스템 개선 73차 - Task 2', '세부 작업 내용입니다.', 'DOING', DATE '2023-06-07', DATE '2023-07-22', DATE '2023-06-10', NULL, DATE '2023-06-07', DATE '2023-06-07');
INSERT INTO task (task_id, pro_id, pm_id, com_id, task_name, task_desc, task_status, task_start_date, task_end_date, actual_start_date, actual_end_date, created_at, updated_at) VALUES (112, 74, 226, 15, '품질관리 시스템 74차 - Task 1', '세부 작업 내용입니다.', 'DOING', DATE '2024-11-28', DATE '2025-01-11', DATE '2024-11-30', NULL, DATE '2024-11-28', DATE '2024-11-28');
INSERT INTO task (task_id, pro_id, pm_id, com_id, task_name, task_desc, task_status, task_start_date, task_end_date, actual_start_date, actual_end_date, created_at, updated_at) VALUES (113, 74, 226, 15, '품질관리 시스템 74차 - Task 2', '세부 작업 내용입니다.', 'DONE', DATE '2024-11-29', DATE '2024-12-05', DATE '2024-11-30', DATE '2024-12-05', DATE '2024-11-29', DATE '2024-11-29');
INSERT INTO task (task_id, pro_id, pm_id, com_id, task_name, task_desc, task_status, task_start_date, task_end_date, actual_start_date, actual_end_date, created_at, updated_at) VALUES (114, 75, 229, 16, '데이터 분석 플랫폼 75차 - Task 1', '세부 작업 내용입니다.', 'DONE', DATE '2023-01-02', DATE '2023-02-09', DATE '2023-01-05', DATE '2023-02-09', DATE '2023-01-02', DATE '2023-01-02');
INSERT INTO task (task_id, pro_id, pm_id, com_id, task_name, task_desc, task_status, task_start_date, task_end_date, actual_start_date, actual_end_date, created_at, updated_at) VALUES (115, 76, 232, 17, '물류센터 자동화 76차 - Task 1', '세부 작업 내용입니다.', 'TODO', DATE '2023-08-22', DATE '2023-09-22', NULL, NULL, DATE '2023-08-22', DATE '2023-08-22');
INSERT INTO task (task_id, pro_id, pm_id, com_id, task_name, task_desc, task_status, task_start_date, task_end_date, actual_start_date, actual_end_date, created_at, updated_at) VALUES (116, 76, 232, 17, '물류센터 자동화 76차 - Task 2', '세부 작업 내용입니다.', 'DOING', DATE '2023-08-22', DATE '2023-09-18', DATE '2023-08-23', NULL, DATE '2023-08-22', DATE '2023-08-22');
INSERT INTO task (task_id, pro_id, pm_id, com_id, task_name, task_desc, task_status, task_start_date, task_end_date, actual_start_date, actual_end_date, created_at, updated_at) VALUES (117, 77, 233, 18, '영업관리 시스템 77차 - Task 1', '세부 작업 내용입니다.', 'DONE', DATE '2025-06-26', DATE '2025-07-26', DATE '2025-06-29', DATE '2025-07-23', DATE '2025-06-26', DATE '2025-06-26');
INSERT INTO task (task_id, pro_id, pm_id, com_id, task_name, task_desc, task_status, task_start_date, task_end_date, actual_start_date, actual_end_date, created_at, updated_at) VALUES (118, 78, 237, 19, '품질관리 시스템 78차 - Task 1', '세부 작업 내용입니다.', 'DONE', DATE '2022-08-16', DATE '2022-09-15', DATE '2022-08-19', DATE '2022-09-14', DATE '2022-08-16', DATE '2022-08-16');
INSERT INTO task (task_id, pro_id, pm_id, com_id, task_name, task_desc, task_status, task_start_date, task_end_date, actual_start_date, actual_end_date, created_at, updated_at) VALUES (119, 78, 239, 19, '품질관리 시스템 78차 - Task 2', '세부 작업 내용입니다.', 'DONE', DATE '2022-08-09', DATE '2022-09-25', DATE '2022-08-10', DATE '2022-09-24', DATE '2022-08-09', DATE '2022-08-09');
INSERT INTO task (task_id, pro_id, pm_id, com_id, task_name, task_desc, task_status, task_start_date, task_end_date, actual_start_date, actual_end_date, created_at, updated_at) VALUES (120, 79, 241, 20, '회계시스템 통합 79차 - Task 1', '세부 작업 내용입니다.', 'DONE', DATE '2025-11-02', DATE '2025-12-29', DATE '2025-11-02', DATE '2025-12-29', DATE '2025-11-02', DATE '2025-11-02');
INSERT INTO task (task_id, pro_id, pm_id, com_id, task_name, task_desc, task_status, task_start_date, task_end_date, actual_start_date, actual_end_date, created_at, updated_at) VALUES (121, 80, 247, 1, '모바일 앱 리뉴얼 80차 - Task 1', '세부 작업 내용입니다.', 'DONE', DATE '2023-03-20', DATE '2023-04-20', DATE '2023-03-20', DATE '2023-04-19', DATE '2023-03-20', DATE '2023-03-20');
INSERT INTO task (task_id, pro_id, pm_id, com_id, task_name, task_desc, task_status, task_start_date, task_end_date, actual_start_date, actual_end_date, created_at, updated_at) VALUES (122, 81, 251, 2, '그룹웨어 고도화 81차 - Task 1', '세부 작업 내용입니다.', 'TODO', DATE '2022-01-17', DATE '2022-02-26', NULL, NULL, DATE '2022-01-17', DATE '2022-01-17');
INSERT INTO task (task_id, pro_id, pm_id, com_id, task_name, task_desc, task_status, task_start_date, task_end_date, actual_start_date, actual_end_date, created_at, updated_at) VALUES (123, 81, 251, 2, '그룹웨어 고도화 81차 - Task 2', '세부 작업 내용입니다.', 'DOING', DATE '2022-01-19', DATE '2022-03-08', DATE '2022-01-19', NULL, DATE '2022-01-19', DATE '2022-01-19');
INSERT INTO task (task_id, pro_id, pm_id, com_id, task_name, task_desc, task_status, task_start_date, task_end_date, actual_start_date, actual_end_date, created_at, updated_at) VALUES (124, 82, 252, 3, '데이터 분석 플랫폼 82차 - Task 1', '세부 작업 내용입니다.', 'TODO', DATE '2024-02-26', DATE '2024-04-12', NULL, NULL, DATE '2024-02-26', DATE '2024-02-26');
INSERT INTO task (task_id, pro_id, pm_id, com_id, task_name, task_desc, task_status, task_start_date, task_end_date, actual_start_date, actual_end_date, created_at, updated_at) VALUES (125, 83, 256, 4, '재고관리 자동화 83차 - Task 1', '세부 작업 내용입니다.', 'DONE', DATE '2024-10-06', DATE '2024-11-22', DATE '2024-10-06', DATE '2024-11-20', DATE '2024-10-06', DATE '2024-10-06');
INSERT INTO task (task_id, pro_id, pm_id, com_id, task_name, task_desc, task_status, task_start_date, task_end_date, actual_start_date, actual_end_date, created_at, updated_at) VALUES (126, 84, 258, 5, '회계시스템 통합 84차 - Task 1', '세부 작업 내용입니다.', 'TODO', DATE '2025-03-05', DATE '2025-04-30', NULL, NULL, DATE '2025-03-05', DATE '2025-03-05');
INSERT INTO task (task_id, pro_id, pm_id, com_id, task_name, task_desc, task_status, task_start_date, task_end_date, actual_start_date, actual_end_date, created_at, updated_at) VALUES (127, 84, 259, 5, '회계시스템 통합 84차 - Task 2', '세부 작업 내용입니다.', 'DOING', DATE '2025-03-08', DATE '2025-04-28', DATE '2025-03-11', NULL, DATE '2025-03-08', DATE '2025-03-08');
INSERT INTO task (task_id, pro_id, pm_id, com_id, task_name, task_desc, task_status, task_start_date, task_end_date, actual_start_date, actual_end_date, created_at, updated_at) VALUES (128, 85, 261, 6, '재고관리 자동화 85차 - Task 1', '세부 작업 내용입니다.', 'TODO', DATE '2023-01-12', DATE '2023-03-05', NULL, NULL, DATE '2023-01-12', DATE '2023-01-12');
INSERT INTO task (task_id, pro_id, pm_id, com_id, task_name, task_desc, task_status, task_start_date, task_end_date, actual_start_date, actual_end_date, created_at, updated_at) VALUES (129, 85, 261, 6, '재고관리 자동화 85차 - Task 2', '세부 작업 내용입니다.', 'DOING', DATE '2023-01-14', DATE '2023-03-06', DATE '2023-01-16', NULL, DATE '2023-01-14', DATE '2023-01-14');
INSERT INTO task (task_id, pro_id, pm_id, com_id, task_name, task_desc, task_status, task_start_date, task_end_date, actual_start_date, actual_end_date, created_at, updated_at) VALUES (130, 86, 264, 7, '회계시스템 통합 86차 - Task 1', '세부 작업 내용입니다.', 'DOING', DATE '2022-11-05', DATE '2023-01-02', DATE '2022-11-07', NULL, DATE '2022-11-05', DATE '2022-11-05');
INSERT INTO task (task_id, pro_id, pm_id, com_id, task_name, task_desc, task_status, task_start_date, task_end_date, actual_start_date, actual_end_date, created_at, updated_at) VALUES (131, 87, 269, 8, '재고관리 자동화 87차 - Task 1', '세부 작업 내용입니다.', 'DONE', DATE '2024-05-24', DATE '2024-07-13', DATE '2024-05-25', DATE '2024-07-11', DATE '2024-05-24', DATE '2024-05-24');
INSERT INTO task (task_id, pro_id, pm_id, com_id, task_name, task_desc, task_status, task_start_date, task_end_date, actual_start_date, actual_end_date, created_at, updated_at) VALUES (132, 87, 270, 8, '재고관리 자동화 87차 - Task 2', '세부 작업 내용입니다.', 'DOING', DATE '2024-05-22', DATE '2024-06-05', DATE '2024-05-23', NULL, DATE '2024-05-22', DATE '2024-05-22');
INSERT INTO task (task_id, pro_id, pm_id, com_id, task_name, task_desc, task_status, task_start_date, task_end_date, actual_start_date, actual_end_date, created_at, updated_at) VALUES (133, 88, 272, 9, '차세대 ERP 구축 88차 - Task 1', '세부 작업 내용입니다.', 'DOING', DATE '2022-11-18', DATE '2022-12-20', DATE '2022-11-20', NULL, DATE '2022-11-18', DATE '2022-11-18');
INSERT INTO task (task_id, pro_id, pm_id, com_id, task_name, task_desc, task_status, task_start_date, task_end_date, actual_start_date, actual_end_date, created_at, updated_at) VALUES (134, 89, 276, 10, '전자결재 시스템 개선 89차 - Task 1', '세부 작업 내용입니다.', 'TODO', DATE '2023-12-29', DATE '2024-01-08', NULL, NULL, DATE '2023-12-29', DATE '2023-12-29');
INSERT INTO task (task_id, pro_id, pm_id, com_id, task_name, task_desc, task_status, task_start_date, task_end_date, actual_start_date, actual_end_date, created_at, updated_at) VALUES (135, 89, 275, 10, '전자결재 시스템 개선 89차 - Task 2', '세부 작업 내용입니다.', 'DOING', DATE '2023-12-26', DATE '2024-02-07', DATE '2023-12-26', NULL, DATE '2023-12-26', DATE '2023-12-26');
INSERT INTO task (task_id, pro_id, pm_id, com_id, task_name, task_desc, task_status, task_start_date, task_end_date, actual_start_date, actual_end_date, created_at, updated_at) VALUES (136, 90, 278, 11, '물류센터 자동화 90차 - Task 1', '세부 작업 내용입니다.', 'DOING', DATE '2023-04-13', DATE '2023-05-30', DATE '2023-04-15', NULL, DATE '2023-04-13', DATE '2023-04-13');
INSERT INTO task (task_id, pro_id, pm_id, com_id, task_name, task_desc, task_status, task_start_date, task_end_date, actual_start_date, actual_end_date, created_at, updated_at) VALUES (137, 91, 281, 12, '물류센터 자동화 91차 - Task 1', '세부 작업 내용입니다.', 'DONE', DATE '2024-07-17', DATE '2024-08-20', DATE '2024-07-17', DATE '2024-08-20', DATE '2024-07-17', DATE '2024-07-17');
INSERT INTO task (task_id, pro_id, pm_id, com_id, task_name, task_desc, task_status, task_start_date, task_end_date, actual_start_date, actual_end_date, created_at, updated_at) VALUES (138, 92, 286, 13, '보안 강화 프로젝트 92차 - Task 1', '세부 작업 내용입니다.', 'DOING', DATE '2022-03-20', DATE '2022-03-29', DATE '2022-03-22', NULL, DATE '2022-03-20', DATE '2022-03-20');
INSERT INTO task (task_id, pro_id, pm_id, com_id, task_name, task_desc, task_status, task_start_date, task_end_date, actual_start_date, actual_end_date, created_at, updated_at) VALUES (139, 93, 288, 14, 'AI 챗봇 도입 93차 - Task 1', '세부 작업 내용입니다.', 'TODO', DATE '2024-01-10', DATE '2024-01-22', NULL, NULL, DATE '2024-01-10', DATE '2024-01-10');
INSERT INTO task (task_id, pro_id, pm_id, com_id, task_name, task_desc, task_status, task_start_date, task_end_date, actual_start_date, actual_end_date, created_at, updated_at) VALUES (140, 94, 292, 15, '인사관리 시스템 구축 94차 - Task 1', '세부 작업 내용입니다.', 'TODO', DATE '2025-01-16', DATE '2025-02-08', NULL, NULL, DATE '2025-01-16', DATE '2025-01-16');
INSERT INTO task (task_id, pro_id, pm_id, com_id, task_name, task_desc, task_status, task_start_date, task_end_date, actual_start_date, actual_end_date, created_at, updated_at) VALUES (141, 95, 293, 16, '회계시스템 통합 95차 - Task 1', '세부 작업 내용입니다.', 'DONE', DATE '2022-09-25', DATE '2022-11-19', DATE '2022-09-26', DATE '2022-11-18', DATE '2022-09-25', DATE '2022-09-25');
INSERT INTO task (task_id, pro_id, pm_id, com_id, task_name, task_desc, task_status, task_start_date, task_end_date, actual_start_date, actual_end_date, created_at, updated_at) VALUES (142, 96, 299, 17, '품질관리 시스템 96차 - Task 1', '세부 작업 내용입니다.', 'DONE', DATE '2023-06-27', DATE '2023-08-13', DATE '2023-06-28', DATE '2023-08-12', DATE '2023-06-27', DATE '2023-06-27');
INSERT INTO task (task_id, pro_id, pm_id, com_id, task_name, task_desc, task_status, task_start_date, task_end_date, actual_start_date, actual_end_date, created_at, updated_at) VALUES (143, 96, 297, 17, '품질관리 시스템 96차 - Task 2', '세부 작업 내용입니다.', 'DOING', DATE '2023-07-04', DATE '2023-08-23', DATE '2023-07-04', NULL, DATE '2023-07-04', DATE '2023-07-04');
INSERT INTO task (task_id, pro_id, pm_id, com_id, task_name, task_desc, task_status, task_start_date, task_end_date, actual_start_date, actual_end_date, created_at, updated_at) VALUES (144, 97, 303, 18, '모바일 앱 리뉴얼 97차 - Task 1', '세부 작업 내용입니다.', 'DOING', DATE '2022-07-22', DATE '2022-07-27', DATE '2022-07-24', NULL, DATE '2022-07-22', DATE '2022-07-22');
INSERT INTO task (task_id, pro_id, pm_id, com_id, task_name, task_desc, task_status, task_start_date, task_end_date, actual_start_date, actual_end_date, created_at, updated_at) VALUES (145, 98, 304, 19, '품질관리 시스템 98차 - Task 1', '세부 작업 내용입니다.', 'DONE', DATE '2022-07-02', DATE '2022-07-20', DATE '2022-07-03', DATE '2022-07-19', DATE '2022-07-02', DATE '2022-07-02');
INSERT INTO task (task_id, pro_id, pm_id, com_id, task_name, task_desc, task_status, task_start_date, task_end_date, actual_start_date, actual_end_date, created_at, updated_at) VALUES (146, 99, 306, 20, '그룹웨어 고도화 99차 - Task 1', '세부 작업 내용입니다.', 'DONE', DATE '2022-05-17', DATE '2022-07-15', DATE '2022-05-19', DATE '2022-07-12', DATE '2022-05-17', DATE '2022-05-17');
INSERT INTO task (task_id, pro_id, pm_id, com_id, task_name, task_desc, task_status, task_start_date, task_end_date, actual_start_date, actual_end_date, created_at, updated_at) VALUES (147, 100, 309, 1, 'AI 챗봇 도입 100차 - Task 1', '세부 작업 내용입니다.', 'DONE', DATE '2023-12-27', DATE '2024-02-07', DATE '2023-12-28', DATE '2024-02-04', DATE '2023-12-27', DATE '2023-12-27');
INSERT INTO task (task_id, pro_id, pm_id, com_id, task_name, task_desc, task_status, task_start_date, task_end_date, actual_start_date, actual_end_date, created_at, updated_at) VALUES (148, 100, 312, 1, 'AI 챗봇 도입 100차 - Task 2', '세부 작업 내용입니다.', 'DONE', DATE '2023-12-25', DATE '2024-01-18', DATE '2023-12-25', DATE '2024-01-18', DATE '2023-12-25', DATE '2023-12-25');

--------------------------------------------------------------------------
-- 13. NOTICE (100건)
--------------------------------------------------------------------------
INSERT INTO notice (bno, emp_id, com_id, btitle, bcontent, bhit, bfile, created_at, updated_at) VALUES (1, 51, 2, '[공지] 보안 교육 실시 안내 (1호)', '[공지] 보안 교육 실시 안내 (1호) 관련 상세 내용을 안내드립니다. 임직원 여러분의 협조 부탁드립니다.', 101, NULL, DATE '2024-05-06', DATE '2024-05-06');
INSERT INTO notice (bno, emp_id, com_id, btitle, bcontent, bhit, bfile, created_at, updated_at) VALUES (2, 92, 3, '[공지] 화재 대피 훈련 안내 (2호)', '[공지] 화재 대피 훈련 안내 (2호) 관련 상세 내용을 안내드립니다. 임직원 여러분의 협조 부탁드립니다.', 121, NULL, DATE '2026-02-24', DATE '2026-02-24');
INSERT INTO notice (bno, emp_id, com_id, btitle, bcontent, bhit, bfile, created_at, updated_at) VALUES (3, 73, 4, '[공지] 연말정산 안내 (3호)', '[공지] 연말정산 안내 (3호) 관련 상세 내용을 안내드립니다. 임직원 여러분의 협조 부탁드립니다.', 200, NULL, DATE '2023-04-13', DATE '2023-04-13');
INSERT INTO notice (bno, emp_id, com_id, btitle, bcontent, bhit, bfile, created_at, updated_at) VALUES (4, 114, 5, '[공지] 조직개편 안내 (4호)', '[공지] 조직개편 안내 (4호) 관련 상세 내용을 안내드립니다. 임직원 여러분의 협조 부탁드립니다.', 422, NULL, DATE '2024-12-02', DATE '2024-12-02');
INSERT INTO notice (bno, emp_id, com_id, btitle, bcontent, bhit, bfile, created_at, updated_at) VALUES (5, 75, 6, '[공지] 조직개편 안내 (5호)', '[공지] 조직개편 안내 (5호) 관련 상세 내용을 안내드립니다. 임직원 여러분의 협조 부탁드립니다.', 116, NULL, DATE '2023-06-28', DATE '2023-06-28');
INSERT INTO notice (bno, emp_id, com_id, btitle, bcontent, bhit, bfile, created_at, updated_at) VALUES (6, 116, 7, '[공지] 복리후생 제도 변경 안내 (6호)', '[공지] 복리후생 제도 변경 안내 (6호) 관련 상세 내용을 안내드립니다. 임직원 여러분의 협조 부탁드립니다.', 462, NULL, DATE '2026-05-03', DATE '2026-05-03');
INSERT INTO notice (bno, emp_id, com_id, btitle, bcontent, bhit, bfile, created_at, updated_at) VALUES (7, 77, 8, '[공지] 사내 행사 안내 (7호)', '[공지] 사내 행사 안내 (7호) 관련 상세 내용을 안내드립니다. 임직원 여러분의 협조 부탁드립니다.', 153, NULL, DATE '2023-01-10', DATE '2023-01-10');
INSERT INTO notice (bno, emp_id, com_id, btitle, bcontent, bhit, bfile, created_at, updated_at) VALUES (8, 78, 9, '[공지] 연말정산 안내 (8호)', '[공지] 연말정산 안내 (8호) 관련 상세 내용을 안내드립니다. 임직원 여러분의 협조 부탁드립니다.', 486, NULL, DATE '2023-02-03', DATE '2023-02-03');
INSERT INTO notice (bno, emp_id, com_id, btitle, bcontent, bhit, bfile, created_at, updated_at) VALUES (9, 19, 10, '[공지] 화재 대피 훈련 안내 (9호)', '[공지] 화재 대피 훈련 안내 (9호) 관련 상세 내용을 안내드립니다. 임직원 여러분의 협조 부탁드립니다.', 210, NULL, DATE '2025-05-07', DATE '2025-05-07');
INSERT INTO notice (bno, emp_id, com_id, btitle, bcontent, bhit, bfile, created_at, updated_at) VALUES (10, 100, 11, '[공지] 사내 행사 안내 (10호)', '[공지] 사내 행사 안내 (10호) 관련 상세 내용을 안내드립니다. 임직원 여러분의 협조 부탁드립니다.', 74, NULL, DATE '2025-07-25', DATE '2025-07-25');
INSERT INTO notice (bno, emp_id, com_id, btitle, bcontent, bhit, bfile, created_at, updated_at) VALUES (11, 61, 12, '[공지] 코로나19 대응 지침 (11호)', '[공지] 코로나19 대응 지침 (11호) 관련 상세 내용을 안내드립니다. 임직원 여러분의 협조 부탁드립니다.', 42, NULL, DATE '2024-03-13', DATE '2024-03-13');
INSERT INTO notice (bno, emp_id, com_id, btitle, bcontent, bhit, bfile, created_at, updated_at) VALUES (12, 62, 13, '[공지] 조직개편 안내 (12호)', '[공지] 조직개편 안내 (12호) 관련 상세 내용을 안내드립니다. 임직원 여러분의 협조 부탁드립니다.', 317, NULL, DATE '2025-08-12', DATE '2025-08-12');
INSERT INTO notice (bno, emp_id, com_id, btitle, bcontent, bhit, bfile, created_at, updated_at) VALUES (13, 23, 14, '[공지] 사내 행사 안내 (13호)', '[공지] 사내 행사 안내 (13호) 관련 상세 내용을 안내드립니다. 임직원 여러분의 협조 부탁드립니다.', 45, NULL, DATE '2024-11-18', DATE '2024-11-18');
INSERT INTO notice (bno, emp_id, com_id, btitle, bcontent, bhit, bfile, created_at, updated_at) VALUES (14, 64, 15, '[공지] 하계 휴가 안내 (14호)', '[공지] 하계 휴가 안내 (14호) 관련 상세 내용을 안내드립니다. 임직원 여러분의 협조 부탁드립니다.', 208, NULL, DATE '2025-06-24', DATE '2025-06-24');
INSERT INTO notice (bno, emp_id, com_id, btitle, bcontent, bhit, bfile, created_at, updated_at) VALUES (15, 125, 16, '[공지] 코로나19 대응 지침 (15호)', '[공지] 코로나19 대응 지침 (15호) 관련 상세 내용을 안내드립니다. 임직원 여러분의 협조 부탁드립니다.', 61, NULL, DATE '2024-05-10', DATE '2024-05-10');
INSERT INTO notice (bno, emp_id, com_id, btitle, bcontent, bhit, bfile, created_at, updated_at) VALUES (16, 46, 17, '[공지] 시스템 정기 점검 안내 (16호)', '[공지] 시스템 정기 점검 안내 (16호) 관련 상세 내용을 안내드립니다. 임직원 여러분의 협조 부탁드립니다.', 421, NULL, DATE '2025-02-08', DATE '2025-02-08');
INSERT INTO notice (bno, emp_id, com_id, btitle, bcontent, bhit, bfile, created_at, updated_at) VALUES (17, 47, 18, '[공지] 조직개편 안내 (17호)', '[공지] 조직개편 안내 (17호) 관련 상세 내용을 안내드립니다. 임직원 여러분의 협조 부탁드립니다.', 170, NULL, DATE '2024-07-09', DATE '2024-07-09');
INSERT INTO notice (bno, emp_id, com_id, btitle, bcontent, bhit, bfile, created_at, updated_at) VALUES (18, 48, 19, '[공지] 복리후생 제도 변경 안내 (18호)', '[공지] 복리후생 제도 변경 안내 (18호) 관련 상세 내용을 안내드립니다. 임직원 여러분의 협조 부탁드립니다.', 114, NULL, DATE '2023-12-09', DATE '2023-12-09');
INSERT INTO notice (bno, emp_id, com_id, btitle, bcontent, bhit, bfile, created_at, updated_at) VALUES (19, 69, 20, '[공지] 연말정산 안내 (19호)', '[공지] 연말정산 안내 (19호) 관련 상세 내용을 안내드립니다. 임직원 여러분의 협조 부탁드립니다.', 157, NULL, DATE '2025-03-18', DATE '2025-03-18');
INSERT INTO notice (bno, emp_id, com_id, btitle, bcontent, bhit, bfile, created_at, updated_at) VALUES (20, 130, 1, '[공지] 복리후생 제도 변경 안내 (20호)', '[공지] 복리후생 제도 변경 안내 (20호) 관련 상세 내용을 안내드립니다. 임직원 여러분의 협조 부탁드립니다.', 404, NULL, DATE '2025-11-03', DATE '2025-11-03');
INSERT INTO notice (bno, emp_id, com_id, btitle, bcontent, bhit, bfile, created_at, updated_at) VALUES (21, 91, 2, '[공지] 보안 교육 실시 안내 (21호)', '[공지] 보안 교육 실시 안내 (21호) 관련 상세 내용을 안내드립니다. 임직원 여러분의 협조 부탁드립니다.', 200, NULL, DATE '2023-11-29', DATE '2023-11-29');
INSERT INTO notice (bno, emp_id, com_id, btitle, bcontent, bhit, bfile, created_at, updated_at) VALUES (22, 92, 3, '[공지] 시스템 정기 점검 안내 (22호)', '[공지] 시스템 정기 점검 안내 (22호) 관련 상세 내용을 안내드립니다. 임직원 여러분의 협조 부탁드립니다.', 436, NULL, DATE '2023-01-01', DATE '2023-01-01');
INSERT INTO notice (bno, emp_id, com_id, btitle, bcontent, bhit, bfile, created_at, updated_at) VALUES (23, 33, 4, '[공지] 취업규칙 개정 안내 (23호)', '[공지] 취업규칙 개정 안내 (23호) 관련 상세 내용을 안내드립니다. 임직원 여러분의 협조 부탁드립니다.', 232, NULL, DATE '2024-05-18', DATE '2024-05-18');
INSERT INTO notice (bno, emp_id, com_id, btitle, bcontent, bhit, bfile, created_at, updated_at) VALUES (24, 94, 5, '[공지] 사내 행사 안내 (24호)', '[공지] 사내 행사 안내 (24호) 관련 상세 내용을 안내드립니다. 임직원 여러분의 협조 부탁드립니다.', 346, NULL, DATE '2024-12-22', DATE '2024-12-22');
INSERT INTO notice (bno, emp_id, com_id, btitle, bcontent, bhit, bfile, created_at, updated_at) VALUES (25, 15, 6, '[공지] 코로나19 대응 지침 (25호)', '[공지] 코로나19 대응 지침 (25호) 관련 상세 내용을 안내드립니다. 임직원 여러분의 협조 부탁드립니다.', 341, NULL, DATE '2025-11-18', DATE '2025-11-18');
INSERT INTO notice (bno, emp_id, com_id, btitle, bcontent, bhit, bfile, created_at, updated_at) VALUES (26, 76, 7, '[공지] 하계 휴가 안내 (26호)', '[공지] 하계 휴가 안내 (26호) 관련 상세 내용을 안내드립니다. 임직원 여러분의 협조 부탁드립니다.', 341, NULL, DATE '2024-06-02', DATE '2024-06-02');
INSERT INTO notice (bno, emp_id, com_id, btitle, bcontent, bhit, bfile, created_at, updated_at) VALUES (27, 77, 8, '[공지] 취업규칙 개정 안내 (27호)', '[공지] 취업규칙 개정 안내 (27호) 관련 상세 내용을 안내드립니다. 임직원 여러분의 협조 부탁드립니다.', 319, NULL, DATE '2025-11-19', DATE '2025-11-19');
INSERT INTO notice (bno, emp_id, com_id, btitle, bcontent, bhit, bfile, created_at, updated_at) VALUES (28, 58, 9, '[공지] 화재 대피 훈련 안내 (28호)', '[공지] 화재 대피 훈련 안내 (28호) 관련 상세 내용을 안내드립니다. 임직원 여러분의 협조 부탁드립니다.', 490, NULL, DATE '2024-06-29', DATE '2024-06-29');
INSERT INTO notice (bno, emp_id, com_id, btitle, bcontent, bhit, bfile, created_at, updated_at) VALUES (29, 59, 10, '[공지] 복리후생 제도 변경 안내 (29호)', '[공지] 복리후생 제도 변경 안내 (29호) 관련 상세 내용을 안내드립니다. 임직원 여러분의 협조 부탁드립니다.', 338, NULL, DATE '2024-09-17', DATE '2024-09-17');
INSERT INTO notice (bno, emp_id, com_id, btitle, bcontent, bhit, bfile, created_at, updated_at) VALUES (30, 120, 11, '[공지] 조직개편 안내 (30호)', '[공지] 조직개편 안내 (30호) 관련 상세 내용을 안내드립니다. 임직원 여러분의 협조 부탁드립니다.', 414, NULL, DATE '2025-12-05', DATE '2025-12-05');
INSERT INTO notice (bno, emp_id, com_id, btitle, bcontent, bhit, bfile, created_at, updated_at) VALUES (31, 121, 12, '[공지] 시스템 정기 점검 안내 (31호)', '[공지] 시스템 정기 점검 안내 (31호) 관련 상세 내용을 안내드립니다. 임직원 여러분의 협조 부탁드립니다.', 252, NULL, DATE '2025-10-17', DATE '2025-10-17');
INSERT INTO notice (bno, emp_id, com_id, btitle, bcontent, bhit, bfile, created_at, updated_at) VALUES (32, 62, 13, '[공지] 시스템 정기 점검 안내 (32호)', '[공지] 시스템 정기 점검 안내 (32호) 관련 상세 내용을 안내드립니다. 임직원 여러분의 협조 부탁드립니다.', 448, NULL, DATE '2023-04-27', DATE '2023-04-27');
INSERT INTO notice (bno, emp_id, com_id, btitle, bcontent, bhit, bfile, created_at, updated_at) VALUES (33, 123, 14, '[공지] 취업규칙 개정 안내 (33호)', '[공지] 취업규칙 개정 안내 (33호) 관련 상세 내용을 안내드립니다. 임직원 여러분의 협조 부탁드립니다.', 193, NULL, DATE '2026-02-15', DATE '2026-02-15');
INSERT INTO notice (bno, emp_id, com_id, btitle, bcontent, bhit, bfile, created_at, updated_at) VALUES (34, 84, 15, '[공지] 사내 행사 안내 (34호)', '[공지] 사내 행사 안내 (34호) 관련 상세 내용을 안내드립니다. 임직원 여러분의 협조 부탁드립니다.', 456, NULL, DATE '2025-11-15', DATE '2025-11-15');
INSERT INTO notice (bno, emp_id, com_id, btitle, bcontent, bhit, bfile, created_at, updated_at) VALUES (35, 45, 16, '[공지] 연말정산 안내 (35호)', '[공지] 연말정산 안내 (35호) 관련 상세 내용을 안내드립니다. 임직원 여러분의 협조 부탁드립니다.', 17, NULL, DATE '2025-07-28', DATE '2025-07-28');
INSERT INTO notice (bno, emp_id, com_id, btitle, bcontent, bhit, bfile, created_at, updated_at) VALUES (36, 66, 17, '[공지] 화재 대피 훈련 안내 (36호)', '[공지] 화재 대피 훈련 안내 (36호) 관련 상세 내용을 안내드립니다. 임직원 여러분의 협조 부탁드립니다.', 3, NULL, DATE '2023-10-08', DATE '2023-10-08');
INSERT INTO notice (bno, emp_id, com_id, btitle, bcontent, bhit, bfile, created_at, updated_at) VALUES (37, 67, 18, '[공지] 하계 휴가 안내 (37호)', '[공지] 하계 휴가 안내 (37호) 관련 상세 내용을 안내드립니다. 임직원 여러분의 협조 부탁드립니다.', 300, NULL, DATE '2024-01-20', DATE '2024-01-20');
INSERT INTO notice (bno, emp_id, com_id, btitle, bcontent, bhit, bfile, created_at, updated_at) VALUES (38, 108, 19, '[공지] 코로나19 대응 지침 (38호)', '[공지] 코로나19 대응 지침 (38호) 관련 상세 내용을 안내드립니다. 임직원 여러분의 협조 부탁드립니다.', 200, NULL, DATE '2023-04-06', DATE '2023-04-06');
INSERT INTO notice (bno, emp_id, com_id, btitle, bcontent, bhit, bfile, created_at, updated_at) VALUES (39, 49, 20, '[공지] 연말정산 안내 (39호)', '[공지] 연말정산 안내 (39호) 관련 상세 내용을 안내드립니다. 임직원 여러분의 협조 부탁드립니다.', 321, NULL, DATE '2024-07-29', DATE '2024-07-29');
INSERT INTO notice (bno, emp_id, com_id, btitle, bcontent, bhit, bfile, created_at, updated_at) VALUES (40, 8, 1, '[공지] 사내 행사 안내 (40호)', '[공지] 사내 행사 안내 (40호) 관련 상세 내용을 안내드립니다. 임직원 여러분의 협조 부탁드립니다.', 13, NULL, DATE '2026-01-19', DATE '2026-01-19');
INSERT INTO notice (bno, emp_id, com_id, btitle, bcontent, bhit, bfile, created_at, updated_at) VALUES (41, 71, 2, '[공지] 코로나19 대응 지침 (41호)', '[공지] 코로나19 대응 지침 (41호) 관련 상세 내용을 안내드립니다. 임직원 여러분의 협조 부탁드립니다.', 332, NULL, DATE '2025-04-14', DATE '2025-04-14');
INSERT INTO notice (bno, emp_id, com_id, btitle, bcontent, bhit, bfile, created_at, updated_at) VALUES (42, 12, 3, '[공지] 조직개편 안내 (42호)', '[공지] 조직개편 안내 (42호) 관련 상세 내용을 안내드립니다. 임직원 여러분의 협조 부탁드립니다.', 493, NULL, DATE '2025-10-06', DATE '2025-10-06');
INSERT INTO notice (bno, emp_id, com_id, btitle, bcontent, bhit, bfile, created_at, updated_at) VALUES (43, 113, 4, '[공지] 복리후생 제도 변경 안내 (43호)', '[공지] 복리후생 제도 변경 안내 (43호) 관련 상세 내용을 안내드립니다. 임직원 여러분의 협조 부탁드립니다.', 165, NULL, DATE '2024-07-22', DATE '2024-07-22');
INSERT INTO notice (bno, emp_id, com_id, btitle, bcontent, bhit, bfile, created_at, updated_at) VALUES (44, 34, 5, '[공지] 연말정산 안내 (44호)', '[공지] 연말정산 안내 (44호) 관련 상세 내용을 안내드립니다. 임직원 여러분의 협조 부탁드립니다.', 422, NULL, DATE '2025-10-12', DATE '2025-10-12');
INSERT INTO notice (bno, emp_id, com_id, btitle, bcontent, bhit, bfile, created_at, updated_at) VALUES (45, 15, 6, '[공지] 코로나19 대응 지침 (45호)', '[공지] 코로나19 대응 지침 (45호) 관련 상세 내용을 안내드립니다. 임직원 여러분의 협조 부탁드립니다.', 457, NULL, DATE '2024-12-12', DATE '2024-12-12');
INSERT INTO notice (bno, emp_id, com_id, btitle, bcontent, bhit, bfile, created_at, updated_at) VALUES (46, 36, 7, '[공지] 보안 교육 실시 안내 (46호)', '[공지] 보안 교육 실시 안내 (46호) 관련 상세 내용을 안내드립니다. 임직원 여러분의 협조 부탁드립니다.', 413, NULL, DATE '2025-11-22', DATE '2025-11-22');
INSERT INTO notice (bno, emp_id, com_id, btitle, bcontent, bhit, bfile, created_at, updated_at) VALUES (47, 17, 8, '[공지] 하계 휴가 안내 (47호)', '[공지] 하계 휴가 안내 (47호) 관련 상세 내용을 안내드립니다. 임직원 여러분의 협조 부탁드립니다.', 378, NULL, DATE '2024-09-22', DATE '2024-09-22');
INSERT INTO notice (bno, emp_id, com_id, btitle, bcontent, bhit, bfile, created_at, updated_at) VALUES (48, 98, 9, '[공지] 하계 휴가 안내 (48호)', '[공지] 하계 휴가 안내 (48호) 관련 상세 내용을 안내드립니다. 임직원 여러분의 협조 부탁드립니다.', 464, NULL, DATE '2024-09-30', DATE '2024-09-30');
INSERT INTO notice (bno, emp_id, com_id, btitle, bcontent, bhit, bfile, created_at, updated_at) VALUES (49, 19, 10, '[공지] 연말정산 안내 (49호)', '[공지] 연말정산 안내 (49호) 관련 상세 내용을 안내드립니다. 임직원 여러분의 협조 부탁드립니다.', 497, NULL, DATE '2024-09-01', DATE '2024-09-01');
INSERT INTO notice (bno, emp_id, com_id, btitle, bcontent, bhit, bfile, created_at, updated_at) VALUES (50, 80, 11, '[공지] 복리후생 제도 변경 안내 (50호)', '[공지] 복리후생 제도 변경 안내 (50호) 관련 상세 내용을 안내드립니다. 임직원 여러분의 협조 부탁드립니다.', 139, NULL, DATE '2024-01-19', DATE '2024-01-19');
INSERT INTO notice (bno, emp_id, com_id, btitle, bcontent, bhit, bfile, created_at, updated_at) VALUES (51, 61, 12, '[공지] 화재 대피 훈련 안내 (51호)', '[공지] 화재 대피 훈련 안내 (51호) 관련 상세 내용을 안내드립니다. 임직원 여러분의 협조 부탁드립니다.', 317, NULL, DATE '2024-02-09', DATE '2024-02-09');
INSERT INTO notice (bno, emp_id, com_id, btitle, bcontent, bhit, bfile, created_at, updated_at) VALUES (52, 62, 13, '[공지] 화재 대피 훈련 안내 (52호)', '[공지] 화재 대피 훈련 안내 (52호) 관련 상세 내용을 안내드립니다. 임직원 여러분의 협조 부탁드립니다.', 55, NULL, DATE '2025-04-05', DATE '2025-04-05');
INSERT INTO notice (bno, emp_id, com_id, btitle, bcontent, bhit, bfile, created_at, updated_at) VALUES (53, 123, 14, '[공지] 사내 행사 안내 (53호)', '[공지] 사내 행사 안내 (53호) 관련 상세 내용을 안내드립니다. 임직원 여러분의 협조 부탁드립니다.', 201, NULL, DATE '2025-01-10', DATE '2025-01-10');
INSERT INTO notice (bno, emp_id, com_id, btitle, bcontent, bhit, bfile, created_at, updated_at) VALUES (54, 64, 15, '[공지] 조직개편 안내 (54호)', '[공지] 조직개편 안내 (54호) 관련 상세 내용을 안내드립니다. 임직원 여러분의 협조 부탁드립니다.', 136, NULL, DATE '2025-08-25', DATE '2025-08-25');
INSERT INTO notice (bno, emp_id, com_id, btitle, bcontent, bhit, bfile, created_at, updated_at) VALUES (55, 25, 16, '[공지] 보안 교육 실시 안내 (55호)', '[공지] 보안 교육 실시 안내 (55호) 관련 상세 내용을 안내드립니다. 임직원 여러분의 협조 부탁드립니다.', 256, NULL, DATE '2025-07-11', DATE '2025-07-11');
INSERT INTO notice (bno, emp_id, com_id, btitle, bcontent, bhit, bfile, created_at, updated_at) VALUES (56, 86, 17, '[공지] 하계 휴가 안내 (56호)', '[공지] 하계 휴가 안내 (56호) 관련 상세 내용을 안내드립니다. 임직원 여러분의 협조 부탁드립니다.', 22, NULL, DATE '2024-10-06', DATE '2024-10-06');
INSERT INTO notice (bno, emp_id, com_id, btitle, bcontent, bhit, bfile, created_at, updated_at) VALUES (57, 47, 18, '[공지] 사내 행사 안내 (57호)', '[공지] 사내 행사 안내 (57호) 관련 상세 내용을 안내드립니다. 임직원 여러분의 협조 부탁드립니다.', 240, NULL, DATE '2026-01-02', DATE '2026-01-02');
INSERT INTO notice (bno, emp_id, com_id, btitle, bcontent, bhit, bfile, created_at, updated_at) VALUES (58, 128, 19, '[공지] 코로나19 대응 지침 (58호)', '[공지] 코로나19 대응 지침 (58호) 관련 상세 내용을 안내드립니다. 임직원 여러분의 협조 부탁드립니다.', 385, NULL, DATE '2025-04-23', DATE '2025-04-23');
INSERT INTO notice (bno, emp_id, com_id, btitle, bcontent, bhit, bfile, created_at, updated_at) VALUES (59, 29, 20, '[공지] 사내 행사 안내 (59호)', '[공지] 사내 행사 안내 (59호) 관련 상세 내용을 안내드립니다. 임직원 여러분의 협조 부탁드립니다.', 185, NULL, DATE '2025-03-13', DATE '2025-03-13');
INSERT INTO notice (bno, emp_id, com_id, btitle, bcontent, bhit, bfile, created_at, updated_at) VALUES (60, 70, 1, '[공지] 코로나19 대응 지침 (60호)', '[공지] 코로나19 대응 지침 (60호) 관련 상세 내용을 안내드립니다. 임직원 여러분의 협조 부탁드립니다.', 435, NULL, DATE '2024-08-13', DATE '2024-08-13');
INSERT INTO notice (bno, emp_id, com_id, btitle, bcontent, bhit, bfile, created_at, updated_at) VALUES (61, 111, 2, '[공지] 취업규칙 개정 안내 (61호)', '[공지] 취업규칙 개정 안내 (61호) 관련 상세 내용을 안내드립니다. 임직원 여러분의 협조 부탁드립니다.', 230, NULL, DATE '2024-06-15', DATE '2024-06-15');
INSERT INTO notice (bno, emp_id, com_id, btitle, bcontent, bhit, bfile, created_at, updated_at) VALUES (62, 12, 3, '[공지] 시스템 정기 점검 안내 (62호)', '[공지] 시스템 정기 점검 안내 (62호) 관련 상세 내용을 안내드립니다. 임직원 여러분의 협조 부탁드립니다.', 423, NULL, DATE '2025-12-25', DATE '2025-12-25');
INSERT INTO notice (bno, emp_id, com_id, btitle, bcontent, bhit, bfile, created_at, updated_at) VALUES (63, 113, 4, '[공지] 연말정산 안내 (63호)', '[공지] 연말정산 안내 (63호) 관련 상세 내용을 안내드립니다. 임직원 여러분의 협조 부탁드립니다.', 181, NULL, DATE '2024-09-17', DATE '2024-09-17');
INSERT INTO notice (bno, emp_id, com_id, btitle, bcontent, bhit, bfile, created_at, updated_at) VALUES (64, 94, 5, '[공지] 복리후생 제도 변경 안내 (64호)', '[공지] 복리후생 제도 변경 안내 (64호) 관련 상세 내용을 안내드립니다. 임직원 여러분의 협조 부탁드립니다.', 124, NULL, DATE '2024-06-27', DATE '2024-06-27');
INSERT INTO notice (bno, emp_id, com_id, btitle, bcontent, bhit, bfile, created_at, updated_at) VALUES (65, 15, 6, '[공지] 코로나19 대응 지침 (65호)', '[공지] 코로나19 대응 지침 (65호) 관련 상세 내용을 안내드립니다. 임직원 여러분의 협조 부탁드립니다.', 385, NULL, DATE '2023-07-17', DATE '2023-07-17');
INSERT INTO notice (bno, emp_id, com_id, btitle, bcontent, bhit, bfile, created_at, updated_at) VALUES (66, 96, 7, '[공지] 조직개편 안내 (66호)', '[공지] 조직개편 안내 (66호) 관련 상세 내용을 안내드립니다. 임직원 여러분의 협조 부탁드립니다.', 476, NULL, DATE '2023-08-16', DATE '2023-08-16');
INSERT INTO notice (bno, emp_id, com_id, btitle, bcontent, bhit, bfile, created_at, updated_at) VALUES (67, 57, 8, '[공지] 하계 휴가 안내 (67호)', '[공지] 하계 휴가 안내 (67호) 관련 상세 내용을 안내드립니다. 임직원 여러분의 협조 부탁드립니다.', 495, NULL, DATE '2023-12-28', DATE '2023-12-28');
INSERT INTO notice (bno, emp_id, com_id, btitle, bcontent, bhit, bfile, created_at, updated_at) VALUES (68, 118, 9, '[공지] 취업규칙 개정 안내 (68호)', '[공지] 취업규칙 개정 안내 (68호) 관련 상세 내용을 안내드립니다. 임직원 여러분의 협조 부탁드립니다.', 201, NULL, DATE '2025-04-07', DATE '2025-04-07');
INSERT INTO notice (bno, emp_id, com_id, btitle, bcontent, bhit, bfile, created_at, updated_at) VALUES (69, 119, 10, '[공지] 복리후생 제도 변경 안내 (69호)', '[공지] 복리후생 제도 변경 안내 (69호) 관련 상세 내용을 안내드립니다. 임직원 여러분의 협조 부탁드립니다.', 200, NULL, DATE '2025-03-30', DATE '2025-03-30');
INSERT INTO notice (bno, emp_id, com_id, btitle, bcontent, bhit, bfile, created_at, updated_at) VALUES (70, 80, 11, '[공지] 복리후생 제도 변경 안내 (70호)', '[공지] 복리후생 제도 변경 안내 (70호) 관련 상세 내용을 안내드립니다. 임직원 여러분의 협조 부탁드립니다.', 442, NULL, DATE '2024-12-17', DATE '2024-12-17');
INSERT INTO notice (bno, emp_id, com_id, btitle, bcontent, bhit, bfile, created_at, updated_at) VALUES (71, 41, 12, '[공지] 하계 휴가 안내 (71호)', '[공지] 하계 휴가 안내 (71호) 관련 상세 내용을 안내드립니다. 임직원 여러분의 협조 부탁드립니다.', 376, NULL, DATE '2025-12-25', DATE '2025-12-25');
INSERT INTO notice (bno, emp_id, com_id, btitle, bcontent, bhit, bfile, created_at, updated_at) VALUES (72, 102, 13, '[공지] 조직개편 안내 (72호)', '[공지] 조직개편 안내 (72호) 관련 상세 내용을 안내드립니다. 임직원 여러분의 협조 부탁드립니다.', 68, NULL, DATE '2024-08-14', DATE '2024-08-14');
INSERT INTO notice (bno, emp_id, com_id, btitle, bcontent, bhit, bfile, created_at, updated_at) VALUES (73, 43, 14, '[공지] 복리후생 제도 변경 안내 (73호)', '[공지] 복리후생 제도 변경 안내 (73호) 관련 상세 내용을 안내드립니다. 임직원 여러분의 협조 부탁드립니다.', 473, NULL, DATE '2023-05-16', DATE '2023-05-16');
INSERT INTO notice (bno, emp_id, com_id, btitle, bcontent, bhit, bfile, created_at, updated_at) VALUES (74, 84, 15, '[공지] 취업규칙 개정 안내 (74호)', '[공지] 취업규칙 개정 안내 (74호) 관련 상세 내용을 안내드립니다. 임직원 여러분의 협조 부탁드립니다.', 1, NULL, DATE '2025-10-25', DATE '2025-10-25');
INSERT INTO notice (bno, emp_id, com_id, btitle, bcontent, bhit, bfile, created_at, updated_at) VALUES (75, 105, 16, '[공지] 보안 교육 실시 안내 (75호)', '[공지] 보안 교육 실시 안내 (75호) 관련 상세 내용을 안내드립니다. 임직원 여러분의 협조 부탁드립니다.', 221, NULL, DATE '2026-03-29', DATE '2026-03-29');
INSERT INTO notice (bno, emp_id, com_id, btitle, bcontent, bhit, bfile, created_at, updated_at) VALUES (76, 86, 17, '[공지] 보안 교육 실시 안내 (76호)', '[공지] 보안 교육 실시 안내 (76호) 관련 상세 내용을 안내드립니다. 임직원 여러분의 협조 부탁드립니다.', 373, NULL, DATE '2026-03-20', DATE '2026-03-20');
INSERT INTO notice (bno, emp_id, com_id, btitle, bcontent, bhit, bfile, created_at, updated_at) VALUES (77, 67, 18, '[공지] 하계 휴가 안내 (77호)', '[공지] 하계 휴가 안내 (77호) 관련 상세 내용을 안내드립니다. 임직원 여러분의 협조 부탁드립니다.', 113, NULL, DATE '2023-11-06', DATE '2023-11-06');
INSERT INTO notice (bno, emp_id, com_id, btitle, bcontent, bhit, bfile, created_at, updated_at) VALUES (78, 128, 19, '[공지] 보안 교육 실시 안내 (78호)', '[공지] 보안 교육 실시 안내 (78호) 관련 상세 내용을 안내드립니다. 임직원 여러분의 협조 부탁드립니다.', 63, NULL, DATE '2025-10-22', DATE '2025-10-22');
INSERT INTO notice (bno, emp_id, com_id, btitle, bcontent, bhit, bfile, created_at, updated_at) VALUES (79, 69, 20, '[공지] 시스템 정기 점검 안내 (79호)', '[공지] 시스템 정기 점검 안내 (79호) 관련 상세 내용을 안내드립니다. 임직원 여러분의 협조 부탁드립니다.', 449, NULL, DATE '2025-02-19', DATE '2025-02-19');
INSERT INTO notice (bno, emp_id, com_id, btitle, bcontent, bhit, bfile, created_at, updated_at) VALUES (80, 10, 1, '[공지] 하계 휴가 안내 (80호)', '[공지] 하계 휴가 안내 (80호) 관련 상세 내용을 안내드립니다. 임직원 여러분의 협조 부탁드립니다.', 313, NULL, DATE '2025-02-26', DATE '2025-02-26');
INSERT INTO notice (bno, emp_id, com_id, btitle, bcontent, bhit, bfile, created_at, updated_at) VALUES (81, 51, 2, '[공지] 취업규칙 개정 안내 (81호)', '[공지] 취업규칙 개정 안내 (81호) 관련 상세 내용을 안내드립니다. 임직원 여러분의 협조 부탁드립니다.', 309, NULL, DATE '2026-05-20', DATE '2026-05-20');
INSERT INTO notice (bno, emp_id, com_id, btitle, bcontent, bhit, bfile, created_at, updated_at) VALUES (82, 92, 3, '[공지] 사내 행사 안내 (82호)', '[공지] 사내 행사 안내 (82호) 관련 상세 내용을 안내드립니다. 임직원 여러분의 협조 부탁드립니다.', 109, NULL, DATE '2026-05-29', DATE '2026-05-29');
INSERT INTO notice (bno, emp_id, com_id, btitle, bcontent, bhit, bfile, created_at, updated_at) VALUES (83, 33, 4, '[공지] 사내 행사 안내 (83호)', '[공지] 사내 행사 안내 (83호) 관련 상세 내용을 안내드립니다. 임직원 여러분의 협조 부탁드립니다.', 184, NULL, DATE '2023-07-12', DATE '2023-07-12');
INSERT INTO notice (bno, emp_id, com_id, btitle, bcontent, bhit, bfile, created_at, updated_at) VALUES (84, 114, 5, '[공지] 연말정산 안내 (84호)', '[공지] 연말정산 안내 (84호) 관련 상세 내용을 안내드립니다. 임직원 여러분의 협조 부탁드립니다.', 184, NULL, DATE '2023-06-11', DATE '2023-06-11');
INSERT INTO notice (bno, emp_id, com_id, btitle, bcontent, bhit, bfile, created_at, updated_at) VALUES (85, 15, 6, '[공지] 코로나19 대응 지침 (85호)', '[공지] 코로나19 대응 지침 (85호) 관련 상세 내용을 안내드립니다. 임직원 여러분의 협조 부탁드립니다.', 62, NULL, DATE '2023-05-28', DATE '2023-05-28');
INSERT INTO notice (bno, emp_id, com_id, btitle, bcontent, bhit, bfile, created_at, updated_at) VALUES (86, 56, 7, '[공지] 보안 교육 실시 안내 (86호)', '[공지] 보안 교육 실시 안내 (86호) 관련 상세 내용을 안내드립니다. 임직원 여러분의 협조 부탁드립니다.', 234, NULL, DATE '2023-01-08', DATE '2023-01-08');
INSERT INTO notice (bno, emp_id, com_id, btitle, bcontent, bhit, bfile, created_at, updated_at) VALUES (87, 117, 8, '[공지] 하계 휴가 안내 (87호)', '[공지] 하계 휴가 안내 (87호) 관련 상세 내용을 안내드립니다. 임직원 여러분의 협조 부탁드립니다.', 140, NULL, DATE '2025-07-04', DATE '2025-07-04');
INSERT INTO notice (bno, emp_id, com_id, btitle, bcontent, bhit, bfile, created_at, updated_at) VALUES (88, 98, 9, '[공지] 시스템 정기 점검 안내 (88호)', '[공지] 시스템 정기 점검 안내 (88호) 관련 상세 내용을 안내드립니다. 임직원 여러분의 협조 부탁드립니다.', 302, NULL, DATE '2025-07-01', DATE '2025-07-01');
INSERT INTO notice (bno, emp_id, com_id, btitle, bcontent, bhit, bfile, created_at, updated_at) VALUES (89, 99, 10, '[공지] 연말정산 안내 (89호)', '[공지] 연말정산 안내 (89호) 관련 상세 내용을 안내드립니다. 임직원 여러분의 협조 부탁드립니다.', 20, NULL, DATE '2023-03-08', DATE '2023-03-08');
INSERT INTO notice (bno, emp_id, com_id, btitle, bcontent, bhit, bfile, created_at, updated_at) VALUES (90, 100, 11, '[공지] 화재 대피 훈련 안내 (90호)', '[공지] 화재 대피 훈련 안내 (90호) 관련 상세 내용을 안내드립니다. 임직원 여러분의 협조 부탁드립니다.', 247, NULL, DATE '2023-08-15', DATE '2023-08-15');
INSERT INTO notice (bno, emp_id, com_id, btitle, bcontent, bhit, bfile, created_at, updated_at) VALUES (91, 41, 12, '[공지] 사내 행사 안내 (91호)', '[공지] 사내 행사 안내 (91호) 관련 상세 내용을 안내드립니다. 임직원 여러분의 협조 부탁드립니다.', 493, NULL, DATE '2024-11-27', DATE '2024-11-27');
INSERT INTO notice (bno, emp_id, com_id, btitle, bcontent, bhit, bfile, created_at, updated_at) VALUES (92, 62, 13, '[공지] 코로나19 대응 지침 (92호)', '[공지] 코로나19 대응 지침 (92호) 관련 상세 내용을 안내드립니다. 임직원 여러분의 협조 부탁드립니다.', 117, NULL, DATE '2026-03-10', DATE '2026-03-10');
INSERT INTO notice (bno, emp_id, com_id, btitle, bcontent, bhit, bfile, created_at, updated_at) VALUES (93, 43, 14, '[공지] 코로나19 대응 지침 (93호)', '[공지] 코로나19 대응 지침 (93호) 관련 상세 내용을 안내드립니다. 임직원 여러분의 협조 부탁드립니다.', 144, NULL, DATE '2024-03-03', DATE '2024-03-03');
INSERT INTO notice (bno, emp_id, com_id, btitle, bcontent, bhit, bfile, created_at, updated_at) VALUES (94, 104, 15, '[공지] 코로나19 대응 지침 (94호)', '[공지] 코로나19 대응 지침 (94호) 관련 상세 내용을 안내드립니다. 임직원 여러분의 협조 부탁드립니다.', 114, NULL, DATE '2023-03-04', DATE '2023-03-04');
INSERT INTO notice (bno, emp_id, com_id, btitle, bcontent, bhit, bfile, created_at, updated_at) VALUES (95, 45, 16, '[공지] 시스템 정기 점검 안내 (95호)', '[공지] 시스템 정기 점검 안내 (95호) 관련 상세 내용을 안내드립니다. 임직원 여러분의 협조 부탁드립니다.', 137, NULL, DATE '2025-10-30', DATE '2025-10-30');
INSERT INTO notice (bno, emp_id, com_id, btitle, bcontent, bhit, bfile, created_at, updated_at) VALUES (96, 86, 17, '[공지] 복리후생 제도 변경 안내 (96호)', '[공지] 복리후생 제도 변경 안내 (96호) 관련 상세 내용을 안내드립니다. 임직원 여러분의 협조 부탁드립니다.', 488, NULL, DATE '2023-05-10', DATE '2023-05-10');
INSERT INTO notice (bno, emp_id, com_id, btitle, bcontent, bhit, bfile, created_at, updated_at) VALUES (97, 127, 18, '[공지] 사내 행사 안내 (97호)', '[공지] 사내 행사 안내 (97호) 관련 상세 내용을 안내드립니다. 임직원 여러분의 협조 부탁드립니다.', 299, NULL, DATE '2023-07-03', DATE '2023-07-03');
INSERT INTO notice (bno, emp_id, com_id, btitle, bcontent, bhit, bfile, created_at, updated_at) VALUES (98, 28, 19, '[공지] 조직개편 안내 (98호)', '[공지] 조직개편 안내 (98호) 관련 상세 내용을 안내드립니다. 임직원 여러분의 협조 부탁드립니다.', 262, NULL, DATE '2025-03-10', DATE '2025-03-10');
INSERT INTO notice (bno, emp_id, com_id, btitle, bcontent, bhit, bfile, created_at, updated_at) VALUES (99, 109, 20, '[공지] 조직개편 안내 (99호)', '[공지] 조직개편 안내 (99호) 관련 상세 내용을 안내드립니다. 임직원 여러분의 협조 부탁드립니다.', 341, NULL, DATE '2024-04-08', DATE '2024-04-08');
INSERT INTO notice (bno, emp_id, com_id, btitle, bcontent, bhit, bfile, created_at, updated_at) VALUES (100, 2, 1, '[공지] 복리후생 제도 변경 안내 (100호)', '[공지] 복리후생 제도 변경 안내 (100호) 관련 상세 내용을 안내드립니다. 임직원 여러분의 협조 부탁드립니다.', 168, NULL, DATE '2025-12-24', DATE '2025-12-24');

--------------------------------------------------------------------------
-- 14. COM_RESOURCE (100건: 회사 20개 x 자원 5개) - 최종 DDL 기준 테이블명 COM_RESOURCE
--------------------------------------------------------------------------
INSERT INTO com_resource (res_id, com_id, res_code, res_name, res_type, quantity, remark, created_at, updated_at) VALUES (1, 1, 'R01', '대회의실', 'ROOM', 10, '대회의실 자원입니다.', DATE '2019-03-01', DATE '2019-03-01');
INSERT INTO com_resource (res_id, com_id, res_code, res_name, res_type, quantity, remark, created_at, updated_at) VALUES (2, 1, 'R02', '소회의실', 'ROOM', 10, '소회의실 자원입니다.', DATE '2019-03-01', DATE '2019-03-01');
INSERT INTO com_resource (res_id, com_id, res_code, res_name, res_type, quantity, remark, created_at, updated_at) VALUES (3, 1, 'R03', '노트북', 'EQUIPMENT', 11, '노트북 자원입니다.', DATE '2019-03-01', DATE '2019-03-01');
INSERT INTO com_resource (res_id, com_id, res_code, res_name, res_type, quantity, remark, created_at, updated_at) VALUES (4, 1, 'R04', '빔프로젝터', 'EQUIPMENT', 5, '빔프로젝터 자원입니다.', DATE '2019-03-01', DATE '2019-03-01');
INSERT INTO com_resource (res_id, com_id, res_code, res_name, res_type, quantity, remark, created_at, updated_at) VALUES (5, 1, 'R05', '업무용 차량', 'EQUIPMENT', 18, '업무용 차량 자원입니다.', DATE '2019-03-01', DATE '2019-03-01');
INSERT INTO com_resource (res_id, com_id, res_code, res_name, res_type, quantity, remark, created_at, updated_at) VALUES (6, 2, 'R01', '대회의실', 'ROOM', 10, '대회의실 자원입니다.', DATE '2019-03-01', DATE '2019-03-01');
INSERT INTO com_resource (res_id, com_id, res_code, res_name, res_type, quantity, remark, created_at, updated_at) VALUES (7, 2, 'R02', '소회의실', 'ROOM', 10, '소회의실 자원입니다.', DATE '2019-03-01', DATE '2019-03-01');
INSERT INTO com_resource (res_id, com_id, res_code, res_name, res_type, quantity, remark, created_at, updated_at) VALUES (8, 2, 'R03', '노트북', 'EQUIPMENT', 7, '노트북 자원입니다.', DATE '2019-03-01', DATE '2019-03-01');
INSERT INTO com_resource (res_id, com_id, res_code, res_name, res_type, quantity, remark, created_at, updated_at) VALUES (9, 2, 'R04', '빔프로젝터', 'EQUIPMENT', 16, '빔프로젝터 자원입니다.', DATE '2019-03-01', DATE '2019-03-01');
INSERT INTO com_resource (res_id, com_id, res_code, res_name, res_type, quantity, remark, created_at, updated_at) VALUES (10, 2, 'R05', '업무용 차량', 'EQUIPMENT', 17, '업무용 차량 자원입니다.', DATE '2019-03-01', DATE '2019-03-01');
INSERT INTO com_resource (res_id, com_id, res_code, res_name, res_type, quantity, remark, created_at, updated_at) VALUES (11, 3, 'R01', '대회의실', 'ROOM', 10, '대회의실 자원입니다.', DATE '2019-03-01', DATE '2019-03-01');
INSERT INTO com_resource (res_id, com_id, res_code, res_name, res_type, quantity, remark, created_at, updated_at) VALUES (12, 3, 'R02', '소회의실', 'ROOM', 10, '소회의실 자원입니다.', DATE '2019-03-01', DATE '2019-03-01');
INSERT INTO com_resource (res_id, com_id, res_code, res_name, res_type, quantity, remark, created_at, updated_at) VALUES (13, 3, 'R03', '노트북', 'EQUIPMENT', 17, '노트북 자원입니다.', DATE '2019-03-01', DATE '2019-03-01');
INSERT INTO com_resource (res_id, com_id, res_code, res_name, res_type, quantity, remark, created_at, updated_at) VALUES (14, 3, 'R04', '빔프로젝터', 'EQUIPMENT', 9, '빔프로젝터 자원입니다.', DATE '2019-03-01', DATE '2019-03-01');
INSERT INTO com_resource (res_id, com_id, res_code, res_name, res_type, quantity, remark, created_at, updated_at) VALUES (15, 3, 'R05', '업무용 차량', 'EQUIPMENT', 13, '업무용 차량 자원입니다.', DATE '2019-03-01', DATE '2019-03-01');
INSERT INTO com_resource (res_id, com_id, res_code, res_name, res_type, quantity, remark, created_at, updated_at) VALUES (16, 4, 'R01', '대회의실', 'ROOM', 10, '대회의실 자원입니다.', DATE '2019-03-01', DATE '2019-03-01');
INSERT INTO com_resource (res_id, com_id, res_code, res_name, res_type, quantity, remark, created_at, updated_at) VALUES (17, 4, 'R02', '소회의실', 'ROOM', 10, '소회의실 자원입니다.', DATE '2019-03-01', DATE '2019-03-01');
INSERT INTO com_resource (res_id, com_id, res_code, res_name, res_type, quantity, remark, created_at, updated_at) VALUES (18, 4, 'R03', '노트북', 'EQUIPMENT', 9, '노트북 자원입니다.', DATE '2019-03-01', DATE '2019-03-01');
INSERT INTO com_resource (res_id, com_id, res_code, res_name, res_type, quantity, remark, created_at, updated_at) VALUES (19, 4, 'R04', '빔프로젝터', 'EQUIPMENT', 6, '빔프로젝터 자원입니다.', DATE '2019-03-01', DATE '2019-03-01');
INSERT INTO com_resource (res_id, com_id, res_code, res_name, res_type, quantity, remark, created_at, updated_at) VALUES (20, 4, 'R05', '업무용 차량', 'EQUIPMENT', 15, '업무용 차량 자원입니다.', DATE '2019-03-01', DATE '2019-03-01');
INSERT INTO com_resource (res_id, com_id, res_code, res_name, res_type, quantity, remark, created_at, updated_at) VALUES (21, 5, 'R01', '대회의실', 'ROOM', 10, '대회의실 자원입니다.', DATE '2019-03-01', DATE '2019-03-01');
INSERT INTO com_resource (res_id, com_id, res_code, res_name, res_type, quantity, remark, created_at, updated_at) VALUES (22, 5, 'R02', '소회의실', 'ROOM', 10, '소회의실 자원입니다.', DATE '2019-03-01', DATE '2019-03-01');
INSERT INTO com_resource (res_id, com_id, res_code, res_name, res_type, quantity, remark, created_at, updated_at) VALUES (23, 5, 'R03', '노트북', 'EQUIPMENT', 8, '노트북 자원입니다.', DATE '2019-03-01', DATE '2019-03-01');
INSERT INTO com_resource (res_id, com_id, res_code, res_name, res_type, quantity, remark, created_at, updated_at) VALUES (24, 5, 'R04', '빔프로젝터', 'EQUIPMENT', 12, '빔프로젝터 자원입니다.', DATE '2019-03-01', DATE '2019-03-01');
INSERT INTO com_resource (res_id, com_id, res_code, res_name, res_type, quantity, remark, created_at, updated_at) VALUES (25, 5, 'R05', '업무용 차량', 'EQUIPMENT', 9, '업무용 차량 자원입니다.', DATE '2019-03-01', DATE '2019-03-01');
INSERT INTO com_resource (res_id, com_id, res_code, res_name, res_type, quantity, remark, created_at, updated_at) VALUES (26, 6, 'R01', '대회의실', 'ROOM', 10, '대회의실 자원입니다.', DATE '2019-03-01', DATE '2019-03-01');
INSERT INTO com_resource (res_id, com_id, res_code, res_name, res_type, quantity, remark, created_at, updated_at) VALUES (27, 6, 'R02', '소회의실', 'ROOM', 10, '소회의실 자원입니다.', DATE '2019-03-01', DATE '2019-03-01');
INSERT INTO com_resource (res_id, com_id, res_code, res_name, res_type, quantity, remark, created_at, updated_at) VALUES (28, 6, 'R03', '노트북', 'EQUIPMENT', 5, '노트북 자원입니다.', DATE '2019-03-01', DATE '2019-03-01');
INSERT INTO com_resource (res_id, com_id, res_code, res_name, res_type, quantity, remark, created_at, updated_at) VALUES (29, 6, 'R04', '빔프로젝터', 'EQUIPMENT', 19, '빔프로젝터 자원입니다.', DATE '2019-03-01', DATE '2019-03-01');
INSERT INTO com_resource (res_id, com_id, res_code, res_name, res_type, quantity, remark, created_at, updated_at) VALUES (30, 6, 'R05', '업무용 차량', 'EQUIPMENT', 3, '업무용 차량 자원입니다.', DATE '2019-03-01', DATE '2019-03-01');
INSERT INTO com_resource (res_id, com_id, res_code, res_name, res_type, quantity, remark, created_at, updated_at) VALUES (31, 7, 'R01', '대회의실', 'ROOM', 10, '대회의실 자원입니다.', DATE '2019-03-01', DATE '2019-03-01');
INSERT INTO com_resource (res_id, com_id, res_code, res_name, res_type, quantity, remark, created_at, updated_at) VALUES (32, 7, 'R02', '소회의실', 'ROOM', 10, '소회의실 자원입니다.', DATE '2019-03-01', DATE '2019-03-01');
INSERT INTO com_resource (res_id, com_id, res_code, res_name, res_type, quantity, remark, created_at, updated_at) VALUES (33, 7, 'R03', '노트북', 'EQUIPMENT', 17, '노트북 자원입니다.', DATE '2019-03-01', DATE '2019-03-01');
INSERT INTO com_resource (res_id, com_id, res_code, res_name, res_type, quantity, remark, created_at, updated_at) VALUES (34, 7, 'R04', '빔프로젝터', 'EQUIPMENT', 9, '빔프로젝터 자원입니다.', DATE '2019-03-01', DATE '2019-03-01');
INSERT INTO com_resource (res_id, com_id, res_code, res_name, res_type, quantity, remark, created_at, updated_at) VALUES (35, 7, 'R05', '업무용 차량', 'EQUIPMENT', 9, '업무용 차량 자원입니다.', DATE '2019-03-01', DATE '2019-03-01');
INSERT INTO com_resource (res_id, com_id, res_code, res_name, res_type, quantity, remark, created_at, updated_at) VALUES (36, 8, 'R01', '대회의실', 'ROOM', 10, '대회의실 자원입니다.', DATE '2019-03-01', DATE '2019-03-01');
INSERT INTO com_resource (res_id, com_id, res_code, res_name, res_type, quantity, remark, created_at, updated_at) VALUES (37, 8, 'R02', '소회의실', 'ROOM', 10, '소회의실 자원입니다.', DATE '2019-03-01', DATE '2019-03-01');
INSERT INTO com_resource (res_id, com_id, res_code, res_name, res_type, quantity, remark, created_at, updated_at) VALUES (38, 8, 'R03', '노트북', 'EQUIPMENT', 11, '노트북 자원입니다.', DATE '2019-03-01', DATE '2019-03-01');
INSERT INTO com_resource (res_id, com_id, res_code, res_name, res_type, quantity, remark, created_at, updated_at) VALUES (39, 8, 'R04', '빔프로젝터', 'EQUIPMENT', 9, '빔프로젝터 자원입니다.', DATE '2019-03-01', DATE '2019-03-01');
INSERT INTO com_resource (res_id, com_id, res_code, res_name, res_type, quantity, remark, created_at, updated_at) VALUES (40, 8, 'R05', '업무용 차량', 'EQUIPMENT', 20, '업무용 차량 자원입니다.', DATE '2019-03-01', DATE '2019-03-01');
INSERT INTO com_resource (res_id, com_id, res_code, res_name, res_type, quantity, remark, created_at, updated_at) VALUES (41, 9, 'R01', '대회의실', 'ROOM', 10, '대회의실 자원입니다.', DATE '2019-03-01', DATE '2019-03-01');
INSERT INTO com_resource (res_id, com_id, res_code, res_name, res_type, quantity, remark, created_at, updated_at) VALUES (42, 9, 'R02', '소회의실', 'ROOM', 10, '소회의실 자원입니다.', DATE '2019-03-01', DATE '2019-03-01');
INSERT INTO com_resource (res_id, com_id, res_code, res_name, res_type, quantity, remark, created_at, updated_at) VALUES (43, 9, 'R03', '노트북', 'EQUIPMENT', 12, '노트북 자원입니다.', DATE '2019-03-01', DATE '2019-03-01');
INSERT INTO com_resource (res_id, com_id, res_code, res_name, res_type, quantity, remark, created_at, updated_at) VALUES (44, 9, 'R04', '빔프로젝터', 'EQUIPMENT', 3, '빔프로젝터 자원입니다.', DATE '2019-03-01', DATE '2019-03-01');
INSERT INTO com_resource (res_id, com_id, res_code, res_name, res_type, quantity, remark, created_at, updated_at) VALUES (45, 9, 'R05', '업무용 차량', 'EQUIPMENT', 3, '업무용 차량 자원입니다.', DATE '2019-03-01', DATE '2019-03-01');
INSERT INTO com_resource (res_id, com_id, res_code, res_name, res_type, quantity, remark, created_at, updated_at) VALUES (46, 10, 'R01', '대회의실', 'ROOM', 10, '대회의실 자원입니다.', DATE '2019-03-01', DATE '2019-03-01');
INSERT INTO com_resource (res_id, com_id, res_code, res_name, res_type, quantity, remark, created_at, updated_at) VALUES (47, 10, 'R02', '소회의실', 'ROOM', 10, '소회의실 자원입니다.', DATE '2019-03-01', DATE '2019-03-01');
INSERT INTO com_resource (res_id, com_id, res_code, res_name, res_type, quantity, remark, created_at, updated_at) VALUES (48, 10, 'R03', '노트북', 'EQUIPMENT', 5, '노트북 자원입니다.', DATE '2019-03-01', DATE '2019-03-01');
INSERT INTO com_resource (res_id, com_id, res_code, res_name, res_type, quantity, remark, created_at, updated_at) VALUES (49, 10, 'R04', '빔프로젝터', 'EQUIPMENT', 14, '빔프로젝터 자원입니다.', DATE '2019-03-01', DATE '2019-03-01');
INSERT INTO com_resource (res_id, com_id, res_code, res_name, res_type, quantity, remark, created_at, updated_at) VALUES (50, 10, 'R05', '업무용 차량', 'EQUIPMENT', 9, '업무용 차량 자원입니다.', DATE '2019-03-01', DATE '2019-03-01');
INSERT INTO com_resource (res_id, com_id, res_code, res_name, res_type, quantity, remark, created_at, updated_at) VALUES (51, 11, 'R01', '대회의실', 'ROOM', 10, '대회의실 자원입니다.', DATE '2019-03-01', DATE '2019-03-01');
INSERT INTO com_resource (res_id, com_id, res_code, res_name, res_type, quantity, remark, created_at, updated_at) VALUES (52, 11, 'R02', '소회의실', 'ROOM', 10, '소회의실 자원입니다.', DATE '2019-03-01', DATE '2019-03-01');
INSERT INTO com_resource (res_id, com_id, res_code, res_name, res_type, quantity, remark, created_at, updated_at) VALUES (53, 11, 'R03', '노트북', 'EQUIPMENT', 16, '노트북 자원입니다.', DATE '2019-03-01', DATE '2019-03-01');
INSERT INTO com_resource (res_id, com_id, res_code, res_name, res_type, quantity, remark, created_at, updated_at) VALUES (54, 11, 'R04', '빔프로젝터', 'EQUIPMENT', 3, '빔프로젝터 자원입니다.', DATE '2019-03-01', DATE '2019-03-01');
INSERT INTO com_resource (res_id, com_id, res_code, res_name, res_type, quantity, remark, created_at, updated_at) VALUES (55, 11, 'R05', '업무용 차량', 'EQUIPMENT', 20, '업무용 차량 자원입니다.', DATE '2019-03-01', DATE '2019-03-01');
INSERT INTO com_resource (res_id, com_id, res_code, res_name, res_type, quantity, remark, created_at, updated_at) VALUES (56, 12, 'R01', '대회의실', 'ROOM', 10, '대회의실 자원입니다.', DATE '2019-03-01', DATE '2019-03-01');
INSERT INTO com_resource (res_id, com_id, res_code, res_name, res_type, quantity, remark, created_at, updated_at) VALUES (57, 12, 'R02', '소회의실', 'ROOM', 10, '소회의실 자원입니다.', DATE '2019-03-01', DATE '2019-03-01');
INSERT INTO com_resource (res_id, com_id, res_code, res_name, res_type, quantity, remark, created_at, updated_at) VALUES (58, 12, 'R03', '노트북', 'EQUIPMENT', 11, '노트북 자원입니다.', DATE '2019-03-01', DATE '2019-03-01');
INSERT INTO com_resource (res_id, com_id, res_code, res_name, res_type, quantity, remark, created_at, updated_at) VALUES (59, 12, 'R04', '빔프로젝터', 'EQUIPMENT', 20, '빔프로젝터 자원입니다.', DATE '2019-03-01', DATE '2019-03-01');
INSERT INTO com_resource (res_id, com_id, res_code, res_name, res_type, quantity, remark, created_at, updated_at) VALUES (60, 12, 'R05', '업무용 차량', 'EQUIPMENT', 14, '업무용 차량 자원입니다.', DATE '2019-03-01', DATE '2019-03-01');
INSERT INTO com_resource (res_id, com_id, res_code, res_name, res_type, quantity, remark, created_at, updated_at) VALUES (61, 13, 'R01', '대회의실', 'ROOM', 10, '대회의실 자원입니다.', DATE '2019-03-01', DATE '2019-03-01');
INSERT INTO com_resource (res_id, com_id, res_code, res_name, res_type, quantity, remark, created_at, updated_at) VALUES (62, 13, 'R02', '소회의실', 'ROOM', 10, '소회의실 자원입니다.', DATE '2019-03-01', DATE '2019-03-01');
INSERT INTO com_resource (res_id, com_id, res_code, res_name, res_type, quantity, remark, created_at, updated_at) VALUES (63, 13, 'R03', '노트북', 'EQUIPMENT', 8, '노트북 자원입니다.', DATE '2019-03-01', DATE '2019-03-01');
INSERT INTO com_resource (res_id, com_id, res_code, res_name, res_type, quantity, remark, created_at, updated_at) VALUES (64, 13, 'R04', '빔프로젝터', 'EQUIPMENT', 13, '빔프로젝터 자원입니다.', DATE '2019-03-01', DATE '2019-03-01');
INSERT INTO com_resource (res_id, com_id, res_code, res_name, res_type, quantity, remark, created_at, updated_at) VALUES (65, 13, 'R05', '업무용 차량', 'EQUIPMENT', 14, '업무용 차량 자원입니다.', DATE '2019-03-01', DATE '2019-03-01');
INSERT INTO com_resource (res_id, com_id, res_code, res_name, res_type, quantity, remark, created_at, updated_at) VALUES (66, 14, 'R01', '대회의실', 'ROOM', 10, '대회의실 자원입니다.', DATE '2019-03-01', DATE '2019-03-01');
INSERT INTO com_resource (res_id, com_id, res_code, res_name, res_type, quantity, remark, created_at, updated_at) VALUES (67, 14, 'R02', '소회의실', 'ROOM', 10, '소회의실 자원입니다.', DATE '2019-03-01', DATE '2019-03-01');
INSERT INTO com_resource (res_id, com_id, res_code, res_name, res_type, quantity, remark, created_at, updated_at) VALUES (68, 14, 'R03', '노트북', 'EQUIPMENT', 12, '노트북 자원입니다.', DATE '2019-03-01', DATE '2019-03-01');
INSERT INTO com_resource (res_id, com_id, res_code, res_name, res_type, quantity, remark, created_at, updated_at) VALUES (69, 14, 'R04', '빔프로젝터', 'EQUIPMENT', 6, '빔프로젝터 자원입니다.', DATE '2019-03-01', DATE '2019-03-01');
INSERT INTO com_resource (res_id, com_id, res_code, res_name, res_type, quantity, remark, created_at, updated_at) VALUES (70, 14, 'R05', '업무용 차량', 'EQUIPMENT', 4, '업무용 차량 자원입니다.', DATE '2019-03-01', DATE '2019-03-01');
INSERT INTO com_resource (res_id, com_id, res_code, res_name, res_type, quantity, remark, created_at, updated_at) VALUES (71, 15, 'R01', '대회의실', 'ROOM', 10, '대회의실 자원입니다.', DATE '2019-03-01', DATE '2019-03-01');
INSERT INTO com_resource (res_id, com_id, res_code, res_name, res_type, quantity, remark, created_at, updated_at) VALUES (72, 15, 'R02', '소회의실', 'ROOM', 10, '소회의실 자원입니다.', DATE '2019-03-01', DATE '2019-03-01');
INSERT INTO com_resource (res_id, com_id, res_code, res_name, res_type, quantity, remark, created_at, updated_at) VALUES (73, 15, 'R03', '노트북', 'EQUIPMENT', 8, '노트북 자원입니다.', DATE '2019-03-01', DATE '2019-03-01');
INSERT INTO com_resource (res_id, com_id, res_code, res_name, res_type, quantity, remark, created_at, updated_at) VALUES (74, 15, 'R04', '빔프로젝터', 'EQUIPMENT', 14, '빔프로젝터 자원입니다.', DATE '2019-03-01', DATE '2019-03-01');
INSERT INTO com_resource (res_id, com_id, res_code, res_name, res_type, quantity, remark, created_at, updated_at) VALUES (75, 15, 'R05', '업무용 차량', 'EQUIPMENT', 16, '업무용 차량 자원입니다.', DATE '2019-03-01', DATE '2019-03-01');
INSERT INTO com_resource (res_id, com_id, res_code, res_name, res_type, quantity, remark, created_at, updated_at) VALUES (76, 16, 'R01', '대회의실', 'ROOM', 10, '대회의실 자원입니다.', DATE '2019-03-01', DATE '2019-03-01');
INSERT INTO com_resource (res_id, com_id, res_code, res_name, res_type, quantity, remark, created_at, updated_at) VALUES (77, 16, 'R02', '소회의실', 'ROOM', 10, '소회의실 자원입니다.', DATE '2019-03-01', DATE '2019-03-01');
INSERT INTO com_resource (res_id, com_id, res_code, res_name, res_type, quantity, remark, created_at, updated_at) VALUES (78, 16, 'R03', '노트북', 'EQUIPMENT', 3, '노트북 자원입니다.', DATE '2019-03-01', DATE '2019-03-01');
INSERT INTO com_resource (res_id, com_id, res_code, res_name, res_type, quantity, remark, created_at, updated_at) VALUES (79, 16, 'R04', '빔프로젝터', 'EQUIPMENT', 17, '빔프로젝터 자원입니다.', DATE '2019-03-01', DATE '2019-03-01');
INSERT INTO com_resource (res_id, com_id, res_code, res_name, res_type, quantity, remark, created_at, updated_at) VALUES (80, 16, 'R05', '업무용 차량', 'EQUIPMENT', 6, '업무용 차량 자원입니다.', DATE '2019-03-01', DATE '2019-03-01');
INSERT INTO com_resource (res_id, com_id, res_code, res_name, res_type, quantity, remark, created_at, updated_at) VALUES (81, 17, 'R01', '대회의실', 'ROOM', 10, '대회의실 자원입니다.', DATE '2019-03-01', DATE '2019-03-01');
INSERT INTO com_resource (res_id, com_id, res_code, res_name, res_type, quantity, remark, created_at, updated_at) VALUES (82, 17, 'R02', '소회의실', 'ROOM', 10, '소회의실 자원입니다.', DATE '2019-03-01', DATE '2019-03-01');
INSERT INTO com_resource (res_id, com_id, res_code, res_name, res_type, quantity, remark, created_at, updated_at) VALUES (83, 17, 'R03', '노트북', 'EQUIPMENT', 13, '노트북 자원입니다.', DATE '2019-03-01', DATE '2019-03-01');
INSERT INTO com_resource (res_id, com_id, res_code, res_name, res_type, quantity, remark, created_at, updated_at) VALUES (84, 17, 'R04', '빔프로젝터', 'EQUIPMENT', 6, '빔프로젝터 자원입니다.', DATE '2019-03-01', DATE '2019-03-01');
INSERT INTO com_resource (res_id, com_id, res_code, res_name, res_type, quantity, remark, created_at, updated_at) VALUES (85, 17, 'R05', '업무용 차량', 'EQUIPMENT', 7, '업무용 차량 자원입니다.', DATE '2019-03-01', DATE '2019-03-01');
INSERT INTO com_resource (res_id, com_id, res_code, res_name, res_type, quantity, remark, created_at, updated_at) VALUES (86, 18, 'R01', '대회의실', 'ROOM', 10, '대회의실 자원입니다.', DATE '2019-03-01', DATE '2019-03-01');
INSERT INTO com_resource (res_id, com_id, res_code, res_name, res_type, quantity, remark, created_at, updated_at) VALUES (87, 18, 'R02', '소회의실', 'ROOM', 10, '소회의실 자원입니다.', DATE '2019-03-01', DATE '2019-03-01');
INSERT INTO com_resource (res_id, com_id, res_code, res_name, res_type, quantity, remark, created_at, updated_at) VALUES (88, 18, 'R03', '노트북', 'EQUIPMENT', 14, '노트북 자원입니다.', DATE '2019-03-01', DATE '2019-03-01');
INSERT INTO com_resource (res_id, com_id, res_code, res_name, res_type, quantity, remark, created_at, updated_at) VALUES (89, 18, 'R04', '빔프로젝터', 'EQUIPMENT', 18, '빔프로젝터 자원입니다.', DATE '2019-03-01', DATE '2019-03-01');
INSERT INTO com_resource (res_id, com_id, res_code, res_name, res_type, quantity, remark, created_at, updated_at) VALUES (90, 18, 'R05', '업무용 차량', 'EQUIPMENT', 18, '업무용 차량 자원입니다.', DATE '2019-03-01', DATE '2019-03-01');
INSERT INTO com_resource (res_id, com_id, res_code, res_name, res_type, quantity, remark, created_at, updated_at) VALUES (91, 19, 'R01', '대회의실', 'ROOM', 10, '대회의실 자원입니다.', DATE '2019-03-01', DATE '2019-03-01');
INSERT INTO com_resource (res_id, com_id, res_code, res_name, res_type, quantity, remark, created_at, updated_at) VALUES (92, 19, 'R02', '소회의실', 'ROOM', 10, '소회의실 자원입니다.', DATE '2019-03-01', DATE '2019-03-01');
INSERT INTO com_resource (res_id, com_id, res_code, res_name, res_type, quantity, remark, created_at, updated_at) VALUES (93, 19, 'R03', '노트북', 'EQUIPMENT', 5, '노트북 자원입니다.', DATE '2019-03-01', DATE '2019-03-01');
INSERT INTO com_resource (res_id, com_id, res_code, res_name, res_type, quantity, remark, created_at, updated_at) VALUES (94, 19, 'R04', '빔프로젝터', 'EQUIPMENT', 13, '빔프로젝터 자원입니다.', DATE '2019-03-01', DATE '2019-03-01');
INSERT INTO com_resource (res_id, com_id, res_code, res_name, res_type, quantity, remark, created_at, updated_at) VALUES (95, 19, 'R05', '업무용 차량', 'EQUIPMENT', 13, '업무용 차량 자원입니다.', DATE '2019-03-01', DATE '2019-03-01');
INSERT INTO com_resource (res_id, com_id, res_code, res_name, res_type, quantity, remark, created_at, updated_at) VALUES (96, 20, 'R01', '대회의실', 'ROOM', 10, '대회의실 자원입니다.', DATE '2019-03-01', DATE '2019-03-01');
INSERT INTO com_resource (res_id, com_id, res_code, res_name, res_type, quantity, remark, created_at, updated_at) VALUES (97, 20, 'R02', '소회의실', 'ROOM', 10, '소회의실 자원입니다.', DATE '2019-03-01', DATE '2019-03-01');
INSERT INTO com_resource (res_id, com_id, res_code, res_name, res_type, quantity, remark, created_at, updated_at) VALUES (98, 20, 'R03', '노트북', 'EQUIPMENT', 18, '노트북 자원입니다.', DATE '2019-03-01', DATE '2019-03-01');
INSERT INTO com_resource (res_id, com_id, res_code, res_name, res_type, quantity, remark, created_at, updated_at) VALUES (99, 20, 'R04', '빔프로젝터', 'EQUIPMENT', 7, '빔프로젝터 자원입니다.', DATE '2019-03-01', DATE '2019-03-01');
INSERT INTO com_resource (res_id, com_id, res_code, res_name, res_type, quantity, remark, created_at, updated_at) VALUES (100, 20, 'R05', '업무용 차량', 'EQUIPMENT', 6, '업무용 차량 자원입니다.', DATE '2019-03-01', DATE '2019-03-01');

--------------------------------------------------------------------------
-- 15. RESERVATION (100건)
--------------------------------------------------------------------------
INSERT INTO reservation (rev_id, res_id, com_id, emp_id, quantity, status, req_date, remark, updated_at) VALUES (1, 10, 2, 91, 2, 'APP', DATE '2024-08-02', '업무용 차량 예약 신청', DATE '2024-08-02');
INSERT INTO reservation (rev_id, res_id, com_id, emp_id, quantity, status, req_date, remark, updated_at) VALUES (2, 13, 3, 52, 3, 'WAI', DATE '2024-07-16', '노트북 예약 신청', DATE '2024-07-16');
INSERT INTO reservation (rev_id, res_id, com_id, emp_id, quantity, status, req_date, remark, updated_at) VALUES (3, 18, 4, 113, 3, 'APP', DATE '2026-01-19', '노트북 예약 신청', DATE '2026-01-19');
INSERT INTO reservation (rev_id, res_id, com_id, emp_id, quantity, status, req_date, remark, updated_at) VALUES (4, 24, 5, 114, 1, 'APP', DATE '2026-05-11', '빔프로젝터 예약 신청', DATE '2026-05-11');
INSERT INTO reservation (rev_id, res_id, com_id, emp_id, quantity, status, req_date, remark, updated_at) VALUES (5, 27, 6, 75, 1, 'WAI', DATE '2024-04-23', '소회의실 예약 신청', DATE '2024-04-23');
INSERT INTO reservation (rev_id, res_id, com_id, emp_id, quantity, status, req_date, remark, updated_at) VALUES (6, 35, 7, 36, 3, 'APP', DATE '2024-01-10', '업무용 차량 예약 신청', DATE '2024-01-10');
INSERT INTO reservation (rev_id, res_id, com_id, emp_id, quantity, status, req_date, remark, updated_at) VALUES (7, 39, 8, 17, 1, 'APP', DATE '2025-08-09', '빔프로젝터 예약 신청', DATE '2025-08-09');
INSERT INTO reservation (rev_id, res_id, com_id, emp_id, quantity, status, req_date, remark, updated_at) VALUES (8, 41, 9, 98, 1, 'REJ', DATE '2024-12-12', '대회의실 예약 신청', DATE '2024-12-12');
INSERT INTO reservation (rev_id, res_id, com_id, emp_id, quantity, status, req_date, remark, updated_at) VALUES (9, 50, 10, 99, 2, 'APP', DATE '2025-10-16', '업무용 차량 예약 신청', DATE '2025-10-16');
INSERT INTO reservation (rev_id, res_id, com_id, emp_id, quantity, status, req_date, remark, updated_at) VALUES (10, 51, 11, 40, 1, 'APP', DATE '2024-12-29', '대회의실 예약 신청', DATE '2024-12-29');
INSERT INTO reservation (rev_id, res_id, com_id, emp_id, quantity, status, req_date, remark, updated_at) VALUES (11, 56, 12, 81, 1, 'WAI', DATE '2024-05-09', '대회의실 예약 신청', DATE '2024-05-09');
INSERT INTO reservation (rev_id, res_id, com_id, emp_id, quantity, status, req_date, remark, updated_at) VALUES (12, 64, 13, 42, 2, 'APP', DATE '2025-10-13', '빔프로젝터 예약 신청', DATE '2025-10-13');
INSERT INTO reservation (rev_id, res_id, com_id, emp_id, quantity, status, req_date, remark, updated_at) VALUES (13, 69, 14, 123, 1, 'APP', DATE '2026-01-06', '빔프로젝터 예약 신청', DATE '2026-01-06');
INSERT INTO reservation (rev_id, res_id, com_id, emp_id, quantity, status, req_date, remark, updated_at) VALUES (14, 74, 15, 24, 1, 'APP', DATE '2025-11-20', '빔프로젝터 예약 신청', DATE '2025-11-20');
INSERT INTO reservation (rev_id, res_id, com_id, emp_id, quantity, status, req_date, remark, updated_at) VALUES (15, 77, 16, 125, 1, 'APP', DATE '2025-04-25', '소회의실 예약 신청', DATE '2025-04-25');
INSERT INTO reservation (rev_id, res_id, com_id, emp_id, quantity, status, req_date, remark, updated_at) VALUES (16, 84, 17, 126, 3, 'WAI', DATE '2025-05-24', '빔프로젝터 예약 신청', DATE '2025-05-24');
INSERT INTO reservation (rev_id, res_id, com_id, emp_id, quantity, status, req_date, remark, updated_at) VALUES (17, 89, 18, 107, 1, 'APP', DATE '2026-03-30', '빔프로젝터 예약 신청', DATE '2026-03-30');
INSERT INTO reservation (rev_id, res_id, com_id, emp_id, quantity, status, req_date, remark, updated_at) VALUES (18, 91, 19, 48, 1, 'APP', DATE '2026-03-17', '대회의실 예약 신청', DATE '2026-03-17');
INSERT INTO reservation (rev_id, res_id, com_id, emp_id, quantity, status, req_date, remark, updated_at) VALUES (19, 97, 20, 129, 1, 'APP', DATE '2026-01-29', '소회의실 예약 신청', DATE '2026-01-29');
INSERT INTO reservation (rev_id, res_id, com_id, emp_id, quantity, status, req_date, remark, updated_at) VALUES (20, 2, 1, 2, 1, 'WAI', DATE '2024-07-23', '소회의실 예약 신청', DATE '2024-07-23');
INSERT INTO reservation (rev_id, res_id, com_id, emp_id, quantity, status, req_date, remark, updated_at) VALUES (21, 6, 2, 11, 1, 'APP', DATE '2025-02-15', '대회의실 예약 신청', DATE '2025-02-15');
INSERT INTO reservation (rev_id, res_id, com_id, emp_id, quantity, status, req_date, remark, updated_at) VALUES (22, 12, 3, 32, 1, 'APP', DATE '2024-02-15', '소회의실 예약 신청', DATE '2024-02-15');
INSERT INTO reservation (rev_id, res_id, com_id, emp_id, quantity, status, req_date, remark, updated_at) VALUES (23, 20, 4, 93, 2, 'APP', DATE '2024-06-06', '업무용 차량 예약 신청', DATE '2024-06-06');
INSERT INTO reservation (rev_id, res_id, com_id, emp_id, quantity, status, req_date, remark, updated_at) VALUES (24, 21, 5, 74, 1, 'APP', DATE '2024-04-16', '대회의실 예약 신청', DATE '2024-04-16');
INSERT INTO reservation (rev_id, res_id, com_id, emp_id, quantity, status, req_date, remark, updated_at) VALUES (25, 26, 6, 115, 1, 'WAI', DATE '2026-04-06', '대회의실 예약 신청', DATE '2026-04-06');
INSERT INTO reservation (rev_id, res_id, com_id, emp_id, quantity, status, req_date, remark, updated_at) VALUES (26, 32, 7, 96, 1, 'APP', DATE '2024-11-27', '소회의실 예약 신청', DATE '2024-11-27');
INSERT INTO reservation (rev_id, res_id, com_id, emp_id, quantity, status, req_date, remark, updated_at) VALUES (27, 40, 8, 17, 2, 'REJ', DATE '2024-01-03', '업무용 차량 예약 신청', DATE '2024-01-03');
INSERT INTO reservation (rev_id, res_id, com_id, emp_id, quantity, status, req_date, remark, updated_at) VALUES (28, 41, 9, 18, 1, 'APP', DATE '2026-04-21', '대회의실 예약 신청', DATE '2026-04-21');
INSERT INTO reservation (rev_id, res_id, com_id, emp_id, quantity, status, req_date, remark, updated_at) VALUES (29, 50, 10, 19, 3, 'APP', DATE '2025-08-31', '업무용 차량 예약 신청', DATE '2025-08-31');
INSERT INTO reservation (rev_id, res_id, com_id, emp_id, quantity, status, req_date, remark, updated_at) VALUES (30, 51, 11, 100, 1, 'APP', DATE '2025-11-08', '대회의실 예약 신청', DATE '2025-11-08');
INSERT INTO reservation (rev_id, res_id, com_id, emp_id, quantity, status, req_date, remark, updated_at) VALUES (31, 60, 12, 101, 2, 'APP', DATE '2025-11-17', '업무용 차량 예약 신청', DATE '2025-11-17');
INSERT INTO reservation (rev_id, res_id, com_id, emp_id, quantity, status, req_date, remark, updated_at) VALUES (32, 65, 13, 22, 3, 'APP', DATE '2024-07-10', '업무용 차량 예약 신청', DATE '2024-07-10');
INSERT INTO reservation (rev_id, res_id, com_id, emp_id, quantity, status, req_date, remark, updated_at) VALUES (33, 69, 14, 103, 1, 'WAI', DATE '2025-10-27', '빔프로젝터 예약 신청', DATE '2025-10-27');
INSERT INTO reservation (rev_id, res_id, com_id, emp_id, quantity, status, req_date, remark, updated_at) VALUES (34, 72, 15, 124, 1, 'APP', DATE '2024-04-23', '소회의실 예약 신청', DATE '2024-04-23');
INSERT INTO reservation (rev_id, res_id, com_id, emp_id, quantity, status, req_date, remark, updated_at) VALUES (35, 76, 16, 105, 1, 'APP', DATE '2024-12-26', '대회의실 예약 신청', DATE '2024-12-26');
INSERT INTO reservation (rev_id, res_id, com_id, emp_id, quantity, status, req_date, remark, updated_at) VALUES (36, 81, 17, 126, 1, 'WAI', DATE '2024-09-01', '대회의실 예약 신청', DATE '2024-09-01');
INSERT INTO reservation (rev_id, res_id, com_id, emp_id, quantity, status, req_date, remark, updated_at) VALUES (37, 86, 18, 27, 1, 'APP', DATE '2024-11-05', '대회의실 예약 신청', DATE '2024-11-05');
INSERT INTO reservation (rev_id, res_id, com_id, emp_id, quantity, status, req_date, remark, updated_at) VALUES (38, 93, 19, 68, 1, 'APP', DATE '2025-08-13', '노트북 예약 신청', DATE '2025-08-13');
INSERT INTO reservation (rev_id, res_id, com_id, emp_id, quantity, status, req_date, remark, updated_at) VALUES (39, 97, 20, 69, 1, 'WAI', DATE '2024-03-17', '소회의실 예약 신청', DATE '2024-03-17');
INSERT INTO reservation (rev_id, res_id, com_id, emp_id, quantity, status, req_date, remark, updated_at) VALUES (40, 1, 1, 2, 1, 'APP', DATE '2026-02-24', '대회의실 예약 신청', DATE '2026-02-24');
INSERT INTO reservation (rev_id, res_id, com_id, emp_id, quantity, status, req_date, remark, updated_at) VALUES (41, 7, 2, 91, 1, 'APP', DATE '2025-04-11', '소회의실 예약 신청', DATE '2025-04-11');
INSERT INTO reservation (rev_id, res_id, com_id, emp_id, quantity, status, req_date, remark, updated_at) VALUES (42, 15, 3, 72, 3, 'APP', DATE '2026-02-15', '업무용 차량 예약 신청', DATE '2026-02-15');
INSERT INTO reservation (rev_id, res_id, com_id, emp_id, quantity, status, req_date, remark, updated_at) VALUES (43, 16, 4, 113, 1, 'REJ', DATE '2026-05-07', '대회의실 예약 신청', DATE '2026-05-07');
INSERT INTO reservation (rev_id, res_id, com_id, emp_id, quantity, status, req_date, remark, updated_at) VALUES (44, 21, 5, 14, 1, 'APP', DATE '2024-05-18', '대회의실 예약 신청', DATE '2024-05-18');
INSERT INTO reservation (rev_id, res_id, com_id, emp_id, quantity, status, req_date, remark, updated_at) VALUES (45, 26, 6, 75, 1, 'WAI', DATE '2024-10-27', '대회의실 예약 신청', DATE '2024-10-27');
INSERT INTO reservation (rev_id, res_id, com_id, emp_id, quantity, status, req_date, remark, updated_at) VALUES (46, 33, 7, 76, 3, 'WAI', DATE '2026-03-17', '노트북 예약 신청', DATE '2026-03-17');
INSERT INTO reservation (rev_id, res_id, com_id, emp_id, quantity, status, req_date, remark, updated_at) VALUES (47, 38, 8, 57, 1, 'APP', DATE '2024-04-06', '노트북 예약 신청', DATE '2024-04-06');
INSERT INTO reservation (rev_id, res_id, com_id, emp_id, quantity, status, req_date, remark, updated_at) VALUES (48, 44, 9, 38, 1, 'REJ', DATE '2025-10-31', '빔프로젝터 예약 신청', DATE '2025-10-31');
INSERT INTO reservation (rev_id, res_id, com_id, emp_id, quantity, status, req_date, remark, updated_at) VALUES (49, 49, 10, 119, 3, 'APP', DATE '2026-02-07', '빔프로젝터 예약 신청', DATE '2026-02-07');
INSERT INTO reservation (rev_id, res_id, com_id, emp_id, quantity, status, req_date, remark, updated_at) VALUES (50, 53, 11, 60, 1, 'WAI', DATE '2025-07-04', '노트북 예약 신청', DATE '2025-07-04');
INSERT INTO reservation (rev_id, res_id, com_id, emp_id, quantity, status, req_date, remark, updated_at) VALUES (51, 58, 12, 21, 1, 'APP', DATE '2024-12-31', '노트북 예약 신청', DATE '2024-12-31');
INSERT INTO reservation (rev_id, res_id, com_id, emp_id, quantity, status, req_date, remark, updated_at) VALUES (52, 61, 13, 62, 1, 'APP', DATE '2026-03-04', '대회의실 예약 신청', DATE '2026-03-04');
INSERT INTO reservation (rev_id, res_id, com_id, emp_id, quantity, status, req_date, remark, updated_at) VALUES (53, 68, 14, 43, 1, 'APP', DATE '2024-04-17', '노트북 예약 신청', DATE '2024-04-17');
INSERT INTO reservation (rev_id, res_id, com_id, emp_id, quantity, status, req_date, remark, updated_at) VALUES (54, 73, 15, 24, 2, 'APP', DATE '2025-01-10', '노트북 예약 신청', DATE '2025-01-10');
INSERT INTO reservation (rev_id, res_id, com_id, emp_id, quantity, status, req_date, remark, updated_at) VALUES (55, 80, 16, 25, 1, 'REJ', DATE '2024-06-13', '업무용 차량 예약 신청', DATE '2024-06-13');
INSERT INTO reservation (rev_id, res_id, com_id, emp_id, quantity, status, req_date, remark, updated_at) VALUES (56, 85, 17, 46, 1, 'APP', DATE '2025-07-05', '업무용 차량 예약 신청', DATE '2025-07-05');
INSERT INTO reservation (rev_id, res_id, com_id, emp_id, quantity, status, req_date, remark, updated_at) VALUES (57, 89, 18, 47, 3, 'APP', DATE '2025-10-08', '빔프로젝터 예약 신청', DATE '2025-10-08');
INSERT INTO reservation (rev_id, res_id, com_id, emp_id, quantity, status, req_date, remark, updated_at) VALUES (58, 92, 19, 28, 1, 'APP', DATE '2026-02-12', '소회의실 예약 신청', DATE '2026-02-12');
INSERT INTO reservation (rev_id, res_id, com_id, emp_id, quantity, status, req_date, remark, updated_at) VALUES (59, 98, 20, 29, 2, 'APP', DATE '2024-06-29', '노트북 예약 신청', DATE '2024-06-29');
INSERT INTO reservation (rev_id, res_id, com_id, emp_id, quantity, status, req_date, remark, updated_at) VALUES (60, 5, 1, 110, 3, 'WAI', DATE '2026-02-02', '업무용 차량 예약 신청', DATE '2026-02-02');
INSERT INTO reservation (rev_id, res_id, com_id, emp_id, quantity, status, req_date, remark, updated_at) VALUES (61, 9, 2, 51, 1, 'APP', DATE '2024-01-29', '빔프로젝터 예약 신청', DATE '2024-01-29');
INSERT INTO reservation (rev_id, res_id, com_id, emp_id, quantity, status, req_date, remark, updated_at) VALUES (62, 12, 3, 12, 1, 'APP', DATE '2025-09-25', '소회의실 예약 신청', DATE '2025-09-25');
INSERT INTO reservation (rev_id, res_id, com_id, emp_id, quantity, status, req_date, remark, updated_at) VALUES (63, 20, 4, 113, 1, 'APP', DATE '2025-09-04', '업무용 차량 예약 신청', DATE '2025-09-04');
INSERT INTO reservation (rev_id, res_id, com_id, emp_id, quantity, status, req_date, remark, updated_at) VALUES (64, 24, 5, 14, 2, 'WAI', DATE '2026-01-17', '빔프로젝터 예약 신청', DATE '2026-01-17');
INSERT INTO reservation (rev_id, res_id, com_id, emp_id, quantity, status, req_date, remark, updated_at) VALUES (65, 30, 6, 15, 1, 'WAI', DATE '2024-03-17', '업무용 차량 예약 신청', DATE '2024-03-17');
INSERT INTO reservation (rev_id, res_id, com_id, emp_id, quantity, status, req_date, remark, updated_at) VALUES (66, 35, 7, 36, 1, 'APP', DATE '2025-10-25', '업무용 차량 예약 신청', DATE '2025-10-25');
INSERT INTO reservation (rev_id, res_id, com_id, emp_id, quantity, status, req_date, remark, updated_at) VALUES (67, 38, 8, 97, 2, 'WAI', DATE '2024-04-12', '노트북 예약 신청', DATE '2024-04-12');
INSERT INTO reservation (rev_id, res_id, com_id, emp_id, quantity, status, req_date, remark, updated_at) VALUES (68, 43, 9, 58, 2, 'APP', DATE '2025-12-07', '노트북 예약 신청', DATE '2025-12-07');
INSERT INTO reservation (rev_id, res_id, com_id, emp_id, quantity, status, req_date, remark, updated_at) VALUES (69, 49, 10, 39, 3, 'REJ', DATE '2026-05-31', '빔프로젝터 예약 신청', DATE '2026-05-31');
INSERT INTO reservation (rev_id, res_id, com_id, emp_id, quantity, status, req_date, remark, updated_at) VALUES (70, 53, 11, 80, 2, 'APP', DATE '2024-02-01', '노트북 예약 신청', DATE '2024-02-01');
INSERT INTO reservation (rev_id, res_id, com_id, emp_id, quantity, status, req_date, remark, updated_at) VALUES (71, 57, 12, 81, 1, 'WAI', DATE '2024-08-01', '소회의실 예약 신청', DATE '2024-08-01');
INSERT INTO reservation (rev_id, res_id, com_id, emp_id, quantity, status, req_date, remark, updated_at) VALUES (72, 63, 13, 62, 2, 'APP', DATE '2026-05-15', '노트북 예약 신청', DATE '2026-05-15');
INSERT INTO reservation (rev_id, res_id, com_id, emp_id, quantity, status, req_date, remark, updated_at) VALUES (73, 66, 14, 43, 1, 'REJ', DATE '2024-06-10', '대회의실 예약 신청', DATE '2024-06-10');
INSERT INTO reservation (rev_id, res_id, com_id, emp_id, quantity, status, req_date, remark, updated_at) VALUES (74, 75, 15, 124, 2, 'APP', DATE '2024-07-03', '업무용 차량 예약 신청', DATE '2024-07-03');
INSERT INTO reservation (rev_id, res_id, com_id, emp_id, quantity, status, req_date, remark, updated_at) VALUES (75, 77, 16, 25, 1, 'APP', DATE '2026-05-06', '소회의실 예약 신청', DATE '2026-05-06');
INSERT INTO reservation (rev_id, res_id, com_id, emp_id, quantity, status, req_date, remark, updated_at) VALUES (76, 84, 17, 26, 2, 'APP', DATE '2025-08-06', '빔프로젝터 예약 신청', DATE '2025-08-06');
INSERT INTO reservation (rev_id, res_id, com_id, emp_id, quantity, status, req_date, remark, updated_at) VALUES (77, 87, 18, 107, 1, 'WAI', DATE '2024-10-29', '소회의실 예약 신청', DATE '2024-10-29');
INSERT INTO reservation (rev_id, res_id, com_id, emp_id, quantity, status, req_date, remark, updated_at) VALUES (78, 93, 19, 28, 1, 'REJ', DATE '2024-12-29', '노트북 예약 신청', DATE '2024-12-29');
INSERT INTO reservation (rev_id, res_id, com_id, emp_id, quantity, status, req_date, remark, updated_at) VALUES (79, 100, 20, 69, 3, 'WAI', DATE '2025-01-13', '업무용 차량 예약 신청', DATE '2025-01-13');
INSERT INTO reservation (rev_id, res_id, com_id, emp_id, quantity, status, req_date, remark, updated_at) VALUES (80, 3, 1, 9, 2, 'WAI', DATE '2025-11-10', '노트북 예약 신청', DATE '2025-11-10');
INSERT INTO reservation (rev_id, res_id, com_id, emp_id, quantity, status, req_date, remark, updated_at) VALUES (81, 7, 2, 11, 1, 'REJ', DATE '2024-06-18', '소회의실 예약 신청', DATE '2024-06-18');
INSERT INTO reservation (rev_id, res_id, com_id, emp_id, quantity, status, req_date, remark, updated_at) VALUES (82, 14, 3, 52, 1, 'APP', DATE '2024-07-17', '빔프로젝터 예약 신청', DATE '2024-07-17');
INSERT INTO reservation (rev_id, res_id, com_id, emp_id, quantity, status, req_date, remark, updated_at) VALUES (83, 19, 4, 33, 2, 'APP', DATE '2025-04-28', '빔프로젝터 예약 신청', DATE '2025-04-28');
INSERT INTO reservation (rev_id, res_id, com_id, emp_id, quantity, status, req_date, remark, updated_at) VALUES (84, 21, 5, 54, 1, 'WAI', DATE '2025-11-10', '대회의실 예약 신청', DATE '2025-11-10');
INSERT INTO reservation (rev_id, res_id, com_id, emp_id, quantity, status, req_date, remark, updated_at) VALUES (85, 28, 6, 75, 1, 'APP', DATE '2025-04-28', '노트북 예약 신청', DATE '2025-04-28');
INSERT INTO reservation (rev_id, res_id, com_id, emp_id, quantity, status, req_date, remark, updated_at) VALUES (86, 34, 7, 76, 1, 'WAI', DATE '2025-07-22', '빔프로젝터 예약 신청', DATE '2025-07-22');
INSERT INTO reservation (rev_id, res_id, com_id, emp_id, quantity, status, req_date, remark, updated_at) VALUES (87, 39, 8, 117, 1, 'APP', DATE '2025-05-11', '빔프로젝터 예약 신청', DATE '2025-05-11');
INSERT INTO reservation (rev_id, res_id, com_id, emp_id, quantity, status, req_date, remark, updated_at) VALUES (88, 42, 9, 78, 1, 'REJ', DATE '2025-03-12', '소회의실 예약 신청', DATE '2025-03-12');
INSERT INTO reservation (rev_id, res_id, com_id, emp_id, quantity, status, req_date, remark, updated_at) VALUES (89, 46, 10, 79, 1, 'WAI', DATE '2024-03-10', '대회의실 예약 신청', DATE '2024-03-10');
INSERT INTO reservation (rev_id, res_id, com_id, emp_id, quantity, status, req_date, remark, updated_at) VALUES (90, 53, 11, 60, 2, 'APP', DATE '2024-12-12', '노트북 예약 신청', DATE '2024-12-12');
INSERT INTO reservation (rev_id, res_id, com_id, emp_id, quantity, status, req_date, remark, updated_at) VALUES (91, 56, 12, 101, 1, 'WAI', DATE '2024-08-15', '대회의실 예약 신청', DATE '2024-08-15');
INSERT INTO reservation (rev_id, res_id, com_id, emp_id, quantity, status, req_date, remark, updated_at) VALUES (92, 62, 13, 82, 1, 'APP', DATE '2026-05-28', '소회의실 예약 신청', DATE '2026-05-28');
INSERT INTO reservation (rev_id, res_id, com_id, emp_id, quantity, status, req_date, remark, updated_at) VALUES (93, 66, 14, 83, 1, 'WAI', DATE '2025-03-18', '대회의실 예약 신청', DATE '2025-03-18');
INSERT INTO reservation (rev_id, res_id, com_id, emp_id, quantity, status, req_date, remark, updated_at) VALUES (94, 71, 15, 104, 1, 'APP', DATE '2024-06-23', '대회의실 예약 신청', DATE '2024-06-23');
INSERT INTO reservation (rev_id, res_id, com_id, emp_id, quantity, status, req_date, remark, updated_at) VALUES (95, 78, 16, 105, 1, 'WAI', DATE '2025-05-03', '노트북 예약 신청', DATE '2025-05-03');
INSERT INTO reservation (rev_id, res_id, com_id, emp_id, quantity, status, req_date, remark, updated_at) VALUES (96, 84, 17, 66, 2, 'APP', DATE '2024-05-14', '빔프로젝터 예약 신청', DATE '2024-05-14');
INSERT INTO reservation (rev_id, res_id, com_id, emp_id, quantity, status, req_date, remark, updated_at) VALUES (97, 89, 18, 27, 3, 'APP', DATE '2024-07-29', '빔프로젝터 예약 신청', DATE '2024-07-29');
INSERT INTO reservation (rev_id, res_id, com_id, emp_id, quantity, status, req_date, remark, updated_at) VALUES (98, 93, 19, 68, 1, 'WAI', DATE '2025-05-01', '노트북 예약 신청', DATE '2025-05-01');
INSERT INTO reservation (rev_id, res_id, com_id, emp_id, quantity, status, req_date, remark, updated_at) VALUES (99, 98, 20, 89, 1, 'APP', DATE '2025-10-04', '노트북 예약 신청', DATE '2025-10-04');
INSERT INTO reservation (rev_id, res_id, com_id, emp_id, quantity, status, req_date, remark, updated_at) VALUES (100, 4, 1, 1, 3, 'APP', DATE '2025-07-04', '빔프로젝터 예약 신청', DATE '2025-07-04');

--------------------------------------------------------------------------
-- SEQUENCE 재정렬 (이후 INSERT부터는 트리거 기반 자동채번이 이어지도록 설정)
--------------------------------------------------------------------------
ALTER SEQUENCE seq_company RESTART START WITH 101;
ALTER SEQUENCE seq_position RESTART START WITH 101;
ALTER SEQUENCE seq_department RESTART START WITH 101;
ALTER SEQUENCE seq_employee RESTART START WITH 131;
ALTER SEQUENCE seq_authority RESTART START WITH 101;
ALTER SEQUENCE seq_emp_auth RESTART START WITH 131;
ALTER SEQUENCE appr_form_seq RESTART START WITH 101;
ALTER SEQUENCE appr_doc_seq RESTART START WITH 111;
ALTER SEQUENCE appr_line_seq RESTART START WITH 221;
ALTER SEQUENCE seq_project RESTART START WITH 101;
ALTER SEQUENCE seq_project_member RESTART START WITH 313;
ALTER SEQUENCE seq_task RESTART START WITH 149;
ALTER SEQUENCE seq_notice RESTART START WITH 101;
ALTER SEQUENCE seq_com_resource RESTART START WITH 101;
ALTER SEQUENCE seq_reservation RESTART START WITH 101;

COMMIT;