-- =====================================================================
--  sb_erp_db 더미 데이터 (Dummy Data) 스크립트
-- =====================================================================
--  설계 원칙
--  1) company com_id = 1  : 이 ERP 시스템을 "제공"하는 회사 (스프링브리즈)
--     - employee emp_id 1~10 은 이 회사 소속 "시스템 관리자" 계정
--     - authority aut_name = 'ROOT' 를 부여 (emp_id 1~10 전원)
--  2) company com_id = 2,3,4 : 이 ERP 시스템을 "사용"하는 일반 고객사(테넌트)
--     - 각 회사마다 부서/직급/직원/권한(ROLE_ADMIN, ROLE_MEMBER)을 별도로 구성
--     - 각 회사별 업무 데이터(프로젝트/태스크/전자결재/공지/자원예약)를 채움
--  3) 비밀번호(emp_pass) : 전 직원 동일하게 평문 "1234" 를 BCrypt(strength 10~12)
--     로 인코딩한 값을 사용합니다. ($2b$ 포맷이지만 Spring Security의
--     BCryptPasswordEncoder.matches() 는 $2a/$2b/$2y 모두 동일하게 검증하므로
--     로그인 테스트에 바로 사용 가능합니다.)
--       HASH = $2a$10$Qci4eB7OsX3GEjYpthpquO.TFoA6ylChzZTyoEdry3K/qS5Y8piHu
--  4) resource.res_type 은 스키마상 ENUM('ROOM') 으로 정의되어 있어(원본 그대로,
--     'Room'의 오타로 보입니다) 'ROOM' 값만 허용됩니다. 더미데이터도 동일하게
--     'ROOM' 으로 넣었습니다. 추후 ENUM 값을 늘리실 때 참고하세요.
--  5) INDUST_MAP 에 정의된 (indust_code, indust_name) 쌍을 그대로 사용했습니다.
--  6) 문자셋은 utf8mb4 기준입니다. (필요 시 세션 charset 확인)
-- =====================================================================

USE `sb_erp_db`;

-- 재실행 시 기존 더미데이터를 지우고 싶다면 아래 주석을 해제하세요.
-- (자식 테이블 -> 부모 테이블 순서, FK 제약 고려)
-- SET FOREIGN_KEY_CHECKS = 0;
-- TRUNCATE TABLE `reservation`;
-- TRUNCATE TABLE `resource`;
-- TRUNCATE TABLE `notice`;
-- TRUNCATE TABLE `appr_line`;
-- TRUNCATE TABLE `appr_doc`;
-- TRUNCATE TABLE `appr_form`;
-- TRUNCATE TABLE `task`;
-- TRUNCATE TABLE `project_member`;
-- TRUNCATE TABLE `project`;
-- TRUNCATE TABLE `emp_auth`;
-- TRUNCATE TABLE `authority`;
-- TRUNCATE TABLE `employee`;
-- TRUNCATE TABLE `emp_position`;
-- TRUNCATE TABLE `department`;
-- TRUNCATE TABLE `company`;
-- SET FOREIGN_KEY_CHECKS = 1;


-- =====================================================================
-- ① company : com_id=1 은 시스템 제공사, 2~4 는 고객사(테넌트)
-- =====================================================================
INSERT INTO `company`
(`com_id`, `indust_code`, `indust_name`, `com_name`, `com_ceo`, `biz_no`, `com_tel`, `com_logo`, `created_at`, `updated_at`)
VALUES
(1, 'SI001',   'IT·SI',     '(주)스프링브리즈',     '김정수', '111-11-11111', '02-1234-5678', '/upload/logo/com1_logo.png', '2022-01-02 09:00:00', '2022-01-02 09:00:00'),
(2, 'ECOM001', '이커머스',   '(주)테크노바커머스',   '이수민', '222-22-22222', '02-2345-6789', '/upload/logo/com2_logo.png', '2023-03-15 09:00:00', '2023-03-15 09:00:00'),
(3, 'DIST001', '물류',       '한빛물류(주)',         '최강호', '333-33-33333', '031-345-6789', '/upload/logo/com3_logo.png', '2023-05-20 09:00:00', '2023-05-20 09:00:00'),
(4, 'FIN001',  '금융·카드',  '대한카드(주)',         '정다은', '444-44-44444', '02-456-7890',  '/upload/logo/com4_logo.png', '2023-07-10 09:00:00', '2023-07-10 09:00:00');


-- =====================================================================
-- ② department (emp_id 는 employee 생성 후 UPDATE 로 채움)
-- =====================================================================
INSERT INTO `department`
(`dept_id`, `com_id`, `parent_id`, `dept_name`, `dept_code`, `depth`, `sort_order`, `emp_id`, `created_at`, `updated_at`)
VALUES
-- 회사1 : 스프링브리즈 (시스템 제공사)
(1,  1, NULL, '본사',        'HQ',    0, 1, NULL, '2022-01-02 09:00:00', '2022-01-02 09:00:00'),
(2,  1, 1,    '시스템운영팀', 'SYSOP', 1, 1, NULL, '2022-01-05 09:00:00', '2022-01-05 09:00:00'),
(3,  1, 1,    '고객지원팀',   'CS',    1, 2, NULL, '2022-01-05 09:00:00', '2022-01-05 09:00:00'),
-- 회사2 : 테크노바커머스
(4,  2, NULL, '본사',        'HQ',     0, 1, NULL, '2023-03-15 09:00:00', '2023-03-15 09:00:00'),
(5,  2, 4,    '경영지원팀',   'MGSP',   1, 1, NULL, '2023-03-16 09:00:00', '2023-03-16 09:00:00'),
(6,  2, 4,    '개발팀',       'DEV',    1, 2, NULL, '2023-03-16 09:00:00', '2023-03-16 09:00:00'),
(7,  2, 4,    '영업팀',       'SALES',  1, 3, NULL, '2023-03-16 09:00:00', '2023-03-16 09:00:00'),
-- 회사3 : 한빛물류
(8,  3, NULL, '본사',        'HQ',     0, 1, NULL, '2023-05-20 09:00:00', '2023-05-20 09:00:00'),
(9,  3, 8,    '운영팀',       'OPS',    1, 1, NULL, '2023-05-22 09:00:00', '2023-05-22 09:00:00'),
(10, 3, 8,    '영업팀',       'SALES',  1, 2, NULL, '2023-05-22 09:00:00', '2023-05-22 09:00:00'),
(11, 3, 8,    '인사팀',       'HR',     1, 3, NULL, '2023-05-22 09:00:00', '2023-05-22 09:00:00'),
-- 회사4 : 대한카드
(12, 4, NULL, '본사',         'HQ',    0, 1, NULL, '2023-07-10 09:00:00', '2023-07-10 09:00:00'),
(13, 4, 12,   '마케팅팀',     'MKT',   1, 1, NULL, '2023-07-12 09:00:00', '2023-07-12 09:00:00'),
(14, 4, 12,   '리스크관리팀', 'RISK',  1, 2, NULL, '2023-07-12 09:00:00', '2023-07-12 09:00:00'),
(15, 4, 12,   'IT팀',         'IT',    1, 3, NULL, '2023-07-12 09:00:00', '2023-07-12 09:00:00');


-- =====================================================================
-- ③ emp_position (회사별 직급)
-- =====================================================================
INSERT INTO `emp_position`
(`pos_id`, `com_id`, `pos_code`, `pos_name`, `pos_order`)
VALUES
-- 회사1
(1, 1, 'CEO',     '대표', 1),
(2, 1, 'MANAGER', '팀장', 2),
(3, 1, 'STAFF',   '사원', 3),
-- 회사2
(4, 2, 'CEO',  '대표', 1),
(5, 2, 'GM',   '부장', 2),
(6, 2, 'DM',   '과장', 3),
(7, 2, 'STAFF','사원', 4),
-- 회사3
(8,  3, 'CEO',  '대표', 1),
(9,  3, 'GM',   '부장', 2),
(10, 3, 'DM',   '과장', 3),
(11, 3, 'STAFF','사원', 4),
-- 회사4
(12, 4, 'CEO',  '대표', 1),
(13, 4, 'GM',   '부장', 2),
(14, 4, 'DM',   '과장', 3),
(15, 4, 'STAFF','사원', 4);


-- =====================================================================
-- ④ employee
--    emp_id 1~10  : company 1(스프링브리즈) 소속 "시스템 관리자" 계정
--    emp_id 11~40 : 고객사(2~4) 일반 직원
--    emp_pass     : 전원 BCrypt('1234')
-- =====================================================================
INSERT INTO `employee`
(`emp_id`, `com_id`, `pos_id`, `dept_id`, `emp_no`, `emp_name`, `emp_pass`, `emp_email`, `emp_mobile`, `emp_status`, `hire_date`, `created_at`, `updated_at`)
VALUES
-- ---------- 회사1 : 스프링브리즈 (시스템 관리자 emp_id 1~10) ----------
(1,  1, 1, 1, 'SB-0001', '김정수', '$2a$10$Qci4eB7OsX3GEjYpthpquO.TFoA6ylChzZTyoEdry3K/qS5Y8piHu', 'kim.js@springbreeze.co.kr',  '010-1000-0001', '재직', '2022-01-03', '2022-01-03 09:00:00', '2022-01-03 09:00:00'),
(2,  1, 2, 2, 'SB-0002', '박민준', '$2a$10$Qci4eB7OsX3GEjYpthpquO.TFoA6ylChzZTyoEdry3K/qS5Y8piHu', 'park.mj@springbreeze.co.kr', '010-1000-0002', '재직', '2022-02-01', '2022-02-01 09:00:00', '2022-02-01 09:00:00'),
(3,  1, 3, 2, 'SB-0003', '이서연', '$2a$10$Qci4eB7OsX3GEjYpthpquO.TFoA6ylChzZTyoEdry3K/qS5Y8piHu', 'lee.sy@springbreeze.co.kr',  '010-1000-0003', '재직', '2022-03-01', '2022-03-01 09:00:00', '2022-03-01 09:00:00'),
(4,  1, 3, 2, 'SB-0004', '정우진', '$2a$10$Qci4eB7OsX3GEjYpthpquO.TFoA6ylChzZTyoEdry3K/qS5Y8piHu', 'jung.wj@springbreeze.co.kr', '010-1000-0004', '재직', '2022-04-01', '2022-04-01 09:00:00', '2022-04-01 09:00:00'),
(5,  1, 3, 2, 'SB-0005', '한지민', '$2a$10$Qci4eB7OsX3GEjYpthpquO.TFoA6ylChzZTyoEdry3K/qS5Y8piHu', 'han.jm@springbreeze.co.kr',  '010-1000-0005', '재직', '2022-05-01', '2022-05-01 09:00:00', '2022-05-01 09:00:00'),
(6,  1, 2, 3, 'SB-0006', '윤서아', '$2a$10$Qci4eB7OsX3GEjYpthpquO.TFoA6ylChzZTyoEdry3K/qS5Y8piHu', 'yoon.sa@springbreeze.co.kr', '010-1000-0006', '재직', '2022-02-15', '2022-02-15 09:00:00', '2022-02-15 09:00:00'),
(7,  1, 3, 3, 'SB-0007', '강민서', '$2a$10$Qci4eB7OsX3GEjYpthpquO.TFoA6ylChzZTyoEdry3K/qS5Y8piHu', 'kang.ms@springbreeze.co.kr', '010-1000-0007', '재직', '2022-06-01', '2022-06-01 09:00:00', '2022-06-01 09:00:00'),
(8,  1, 3, 3, 'SB-0008', '오태양', '$2a$10$Qci4eB7OsX3GEjYpthpquO.TFoA6ylChzZTyoEdry3K/qS5Y8piHu', 'oh.ty@springbreeze.co.kr',   '010-1000-0008', '재직', '2022-07-01', '2022-07-01 09:00:00', '2022-07-01 09:00:00'),
(9,  1, 3, 3, 'SB-0009', '신유나', '$2a$10$Qci4eB7OsX3GEjYpthpquO.TFoA6ylChzZTyoEdry3K/qS5Y8piHu', 'shin.yn@springbreeze.co.kr', '010-1000-0009', '휴직', '2022-08-01', '2022-08-01 09:00:00', '2022-08-01 09:00:00'),
(10, 1, 3, 2, 'SB-0010', '임도현', '$2a$10$Qci4eB7OsX3GEjYpthpquO.TFoA6ylChzZTyoEdry3K/qS5Y8piHu', 'lim.dh@springbreeze.co.kr',  '010-1000-0010', '재직', '2022-09-01', '2022-09-01 09:00:00', '2022-09-01 09:00:00'),

-- ---------- 회사2 : 테크노바커머스 (emp_id 11~20) ----------
(11, 2, 4, 4, 'TN-0001', '이수민', '$2a$10$Qci4eB7OsX3GEjYpthpquO.TFoA6ylChzZTyoEdry3K/qS5Y8piHu', 'lee.sm@technovacommerce.co.kr',  '010-2000-0011', '재직', '2023-03-15', '2023-03-15 09:00:00', '2023-03-15 09:00:00'),
(12, 2, 5, 5, 'TN-0002', '김도윤', '$2a$10$Qci4eB7OsX3GEjYpthpquO.TFoA6ylChzZTyoEdry3K/qS5Y8piHu', 'kim.dy@technovacommerce.co.kr',  '010-2000-0012', '재직', '2023-03-20', '2023-03-20 09:00:00', '2023-03-20 09:00:00'),
(13, 2, 7, 5, 'TN-0003', '서지우', '$2a$10$Qci4eB7OsX3GEjYpthpquO.TFoA6ylChzZTyoEdry3K/qS5Y8piHu', 'seo.jw@technovacommerce.co.kr',  '010-2000-0013', '재직', '2023-04-10', '2023-04-10 09:00:00', '2023-04-10 09:00:00'),
(14, 2, 5, 6, 'TN-0004', '황민재', '$2a$10$Qci4eB7OsX3GEjYpthpquO.TFoA6ylChzZTyoEdry3K/qS5Y8piHu', 'hwang.mj@technovacommerce.co.kr','010-2000-0014', '재직', '2023-03-20', '2023-03-20 09:00:00', '2023-03-20 09:00:00'),
(15, 2, 6, 6, 'TN-0005', '송하은', '$2a$10$Qci4eB7OsX3GEjYpthpquO.TFoA6ylChzZTyoEdry3K/qS5Y8piHu', 'song.he@technovacommerce.co.kr', '010-2000-0015', '재직', '2023-05-02', '2023-05-02 09:00:00', '2023-05-02 09:00:00'),
(16, 2, 7, 6, 'TN-0006', '권나윤', '$2a$10$Qci4eB7OsX3GEjYpthpquO.TFoA6ylChzZTyoEdry3K/qS5Y8piHu', 'kwon.ny@technovacommerce.co.kr', '010-2000-0016', '재직', '2023-06-15', '2023-06-15 09:00:00', '2023-06-15 09:00:00'),
(17, 2, 7, 6, 'TN-0007', '배준호', '$2a$10$Qci4eB7OsX3GEjYpthpquO.TFoA6ylChzZTyoEdry3K/qS5Y8piHu', 'bae.jh@technovacommerce.co.kr',  '010-2000-0017', '휴직', '2023-07-01', '2023-07-01 09:00:00', '2023-07-01 09:00:00'),
(18, 2, 5, 7, 'TN-0008', '노은서', '$2a$10$Qci4eB7OsX3GEjYpthpquO.TFoA6ylChzZTyoEdry3K/qS5Y8piHu', 'no.es@technovacommerce.co.kr',   '010-2000-0018', '재직', '2023-03-25', '2023-03-25 09:00:00', '2023-03-25 09:00:00'),
(19, 2, 6, 7, 'TN-0009', '홍태민', '$2a$10$Qci4eB7OsX3GEjYpthpquO.TFoA6ylChzZTyoEdry3K/qS5Y8piHu', 'hong.tm@technovacommerce.co.kr', '010-2000-0019', '재직', '2023-05-10', '2023-05-10 09:00:00', '2023-05-10 09:00:00'),
(20, 2, 7, 7, 'TN-0010', '장하린', '$2a$10$Qci4eB7OsX3GEjYpthpquO.TFoA6ylChzZTyoEdry3K/qS5Y8piHu', 'jang.hr@technovacommerce.co.kr', '010-2000-0020', '퇴직', '2023-08-01', '2023-08-01 09:00:00', '2024-03-01 09:00:00'),

-- ---------- 회사3 : 한빛물류 (emp_id 21~30) ----------
(21, 3, 8,  8,  'HB-0001', '최강호', '$2a$10$Qci4eB7OsX3GEjYpthpquO.TFoA6ylChzZTyoEdry3K/qS5Y8piHu', 'choi.kh@hanbitlogis.co.kr', '010-3000-0021', '재직', '2023-05-20', '2023-05-20 09:00:00', '2023-05-20 09:00:00'),
(22, 3, 9,  9,  'HB-0002', '김태형', '$2a$10$Qci4eB7OsX3GEjYpthpquO.TFoA6ylChzZTyoEdry3K/qS5Y8piHu', 'kim.th@hanbitlogis.co.kr',  '010-3000-0022', '재직', '2023-05-25', '2023-05-25 09:00:00', '2023-05-25 09:00:00'),
(23, 3, 10, 9,  'HB-0003', '이하은', '$2a$10$Qci4eB7OsX3GEjYpthpquO.TFoA6ylChzZTyoEdry3K/qS5Y8piHu', 'lee.he@hanbitlogis.co.kr',  '010-3000-0023', '재직', '2023-06-15', '2023-06-15 09:00:00', '2023-06-15 09:00:00'),
(24, 3, 11, 9,  'HB-0004', '박서준', '$2a$10$Qci4eB7OsX3GEjYpthpquO.TFoA6ylChzZTyoEdry3K/qS5Y8piHu', 'park.sj@hanbitlogis.co.kr', '010-3000-0024', '재직', '2023-07-10', '2023-07-10 09:00:00', '2023-07-10 09:00:00'),
(25, 3, 11, 9,  'HB-0005', '정민아', '$2a$10$Qci4eB7OsX3GEjYpthpquO.TFoA6ylChzZTyoEdry3K/qS5Y8piHu', 'jung.ma@hanbitlogis.co.kr', '010-3000-0025', '재직', '2023-08-01', '2023-08-01 09:00:00', '2023-08-01 09:00:00'),
(26, 3, 9,  10, 'HB-0006', '윤도현', '$2a$10$Qci4eB7OsX3GEjYpthpquO.TFoA6ylChzZTyoEdry3K/qS5Y8piHu', 'yoon.dh@hanbitlogis.co.kr', '010-3000-0026', '재직', '2023-05-25', '2023-05-25 09:00:00', '2023-05-25 09:00:00'),
(27, 3, 11, 10, 'HB-0007', '김라온', '$2a$10$Qci4eB7OsX3GEjYpthpquO.TFoA6ylChzZTyoEdry3K/qS5Y8piHu', 'kim.ro@hanbitlogis.co.kr',  '010-3000-0027', '재직', '2023-09-01', '2023-09-01 09:00:00', '2023-09-01 09:00:00'),
(28, 3, 9,  11, 'HB-0008', '서연우', '$2a$10$Qci4eB7OsX3GEjYpthpquO.TFoA6ylChzZTyoEdry3K/qS5Y8piHu', 'seo.yw@hanbitlogis.co.kr',  '010-3000-0028', '재직', '2023-05-25', '2023-05-25 09:00:00', '2023-05-25 09:00:00'),
(29, 3, 11, 11, 'HB-0009', '임소율', '$2a$10$Qci4eB7OsX3GEjYpthpquO.TFoA6ylChzZTyoEdry3K/qS5Y8piHu', 'lim.sy@hanbitlogis.co.kr',  '010-3000-0029', '재직', '2023-09-15', '2023-09-15 09:00:00', '2023-09-15 09:00:00'),
(30, 3, 11, 9,  'HB-0010', '한유준', '$2a$10$Qci4eB7OsX3GEjYpthpquO.TFoA6ylChzZTyoEdry3K/qS5Y8piHu', 'han.yj@hanbitlogis.co.kr',  '010-3000-0030', '재직', '2023-10-01', '2023-10-01 09:00:00', '2023-10-01 09:00:00'),

-- ---------- 회사4 : 대한카드 (emp_id 31~40) ----------
(31, 4, 12, 12, 'DK-0001', '정다은', '$2a$10$Qci4eB7OsX3GEjYpthpquO.TFoA6ylChzZTyoEdry3K/qS5Y8piHu', 'jung.de@daehancard.co.kr', '010-4000-0031', '재직', '2023-07-10', '2023-07-10 09:00:00', '2023-07-10 09:00:00'),
(32, 4, 13, 13, 'DK-0002', '강지호', '$2a$10$Qci4eB7OsX3GEjYpthpquO.TFoA6ylChzZTyoEdry3K/qS5Y8piHu', 'kang.jh@daehancard.co.kr', '010-4000-0032', '재직', '2023-07-15', '2023-07-15 09:00:00', '2023-07-15 09:00:00'),
(33, 4, 15, 13, 'DK-0003', '오수아', '$2a$10$Qci4eB7OsX3GEjYpthpquO.TFoA6ylChzZTyoEdry3K/qS5Y8piHu', 'oh.sa@daehancard.co.kr',   '010-4000-0033', '재직', '2023-08-20', '2023-08-20 09:00:00', '2023-08-20 09:00:00'),
(34, 4, 15, 13, 'DK-0004', '문재윤', '$2a$10$Qci4eB7OsX3GEjYpthpquO.TFoA6ylChzZTyoEdry3K/qS5Y8piHu', 'moon.jy@daehancard.co.kr', '010-4000-0034', '재직', '2023-09-01', '2023-09-01 09:00:00', '2023-09-01 09:00:00'),
(35, 4, 13, 14, 'DK-0005', '신예은', '$2a$10$Qci4eB7OsX3GEjYpthpquO.TFoA6ylChzZTyoEdry3K/qS5Y8piHu', 'shin.ye@daehancard.co.kr', '010-4000-0035', '재직', '2023-07-15', '2023-07-15 09:00:00', '2023-07-15 09:00:00'),
(36, 4, 14, 14, 'DK-0006', '류승민', '$2a$10$Qci4eB7OsX3GEjYpthpquO.TFoA6ylChzZTyoEdry3K/qS5Y8piHu', 'ryu.sm@daehancard.co.kr',  '010-4000-0036', '재직', '2023-08-05', '2023-08-05 09:00:00', '2023-08-05 09:00:00'),
(37, 4, 15, 14, 'DK-0007', '백하늘', '$2a$10$Qci4eB7OsX3GEjYpthpquO.TFoA6ylChzZTyoEdry3K/qS5Y8piHu', 'baek.hn@daehancard.co.kr', '010-4000-0037', '재직', '2023-09-10', '2023-09-10 09:00:00', '2023-09-10 09:00:00'),
(38, 4, 13, 15, 'DK-0008', '조은채', '$2a$10$Qci4eB7OsX3GEjYpthpquO.TFoA6ylChzZTyoEdry3K/qS5Y8piHu', 'jo.ec@daehancard.co.kr',   '010-4000-0038', '재직', '2023-07-15', '2023-07-15 09:00:00', '2023-07-15 09:00:00'),
(39, 4, 14, 15, 'DK-0009', '남도윤', '$2a$10$Qci4eB7OsX3GEjYpthpquO.TFoA6ylChzZTyoEdry3K/qS5Y8piHu', 'nam.dy@daehancard.co.kr',  '010-4000-0039', '재직', '2023-08-10', '2023-08-10 09:00:00', '2023-08-10 09:00:00'),
(40, 4, 15, 15, 'DK-0010', '유시아', '$2a$10$Qci4eB7OsX3GEjYpthpquO.TFoA6ylChzZTyoEdry3K/qS5Y8piHu', 'yoo.sa@daehancard.co.kr',  '010-4000-0040', '재직', '2023-09-20', '2023-09-20 09:00:00', '2023-09-20 09:00:00');


-- =====================================================================
-- ④-1 department.emp_id (부서장) 채우기
-- =====================================================================
UPDATE `department` SET `emp_id` = 1  WHERE `dept_id` = 1;
UPDATE `department` SET `emp_id` = 2  WHERE `dept_id` = 2;
UPDATE `department` SET `emp_id` = 6  WHERE `dept_id` = 3;
UPDATE `department` SET `emp_id` = 11 WHERE `dept_id` = 4;
UPDATE `department` SET `emp_id` = 12 WHERE `dept_id` = 5;
UPDATE `department` SET `emp_id` = 14 WHERE `dept_id` = 6;
UPDATE `department` SET `emp_id` = 18 WHERE `dept_id` = 7;
UPDATE `department` SET `emp_id` = 21 WHERE `dept_id` = 8;
UPDATE `department` SET `emp_id` = 22 WHERE `dept_id` = 9;
UPDATE `department` SET `emp_id` = 26 WHERE `dept_id` = 10;
UPDATE `department` SET `emp_id` = 28 WHERE `dept_id` = 11;
UPDATE `department` SET `emp_id` = 31 WHERE `dept_id` = 12;
UPDATE `department` SET `emp_id` = 32 WHERE `dept_id` = 13;
UPDATE `department` SET `emp_id` = 35 WHERE `dept_id` = 14;
UPDATE `department` SET `emp_id` = 38 WHERE `dept_id` = 15;


-- =====================================================================
-- ⑤ authority : 회사1 = ROOT(시스템 최고관리자), 회사2~4 = ROLE_ADMIN/ROLE_MEMBER
-- =====================================================================
INSERT INTO `authority`
(`aut_id`, `com_id`, `aut_name`)
VALUES
(1, 1, 'ROOT'),        -- 시스템 제공사(스프링브리즈) 전용 최고권한
(2, 2, 'ROLE_ADMIN'),
(3, 2, 'ROLE_MEMBER'),
(4, 3, 'ROLE_ADMIN'),
(5, 3, 'ROLE_MEMBER'),
(6, 4, 'ROLE_ADMIN'),
(7, 4, 'ROLE_MEMBER');


-- =====================================================================
-- ⑥ emp_auth : 직원 ↔ 권한 매핑
--    emp_id 1~10 (스프링브리즈) -> ROOT(aut_id=1) 전원 부여
-- =====================================================================
INSERT INTO `emp_auth`
(`emp_aut_id`, `emp_id`, `aut_id`)
VALUES
(1,  1,  1), (2,  2,  1), (3,  3,  1), (4,  4,  1), (5,  5,  1),
(6,  6,  1), (7,  7,  1), (8,  8,  1), (9,  9,  1), (10, 10, 1),
-- 회사2 : 대표/부장급 -> ROLE_ADMIN(2), 그 외 -> ROLE_MEMBER(3)
(11, 11, 2), (12, 12, 2), (13, 13, 3), (14, 14, 2), (15, 15, 3),
(16, 16, 3), (17, 17, 3), (18, 18, 2), (19, 19, 3), (20, 20, 3),
-- 회사3 : 대표/부장급 -> ROLE_ADMIN(4), 그 외 -> ROLE_MEMBER(5)
(21, 21, 4), (22, 22, 4), (23, 23, 5), (24, 24, 5), (25, 25, 5),
(26, 26, 4), (27, 27, 5), (28, 28, 4), (29, 29, 5), (30, 30, 5),
-- 회사4 : 대표/부장급 -> ROLE_ADMIN(6), 그 외 -> ROLE_MEMBER(7)
(31, 31, 6), (32, 32, 6), (33, 33, 7), (34, 34, 7), (35, 35, 6),
(36, 36, 7), (37, 37, 7), (38, 38, 6), (39, 39, 7), (40, 40, 7);


-- =====================================================================
-- ⑦ project
-- =====================================================================
INSERT INTO `project`
(`pro_id`, `emp_id`, `com_id`, `pro_name`, `pro_desc`, `pro_status`, `start_date`, `end_date`, `created_at`, `updated_at`)
VALUES
(1, 2,  1, 'ERP 시스템 고도화',         '버전2 기능 개선',          'DOING', '2024-01-02 09:00:00', '2024-12-31 18:00:00', '2024-01-02 09:00:00', '2024-01-02 09:00:00'),
(2, 14, 2, '쇼핑몰 리뉴얼 프로젝트',     '프론트엔드 UI 개편',       'DOING', '2024-02-01 09:00:00', '2024-08-31 18:00:00', '2024-02-01 09:00:00', '2024-02-01 09:00:00'),
(3, 18, 2, '여름 프로모션 시스템 구축', '프로모션 페이지/이벤트',   'DONE',   '2023-12-01 09:00:00', '2024-01-31 18:00:00', '2023-12-01 09:00:00', '2024-01-31 18:00:00'),
(4, 22, 3, '창고관리시스템(WMS) 도입',  '물류센터 운영효율화',      'DOING', '2024-03-01 09:00:00', '2024-09-30 18:00:00', '2024-03-01 09:00:00', '2024-03-01 09:00:00'),
(5, 26, 3, '거래처 포털 구축',          '거래처 주문조회 시스템',   'TODO',   '2024-06-01 09:00:00', '2024-12-31 18:00:00', '2024-06-01 09:00:00', '2024-06-01 09:00:00'),
(6, 38, 4, '카드 부정사용탐지 고도화',  'FDS 알고리즘 개선',        'DOING', '2024-01-15 09:00:00', '2024-07-15 18:00:00', '2024-01-15 09:00:00', '2024-01-15 09:00:00'),
(7, 32, 4, '리워드 멤버십 개편',        '신규 적립 정책 적용',      'DONE',   '2023-09-01 09:00:00', '2023-12-31 18:00:00', '2023-09-01 09:00:00', '2023-12-31 18:00:00');


-- =====================================================================
-- ⑧ project_member
-- =====================================================================
INSERT INTO `project_member`
(`pm_id`, `project_pro_id`, `emp_id`, `role`, `joined_at`)
VALUES
-- project 1 (스프링브리즈 ERP 고도화)
(1,  1, 2,  'PM',  '2024-01-02 09:00:00'),
(2,  1, 3,  '팀원', '2024-01-02 09:00:00'),
(3,  1, 4,  '팀원', '2024-01-02 09:00:00'),
(4,  1, 10, '팀원', '2024-01-05 09:00:00'),
-- project 2 (테크노바 쇼핑몰 리뉴얼)
(5,  2, 14, 'PM',  '2024-02-01 09:00:00'),
(6,  2, 15, '팀원', '2024-02-01 09:00:00'),
(7,  2, 16, '팀원', '2024-02-01 09:00:00'),
(8,  2, 17, '팀원', '2024-02-05 09:00:00'),
-- project 3 (테크노바 여름 프로모션)
(9,  3, 18, 'PM',  '2023-12-01 09:00:00'),
(10, 3, 19, '팀원', '2023-12-01 09:00:00'),
(11, 3, 20, '팀원', '2023-12-01 09:00:00'),
-- project 4 (한빛물류 WMS 도입)
(12, 4, 22, 'PM',  '2024-03-01 09:00:00'),
(13, 4, 23, '팀원', '2024-03-01 09:00:00'),
(14, 4, 24, '팀원', '2024-03-01 09:00:00'),
(15, 4, 25, '팀원', '2024-03-05 09:00:00'),
-- project 5 (한빛물류 거래처 포털)
(16, 5, 26, 'PM',  '2024-06-01 09:00:00'),
(17, 5, 27, '팀원', '2024-06-01 09:00:00'),
-- project 6 (대한카드 FDS 고도화)
(18, 6, 38, 'PM',  '2024-01-15 09:00:00'),
(19, 6, 39, '팀원', '2024-01-15 09:00:00'),
(20, 6, 40, '팀원', '2024-01-20 09:00:00'),
-- project 7 (대한카드 리워드 멤버십 개편)
(21, 7, 32, 'PM',  '2023-09-01 09:00:00'),
(22, 7, 33, '팀원', '2023-09-01 09:00:00'),
(23, 7, 34, '팀원', '2023-09-05 09:00:00');


-- =====================================================================
-- ⑨ task (pm_id_name 은 담당 project_member 의 직원명을 그대로 보관)
-- =====================================================================
INSERT INTO `task`
(`task_id`, `pro_id`, `pm_id`, `com_id`, `task_name`, `task_desc`, `task_status`, `pm_id_name`, `task_start_date`, `task_end_date`, `task_created_at`, `task_updated_at`)
VALUES
(1,  1, 2,  1, '결재 모듈 리팩토링',        'appr 모듈 성능개선',   'DOING', '이서연', '2024-01-10 09:00:00', '2024-03-31 18:00:00', '2024-01-10 09:00:00', '2024-01-10 09:00:00'),
(2,  1, 3,  1, 'DB 인덱스 최적화',          '조회 성능 튜닝',       'DONE',   '정우진', '2024-01-15 09:00:00', '2024-02-28 18:00:00', '2024-01-15 09:00:00', '2024-02-28 18:00:00'),
(3,  2, 6,  2, '메인페이지 UI 개편',        '반응형 레이아웃 적용', 'DOING', '송하은', '2024-02-05 09:00:00', '2024-04-30 18:00:00', '2024-02-05 09:00:00', '2024-02-05 09:00:00'),
(4,  2, 7,  2, '상품 검색 API 개선',        '검색 정확도 향상',     'TODO',   '권나윤', '2024-04-01 09:00:00', '2024-06-30 18:00:00', '2024-04-01 09:00:00', '2024-04-01 09:00:00'),
(5,  3, 10, 2, '프로모션 배너 기획',        '여름 세일 배너 제작',  'DONE',   '홍태민', '2023-12-05 09:00:00', '2023-12-20 18:00:00', '2023-12-05 09:00:00', '2023-12-20 18:00:00'),
(6,  3, 11, 2, '프로모션 결과 분석',        '매출 데이터 분석',     'DONE',   '장하린', '2024-01-05 09:00:00', '2024-01-20 18:00:00', '2024-01-05 09:00:00', '2024-01-20 18:00:00'),
(7,  4, 13, 3, 'WMS 요구사항 분석',         '현장 운영 인터뷰',     'DONE',   '이하은', '2024-03-05 09:00:00', '2024-03-31 18:00:00', '2024-03-05 09:00:00', '2024-03-31 18:00:00'),
(8,  4, 14, 3, '바코드 스캐너 연동',        '입출고 스캔 테스트',   'DOING', '박서준', '2024-04-01 09:00:00', '2024-07-31 18:00:00', '2024-04-01 09:00:00', '2024-04-01 09:00:00'),
(9,  5, 17, 3, '거래처 포털 화면설계',      'UI/UX 와이어프레임',   'DOING', '김라온', '2024-06-05 09:00:00', '2024-08-31 18:00:00', '2024-06-05 09:00:00', '2024-06-05 09:00:00'),
(10, 6, 19, 4, '이상거래 룰셋 개선',        'FDS 룰 엔진 수정',     'DOING', '남도윤', '2024-01-20 09:00:00', '2024-05-31 18:00:00', '2024-01-20 09:00:00', '2024-01-20 09:00:00'),
(11, 6, 20, 4, '실시간 모니터링 대시보드',  '관제 화면 구축',       'TODO',   '유시아', '2024-05-01 09:00:00', '2024-07-15 18:00:00', '2024-05-01 09:00:00', '2024-05-01 09:00:00'),
(12, 7, 22, 4, '리워드 정책 기획',          '신규 적립률 설계',     'DONE',   '오수아', '2023-09-05 09:00:00', '2023-10-15 18:00:00', '2023-09-05 09:00:00', '2023-10-15 18:00:00'),
(13, 7, 23, 4, '멤버십 등급 안내 콘텐츠',   '고객 공지 콘텐츠 제작', 'DONE',   '문재윤', '2023-10-16 09:00:00', '2023-11-30 18:00:00', '2023-10-16 09:00:00', '2023-11-30 18:00:00'),
(14, 5, 16, 3, '거래처 계약 검토',          '기존 계약서 검토',     'TODO',   '윤도현', '2024-07-01 09:00:00', '2024-08-15 18:00:00', '2024-07-01 09:00:00', '2024-07-01 09:00:00');


-- =====================================================================
-- ⑩ appr_form (전자결재 양식) - `for_status` 컬럼명은 스키마 원본 그대로
-- =====================================================================
INSERT INTO `appr_form`
(`for_id`, `com_id`, `for_code`, `for_title`, `for_content`, `for_status`, `for_created`, `for_updated`)
VALUES
(1, 1, 'LEAVE-01', '휴가신청서',   '직원의 휴가 신청을 위한 결재 양식입니다.',           1, '2022-01-10 09:00:00', '2022-01-10 09:00:00'),
(2, 1, 'EXP-01',   '지출결의서',   '업무 관련 지출에 대한 결재 양식입니다.',             1, '2022-01-10 09:00:00', '2022-01-10 09:00:00'),
(3, 2, 'LEAVE-01', '휴가신청서',   '직원의 휴가 신청을 위한 결재 양식입니다.',           1, '2023-03-20 09:00:00', '2023-03-20 09:00:00'),
(4, 2, 'EXP-01',   '지출결의서',   '업무 관련 지출에 대한 결재 양식입니다.',             1, '2023-03-20 09:00:00', '2023-03-20 09:00:00'),
(5, 3, 'LEAVE-01', '휴가신청서',   '직원의 휴가 신청을 위한 결재 양식입니다.',           1, '2023-05-25 09:00:00', '2023-05-25 09:00:00'),
(6, 3, 'BIZ-01',   '출장신청서',   '거래처 방문 등 출장 신청을 위한 결재 양식입니다.',   1, '2023-05-25 09:00:00', '2023-05-25 09:00:00'),
(7, 4, 'LEAVE-01', '휴가신청서',   '직원의 휴가 신청을 위한 결재 양식입니다.',           1, '2023-07-15 09:00:00', '2023-07-15 09:00:00'),
(8, 4, 'EXP-01',   '지출결의서',   '업무 관련 지출에 대한 결재 양식입니다.',             1, '2023-07-15 09:00:00', '2023-07-15 09:00:00');


-- =====================================================================
-- ⑪ appr_doc (결재 문서) - doc_status : WAI(TODO)/APP(승인)/REJ(반려)
-- =====================================================================
INSERT INTO `appr_doc`
(`doc_id`, `emp_id`, `for_id`, `com_id`, `doc_title`, `doc_content`, `doc_status`, `doc_created`, `doc_updated`)
VALUES
(1, 3,  1, 1, '연차 휴가 신청(이서연)',           '개인 사정으로 인한 연차 사용을 신청합니다. (1일)',       'WAI', '2024-05-01 10:00:00', '2024-05-01 10:00:00'),
(2, 7,  1, 1, '연차 휴가 신청(강민서)',           '가족 행사로 인한 연차 사용을 신청합니다. (2일)',         'APP', '2024-04-10 09:30:00', '2024-04-11 10:00:00'),
(3, 13, 3, 2, '연차 휴가 신청(서지우)',           '개인 사정으로 인한 연차 사용을 신청합니다. (1일)',       'APP', '2024-06-02 09:00:00', '2024-06-02 15:00:00'),
(4, 16, 4, 2, '교육비 지출결의(권나윤)',          '직무 교육 수강료 지출 결의를 요청합니다.',               'WAI', '2024-06-10 11:00:00', '2024-06-10 11:00:00'),
(5, 24, 5, 3, '연차 휴가 신청(박서준)',           '개인 사정으로 인한 연차 사용을 신청합니다. (1일)',       'APP', '2024-07-02 09:00:00', '2024-07-02 16:00:00'),
(6, 22, 6, 3, '거래처 방문 출장신청(김태형)',     '신규 거래처 미팅을 위한 출장을 신청합니다.',             'WAI', '2024-07-20 09:00:00', '2024-07-20 09:00:00'),
(7, 33, 7, 4, '연차 휴가 신청(오수아)',           '개인 사정으로 인한 연차 사용을 신청합니다. (1일)',       'REJ', '2024-08-01 09:00:00', '2024-08-02 11:00:00'),
(8, 38, 8, 4, '서버 장비 구매 지출결의(조은채)',  'FDS 서버 증설을 위한 장비 구매 결의를 요청합니다.',      'APP', '2024-02-05 09:00:00', '2024-02-10 10:00:00');


-- =====================================================================
-- ⑫ appr_line (결재선) - lin_id 는 AUTO_INCREMENT 가 아니므로 직접 지정
-- =====================================================================
INSERT INTO `appr_line`
(`lin_id`, `doc_id`, `emp_id`, `lin_order`, `lin_status`, `lin_approved`)
VALUES
(1,  1, 2,  1, 'APP', '2024-05-02 09:30:00'),
(2,  1, 1,  2, 'WAI', NULL),
(3,  2, 6,  1, 'APP', '2024-04-10 14:00:00'),
(4,  2, 1,  2, 'APP', '2024-04-11 10:00:00'),
(5,  3, 12, 1, 'APP', '2024-06-02 09:00:00'),
(6,  3, 11, 2, 'APP', '2024-06-02 15:00:00'),
(7,  4, 14, 1, 'WAI', NULL),
(8,  5, 22, 1, 'APP', '2024-07-02 09:00:00'),
(9,  5, 21, 2, 'APP', '2024-07-02 16:00:00'),
(10, 6, 21, 1, 'WAI', NULL),
(11, 7, 32, 1, 'REJ', '2024-08-02 11:00:00'),
(12, 8, 31, 1, 'APP', '2024-02-10 10:00:00');


-- =====================================================================
-- ⑬ notice (공지사항)
-- =====================================================================
INSERT INTO `notice`
(`bno`, `emp_id`, `com_id`, `btitle`, `bcontent`, `bhit`, `bfile`, `created_at`, `updated_at`)
VALUES
(1, 1,  1, '시스템 정기점검 안내 (매월 1주차 일요일)',  '서비스 안정화를 위해 매월 첫째 주 일요일 02:00~04:00 정기점검을 실시합니다. 점검 시간 동안 서비스 접속이 제한됩니다.', 128, NULL, '2024-04-25 09:00:00', '2024-04-25 09:00:00'),
(2, 6,  1, 'ERP 신규 기능 업데이트 안내',               '전자결재 모듈에 첨부파일 기능이 추가되었습니다. 자세한 사용 방법은 매뉴얼을 참고해주세요.',                                 64,  NULL, '2024-05-02 09:00:00', '2024-05-02 09:00:00'),
(3, 11, 2, '2024년 하반기 조직개편 안내',               '하반기 조직개편 및 인사발령 내용을 공지합니다. 자세한 내용은 인사팀으로 문의해주세요.',                                     210, NULL, '2024-06-20 09:00:00', '2024-06-20 09:00:00'),
(4, 12, 2, '본사 사옥 이전 안내',                       '8월 1일부로 본사 사무실이 강남으로 이전합니다. 새 주소는 추후 공지하겠습니다.',                                             95,  NULL, '2024-07-01 09:00:00', '2024-07-01 09:00:00'),
(5, 21, 3, '물류센터 안전교육 실시',                    '전 직원을 대상으로 물류센터 안전교육을 실시합니다. 참석은 필수입니다.',                                                     77,  NULL, '2024-06-10 09:00:00', '2024-06-10 09:00:00'),
(6, 28, 3, '신규 입사자 환영 안내',                     '이번 달 신규 입사하신 직원분들을 소개합니다. 많은 환영 부탁드립니다.',                                                       50,  NULL, '2024-09-16 09:00:00', '2024-09-16 09:00:00'),
(7, 31, 4, '개인정보보호 교육 의무 이수 안내',          '전 직원은 분기별 개인정보보호 교육을 반드시 이수해야 합니다. 미이수 시 인사상 불이익이 있을 수 있습니다.',                  180, NULL, '2024-08-05 09:00:00', '2024-08-05 09:00:00'),
(8, 35, 4, '리스크관리 정책 변경 안내',                 '카드 부정사용 대응 정책이 일부 변경되었습니다. 변경 사항을 숙지해주세요.',                                                   60,  NULL, '2024-08-20 09:00:00', '2024-08-20 09:00:00');


-- =====================================================================
-- ⑭ resource (예약 가능 자원) - res_type 은 ENUM('ROOM') 만 허용 (원본 스키마 표기 그대로)
-- =====================================================================
INSERT INTO `resource`
(`res_id`, `com_id`, `res_code`, `res_name`, `res_type`, `quantity`, `remark`, `created_at`, `updated_at`)
VALUES
(1, 1, 'RM-101', '대회의실',         'ROOM', 1, '최대 12인, 빔프로젝터 구비', '2022-01-10 09:00:00', '2022-01-10 09:00:00'),
(2, 1, 'RM-102', '소회의실 A',       'ROOM', 1, '최대 4인',                  '2022-01-10 09:00:00', '2022-01-10 09:00:00'),
(3, 2, 'RM-201', '본사 회의실',      'ROOM', 1, '최대 10인',                 '2023-03-20 09:00:00', '2023-03-20 09:00:00'),
(4, 2, 'RM-202', '스튜디오룸',       'ROOM', 1, '제품 촬영용',               '2023-03-20 09:00:00', '2023-03-20 09:00:00'),
(5, 3, 'RM-301', '물류센터 회의실',  'ROOM', 1, '최대 8인',                  '2023-05-25 09:00:00', '2023-05-25 09:00:00'),
(6, 3, 'RM-302', '본사 대회의실',    'ROOM', 1, '최대 15인',                 '2023-05-25 09:00:00', '2023-05-25 09:00:00'),
(7, 4, 'RM-401', '본사 회의실',      'ROOM', 1, '최대 10인',                 '2023-07-15 09:00:00', '2023-07-15 09:00:00'),
(8, 4, 'RM-402', 'IT팀 협업룸',      'ROOM', 1, '화이트보드 구비',           '2023-07-15 09:00:00', '2023-07-15 09:00:00');


-- =====================================================================
-- ⑮ reservation (자원 예약) - status : WAI(TODO)/APP(승인)/REJ(반려)
-- =====================================================================
INSERT INTO `reservation`
(`rev_id`, `res_id`, `com_id`, `emp_id`, `quantity`, `status`, `req_date`, `remark`, `updated_at`)
VALUES
(1, 1, 1, 2,  1, 'APP', '2024-05-10 09:00:00', '주간 운영회의',       '2024-05-10 09:05:00'),
(2, 2, 1, 7,  1, 'WAI', '2024-05-12 14:00:00', '고객 CS 미팅',        NULL),
(3, 3, 2, 14, 1, 'APP', '2024-06-01 10:00:00', '스프린트 회고',       '2024-06-01 10:05:00'),
(4, 4, 2, 16, 1, 'REJ', '2024-06-03 13:00:00', '제품 촬영',           '2024-06-03 15:00:00'),
(5, 5, 3, 23, 1, 'APP', '2024-07-01 09:00:00', 'WMS 진행상황 점검',   '2024-07-01 09:10:00'),
(6, 6, 3, 26, 1, 'WAI', '2024-07-05 15:00:00', '거래처 미팅',         NULL),
(7, 7, 4, 32, 1, 'APP', '2024-08-01 11:00:00', '마케팅 캠페인 회의',  '2024-08-01 11:05:00'),
(8, 8, 4, 39, 1, 'WAI', '2024-08-02 16:00:00', 'FDS 코드리뷰',        NULL);

-- =====================================================================
-- 끝.  총 4개 회사 / 부서15 / 직급15 / 직원40 / 권한7 / 프로젝트7 / 태스크14 /
--      결재양식8 / 결재문서8 / 결재선12 / 공지8 / 자원8 / 예약8
-- =====================================================================